91620011 00249 002490 024795 006208 026848 037421 009422 0210330 0210435 0010917 0011637 0214702 0015088 0415415 0016569 0217936 0218051 0018088 0118493 0019266 0020422 0022092 0023246 0023584 0224311 0324937 0025006 0025069 0326383 0026970 0228765 0029256 0030512 0335459 0035879 0236073 0038018 0039058 0039513 0339626 0040969 0040971 0041808 0042173 0043056 0443986 0244653 0248102 0348209 0049247 0049400 0249492 0249677 0250001 0251785 0051863 0051884 0052472 0254531 0055246 0256649 0057144 0357319 0257556 0258949 0059046 0259723 0060992 0261628 0061636 0061789 0062663 0262732 0063084 0064229 0264748 0066487 0066495 0266580 0068356 0068939 0069048 0069807 0070977 0072566 0074152 0074338 0074674 0074764 0075325 0075933 0076155 0076352 0276408 0276420 0077151 0077325 0078026 0078901 0080434 0081833 0082302 0082959 0283490 0083596 0085081 0085827 0087782 0088246 0288592 0090165 0091450 0091452 0091812 0092488 0093150 0094710 0094808 0095761 0095791 0295879 0296138 0096956 0098762 0098974 0099618 00100470 00100650 00101400 00102132 00102951 00103172 00104015 00104501 00105234 00106149 00108328 00108525 00110146 00110706 00110881 00110954 00111231 00111520 00112113 00112364 00113350
91620021 00497 00671 033496 034797 025197 026068 027164 029310 0210936 0111504 0416107 0416118 0318601 0218842 0320369 0326184 0229656 0031302 0236606 0336853 0338551 0240841 0342198 0247084 0058895 0058965 0060571 0064874 0366163 0069842 0270014 0071617 0071898 0081337 0084567 0087217 0088650 0089359 0090672 0291762 0092891 0092995 0293864 00103042 00103137 02107108 00109813 00111081 00112137 02112974
91620031 00328 04721 04952 04966 041436 001465 031556 031571 021618 021633 031739 022091 042614 022678 022816 043347 023435 023851 044126 004298 044305 004340 034520 044609 044877 034920 025050 045261 045277 005860 046646 026795 027397 028028 008038 008228 048355 008404 028765 029027 009295 049635 0010272 0010315 0010324 0011415 0011420 0011452 0411586 0011725 0412495 0012642 0212760 0312807 0313144 0413200 0013417 0213753 0314216 0214267 0314558 0414882 0014884 0314905 0015288 0015304 0015448 0215469 0415964 0016073 0016522 0016696 0216941 0417112 0217645 0017717 0217774 0418269 0318421 0318482 0018484 0218514 0418558 0318817 0418843 0018950 0218991 0219079 0219172 0419252 0119312 0219559 0019742 0019977 0321064 0321301 0321327 0021635 0423118 0023169 0023462 0423571 0323573 0423854 0423909 0224020 0224320 0324734 0225106 0025469 0025538 0225631 0025811 0025826 0025839 0225990 0026453 0426832 0226870 0026911 0227091 0227177 0227254 0027585 0227921 0227922 0028091 0028489 0028707 0229068 0229383 0029697 0330048 0030525 0230643 0430716 0031204 0432109 0432324 0332818 0333514 0033847 0034064 0034166 0034284 0034570 0234630 0334653 0234852 0435201 0235273 0035510 0335968 0235995 0036244 0036436 0036876 0236932 0036991 0037048 0237127 0037151 0037792 0038044 0338387 0038480 0038626 0238658 0238659 0038956 0239007 0339372 0039698 0040148 0240185 0440218 0040303 0040406 0440732 0041843 0041873 0042089 0342228 0242348 0243256 0043378 0043565 0243699 0244386 0044425 0444563 0145056 0045063 0045165 0045191 0045195 0345630 0445959 0346052 0046263 0446603 0446618 0046643 0246863 0046955 0047421 0047428 0047429 0347778 0348317 0048348 0049114 0349149 0449217 0049221 0249669 0049833 0050547 0050663 0350737 0050892 0051436 0051442 0351581 0251609 0251963 0052088 0252380 0052535 0052571 0052587 0252963 0053198 0353363 0053381 0053443 0253617 0053719 0053894 0054070 0254363 0354479 0054548 0054632 0255171 0055581 0055865 0255918 0056417 0056501 0056796 0056872 0057150 0057210 0057244 0357326 0058135 0058469 0258707 0058724 0259257 0359291 0059449 0059612 0059878 0060200 0360345 0260985 0060989 0061029 0061087 0061151 0061330 0061453 0061716 0062191 0262248 0062297 0062301 0062625 0062933 0263087 0063212 0063969 0063977 0064089 0264341 0064430 0264754 0065051 0365278 0265488 0066124 0266179 0366263 0066823 0067300 0067481 0067682 0067782 0067810 0368283 0068399 0368538 0068545 0068786 0068847 0069106 0069169 0069407 0270158 0370277 0070473 0070521 0070699 0071323 0071447 0271501 0071677 0371746 0271991 0072029 0072615 0372689 0372753 0072804 0072838 0072965 0073003 0073105 0073153 0073218 0073576 0073937 0073959 0273967 0074067 0374124 0074163 0074224 0074284 0074355 0374693 0074696 0075062 0275405 0075413 0275440 0275536 0075641 0075916 0076116 0076331 0076452 0076492 0076572 0276819 0076979 0077032 0077347 0077564 0077889 0277923 0278132 0078354 0078509 0278558 0078921 0079082 0079119 0079275 0079865 0280251 0080266 0080400 0080475 0080482 0080789 0081053 0081145 0081223 0081369 0081389 0081581 0081594 0281602 0081627 0081646 0081838 0081929 0082141 0082160 0082225 0082319 0082348 0082377 0082559 0082711 0082790 0383027 0083315 0083400 0083854 0084060 0484177 0084355 0084356 0084388 0084414 0084437 0084467 0284709 0084778 0084880 0084975 0085402 0385498 0085800 0086017 0386056 0086065 0086085 0086292 0387044 0087108 0087310 0087351 0087451 0087888 0088059 0088094 0088593 0088597 0088770 0088940 0089096 0289176 0089257 0089442 0289591 0089982 0090328 0090740 0490864 0091113 0091359 0092006 0092031 0092388 0292524 0093072 0093111 0093304 0093331 0093467 0093545 0093575 0093823 0294430 0094603 0094646 0094683 0095157 0095253 0095501 0295899 0095915 0095949 0096232 0296458 0096467 0096621 0396791 0396855 0297219 0098026 0099101 0099477 0299804 0099828 00100008 00100199 00100427 00100515 00100774 02100834 00101141 00101285 00101452 00101456 00101793 02102090 02102490 00102522 00102587 00102718 00103098 00103238 02103630 00104307 00104416 00104477 00104569 00105339 00105552 00105922 00106396 00106595 00106652 00107448 00107769 00108314 03108692 00109096 00109257 00109532 02109573 00109704 00109851 02109966 00110077 00110248 00110494 00110616 00111356 00111734 03111988 00111998 00112161 00112311 00112327 00112916 03113332 00113437
91620041 04404 03635 021012 021251 001503 041921 022231 023071 003275 043797 023815 044246 035825 005999 026040 046106 026203 026294 006650 027569 007683 038605 048827 048861 008971 028981 039014 009080 029280 039464 029770 039817 009838 0310196 0410244 0310652 0110709 0011006 0011104 0311244 0211568 0211648 0212444 0012816 0013251 0313255 0013527 0213629 0013642 0214527 0214638 0414712 0014871 0014985 0014997 0015338 0015410 0016078 0216528 0316736 0216916 0317637 0017909 0218027 0318067 0218337 0219035 0219677 0019810 0020001 0020444 0220821 0020946 0420998 0021025 0321557 0421978 0022351 0022435 0322559 0022757 0223137 0023501 0023876 0324047 0324132 0024637 0226549 0227026 0327225 0027297 0028456 0228517 0428621 0029120 0229143 0229479 0030315 0330478 0031528 0031761 0232685 0233709 0033789 0034927 0335419 0135674 0235848 0336422 0036696 0037562 0037771 0038117 0238171 0038311 0038737 0438805 0338881 0239478 0339773 0039839 0240723 0040832 0041321 0041438 0041924 0042715 0042843 0243364 0043548 0044335 0245978 0446275 0046811 0347133 0047774 0047877 0048419 0348596 0249049 0049136 0349278 0249379 0249634 0249957 0250073 0050089 0050740 0250823 0051038 0051140 0051961 0052235 0452426 0253018 0053039 0253047 0253559 0053663 0054104 0054182 0054300 0254950 0055257 0356117 0256401 0256746 0359402 0059607 0059651 0059735 0260808 0061489 0362911 0262932 0263045 0263143 0063316 0263544 0364987 0065134 0065356 0065593 0065695 0265728 0266670 0067174 0067660 0067956 0068263 0068570 0068580 0069153 0269219 0069471 0070143 0070662 0071223 0371357 0271733 0272333 0272630 0072825 0272932 0073563 0073844 0075138 0075782 0276115 0276496 0276906 0077136 0077168 0077328 0077447 0377688 0077810 0077811 0078316 0378419 0278420 0078562 0278634 0279566 0079644 0279727 0279962 0080424 0380452 0080459 0080712 0081179 0081298 0081525 0081624 0281631 0081701 0081928 0082461 0082546 0282550 0082598 0082895 0083006 0083085 0283258 0283405 0283494 0084014 0084270 0084549 0384768 0084939 0085108 0085445 0085608 0085769 0086419 0087143 0087155 0087304 0087845 0388189 0388249 0088692 0288823 0289105 0089124 0289370 0289574 0089612 0089615 0290542 0090847 0291238 0391572 0091638 0091973 0092026 0092572 0092639 0093335 0093944 0094295 0094388 0094872 0095350 0095373 0296134 0096220 0096568 0096841 0097066 0097370 0097540 0097590 0097851 0398643 0098920 0299547 00100032 00100089 00100542 00100923 00101022 02101167 00101247 03101628 00102354 00103102 00103147 00103479 00104084 00105055 00105328 00105398 02105628 00105787 02106087 00106596 00107341 00107784 00107791 02108429 00108718 00108761 00108795 00108816 03108983 00109249 02109595 00109916 00110354 00110383 00110889 00111095 00111370 00111423 00111844 00112066 00112402 00112722 00113142 02113323 03113464 00113506 02113544
91620051 04164 04284 041501 041643 042142 042322 002498 042796 043837 043978 005037 046550 016781 027800 038344 0410111 0210165 0010633 0410909 0211507 0411898 0413595 0413844 0418755 0220199 0220653 0221700 0422296 0322638 0424186 0425230 0025379 0426802 0327605 0228534 0028942 0232186 0032611 0035417 0336029 0236111 0036298 0237025 0038341 0039299 0440720 0240884 0041440 0241963 0042077 0442086 0042308 0042672 0443435 0043470 0044093 0244962 0446105 0047898 0050902 0053261 0053761 0053877 0054419 0055528 0056218 0056986 0458395 0059357 0059605 0262403 0063719 0264786 0265216 0465501 0365913 0366131 0267842 0068537 0268572 0471418 0072252 0072775 0074794 0075378 0077077 0078842 0080292 0080503 0081076 0082903 0283916 0087004 0087244 0087778 0389445 0090059 0090238 0091663 0092274 0094482 0096340 0098119 00100245 00100494 02103236 00104824 00107416 00108498 00108523 00109258 00110650
91620061 02917 031312 001956 041960 042290 003038 023429 023731 003998 024764 005208 026283 006980 007262 008204 018417 008485 008994 009624 0010502 0010964 0011271 0011779 0011868 0312926 0014452 0014614 0415015 0215130 0015302 0016382 0017175 0417794 0019844 0319872 0220274 0320545 0020655 0221033 0022562 0022640 0322670 0322755 0423196 0023640 0024233 0024282 0024991 0025158 0027200 0027960 0128660 0229194 0230722 0031061 0032394 0033496 0033783 0034051 0034397 0035369 0035472 0035573 0035949 0038469 0038511 0038924 0039057 0041020 0041682 0042145 0042444 0043314 0043360 0043502 0044104 0044486 0044556 0445309 0245314 0045335 0046712 0047443 0047661 0347781 0047782 0047879 0048313 0048676 0048692 0048712 0049526 0049851 0050428 0050659 0050834 0051071 0051251 0051272 0052271 0052296 0052471 0053253 0053438 0053494 0054251 0055358 0055725 0056034 0056444 0058039 0058152 0058363 0058399 0058449 0058877 0059540 0059949 0060181 0060761 0060784 0062417 0062651 0062706 0062728 0063365 0063861 0063940 0064057 0064636 0064931 0065420 0065968 0066560 0066705 0067064 0068003 0368725 0068938 0068966 0069301 0069585 0069743 0070172 0070761 0071237 0071292 0071607 0072789 0072990 0073051 0073129 0073261 0074233 0074241 0074610 0075012 0075531 0076188 0076473 0076875 0077298 0078083 0078136 0079316 0079391 0279416 0079725 0079795 0081255 0381342 0081478 0081770 0081911 0081930 0082005 0082900 0083176 0283221 0083730 0083966 0084416 0084508 0084943 0085143 0086324 0087038 0088018 0088337 0088373 0089036 0089076 0089142 0089710 0089959 0090105 0090468 0090629 0090876 0091353 0091612 0091630 0091843 0091917 0092013 0092139 0092444 0092657 0093156 0093222 0093360 0093364 0093669 0093692 0093738 0093742 0094414 0094643 0094836 0095129 0096107 0296704 0097534 0097551 0297767 0097898 0097903 0298047 0098433 0099623 00100005 00100062 00100163 00100166 00100424 00100890 00101277 00101536 00101857 00101881 00102491 00102646 00102817 00102823 00103164 00103344 00103588 00103729 00104185 00104378 00104603 00104919 00105403 00105697 00105743 00105818 00106441 00106662 00106804 00106896 00107130 00107378 00107541 00107544 00108021 00108516 00108917 00108993 00109068 00109569 00109749 00109898 00110411 00110888 00111656 00112149 00112200 00112326 00112474 00112572 00112644 00112689 00113064 00113573
91620071 0456 00299 041008 021031 001106 001726 001814 001975 032298 042338 022390 022593 033098 023136 003304 023552 043605 033921 004174 034186 034243 024287 044992 005010 005029 005256 025270 045895 036021 006105 026124 026227 036359 046469 036924 006944 037018 027928 037961 038368 039461 009465 039525 0210188 0010356 0410495 0310663 0010847 0211045 0411227 0411312 0011323 0311533 0211766 0011810 0011843 0312086 0412318 0012962 0013032 0213283 0213414 0313815 0013965 0413997 0314189 0014567 0214715 0114750 0315078 0315135 0215209 0015371 0315653 0415745 0015925 0216062 0416102 0116264 0216413 0016668 0216672 0416829 0316947 0017059 0417141 0417480 0317607 0017654 0017802 0417840 0018048 0218070 0418171 0018464 0318648 0018787 0318990 0019117 0319209 0219301 0019422 0319584 0219754 0220272 0220286 0220364 0420488 0320540 0221143 0221154 0021217 0321512 0321650 0421704 0321721 0022157 0322276 0322458 0422565 0222868 0023261 0424499 0024569 0224583 0324676 0025225 0025400 0325563 0025759 0225776 0025797 0326057 0226090 0026370 0027013 0427134 0427706 0227826 0328040 0029103 0229464 0329883 0030100 0030547 0030644 0030726 0330970 0231083 0031157 0231557 0031823 0432043 0232326 0332591 0432749 0032762 0233199 0233451 0333544 0233678 0233801 0034116 0034205 0034308 0034463 0234645 0334756 0334781 0034802 0235120 0035254 0035264 0035577 0435606 0035732 0235920 0036037 0036255 0436477 0336584 0336715 0036761 0036968 0237426 0237442 0037446 0237544 0337600 0037834 0337971 0038115 0238287 0038569 0338580 0038608 0038764 0238931 0038971 0239099 0039132 0039247 0339260 0039487 0339488 0339499 0040037 0340150 0440277 0440314 0040425 0040505 0040567 0041037 0041404 0041562 0341691 0241699 0441871 0042092 0242520 0342560 0442634 0342998 0043131 0343203 0343671 0043729 0444162 0044320 0344417 0244583 0044819 0244878 0344949 0045267 0345418 0045579 0045897 0046333 0446391 0246459 0346614 0046734 0046737 0047322 0047478 0047605 0447621 0248055 0048137 0048150 0348211 0448393 0048528 0248985 0049249 0049262 0249389 0049485 0049487 0249642 0049817 0049997 0050076 0050163 0050298 0450303 0050341 0450385 0250526 0050709 0050792 0050878 0050923 0051041 0251083 0051171 0251316 0051539 0051548 0052010 0052066 0252829 0353135 0053174 0253495 0053796 0054268 0054269 0054416 0054514 0054563 0054821 0055017 0055743 0055811 0455834 0055928 0256136 0256378 0356646 0056667 0257162 0257654 0058048 0058461 0358866 0058995 0059254 0259506 0059772 0059827 0059945 0060384 0260399 0060485 0060941 0061418 0061518 0261595 0061781 0061987 0061992 0062076 0062285 0062399 0362679 0062715 0262811 0362867 0063012 0063044 0063485 0063727 0064156 0064302 0064316 0264449 0064646 0064722 0265005 0065009 0065040 0065049 0065284 0265454 0065551 0265567 0365580 0065616 0065618 0365839 0066040 0066519 0066639 0066725 0066873 0066900 0066954 0067024 0067120 0067209 0067375 0067485 0067509 0067537 0067561 0067854 0267982 0068721 0068728 0268858 0069416 0069535 0069553 0069779 0069782 0069790 0069936 0069987 0070041 0070218 0070355 0270616 0070741 0070886 0071082 0271115 0271226 0071502 0271548 0071562 0471759 0071872 0372087 0072223 0072269 0372628 0072815 0372975 0073138 0073341 0073374 0073495 0073501 0273685 0073926 0274076 0074500 0074955 0275051 0075528 0075616 0075620 0275724 0375860 0075996 0276028 0076233 0076360 0276371 0376561 0376596 0076817 0077010 0077045 0077273 0077332 0077455 0077677 0077708 0077744 0078230 0078738 0079036 0079545 0079556 0079623 0079697 0079717 0279804 0080109 0080112 0280279 0080384 0080531 0080544 0080628 0080896 0080897 0080909 0281153 0081324 0081408 0081417 0081725 0081881 0282021 0082028 0282248 0082394 0082419 0082504 0082540 0083082 0083149 0083375 0083481 0283740 0083895 0284213 0084347 0084670 0084676 0384844 0084893 0084937 0084967 0085061 0085425 0085440 0085637 0085759 0085776 0386114 0086658 0086717 0086975 0087030 0387139 0087147 0087267 0087561 0087746 0087889 0087951 0287980 0088031 0088090 0088103 0088259 0088289 0088292 0088391 0088462 0088524 0088654 0088658 0088965 0088989 0089146 0289203 0289212 0089731 0389843 0089873 0090107 0090185 0090382 0090429 0390556 0290719 0090920 0091002 0391294 0091307 0091423 0091424 0091697 0091714 0091801 0392115 0092218 0092405 0092585 0092622 0392941 0093065 0093256 0093293 0093306 0093515 0093599 0393700 0093826 0094142 0094488 0094554 0094577 0094663 0095079 0095083 0095105 0295351 0095359 0395389 0295404 0095864 0295886 0096021 0096035 0096320 0096474 0096538 0096551 0096702 0096735 0096890 0096953 0097003 0097294 0098118 0098379 0098492 0098876 0299144 0299247 0099296 0099406 0099577 0099730 0299831 0099978 00100017 00100172 02100178 00100346 00100356 00100552 00100687 00100782 02100823 00100826 00101220 00101864 00101976 00102336 00102394 00102410 02102578 00102586 00102814 00103101 00103347 02103444 00103527 00103725 00103731 03103859 00103962 00104056 03104555 00104671 00104927 00104954 00105404 00105747 02105773 00106309 03106631 00106654 00106773 00106979 00107028 00107089 00107345 00107580 00107625 00107948 00108146 00108260 00108655 00108721 00109006 00109022 00109150 00109165 00109293 00109662 02109826 00110081 00110133 00110389 00110775 00110867 00111240 00111358 00111366 00111721 00112163 00112276 00112393 00112708 00112725 00112797 00112818 00112969 00113138 00113182 00113190 00113193 00113331
91620081 03139 03188 03321 04566 03642 03953 031225 041247 041433 041466 001506 021550 031640 041692 031797 021981 002155 022261 032474 032569 002641 032760 032969 033160 043273 023286 023443 023446 033502 023503 033536 043669 033720 033891 043964 024018 034118 034201 034342 044548 034696 034745 034751 024752 034878 034950 035024 035292 035452 035555 045557 025562 005619 035673 026115 036118 036217 036424 036497 026536 026913 027140 037307 007346 037351 037543 047564 047684 037821 028314 048479 038722 038807 038826 028868 048913 038939 028952 039172 039180 049253 039490 039596 039726 049748 039866 039888 039891 039942 0010071 0410115 0310181 0310404 0310571 0310779 0311467 0211530 0011620 0211672 0211771 0211777 0011796 0411889 0011926 0311928 0312004 0312114 0112199 0312212 0212458 0312535 0412605 0312651 0312716 0312979 0313137 0313213 0413307 0013317 0313378 0013499 0313591 0013616 0313624 0213750 0213804 0013951 0213969 0314157 0314375 0214380 0314422 0414445 0314499 0414540 0114630 0314643 0314665 0314690 0314854 0314945 0015045 0015152 0315638 0315676 0315710 0315829 0315909 0416002 0316022 0316251 0316308 0316412 0316417 0316564 0316695 0316705 0017000 0317004 0317034 0017309 0217947 0318457 0018538 0318540 0318542 0318549 0318795 0319411 0219415 0319557 0319704 0419858 0319907 0320078 0320177 0320190 0020222 0420333 0420603 0020621 0320833 0320934 0321007 0021126 0321214 0321319 0321331 0321498 0321543 0321633 0021773 0322080 0322123 0322502 0322554 0323090 0323303 0023624 0223756 0323870 0323941 0324036 0324066 0324128 0424151 0224324 0324338 0424432 0024449 0024645 0324820 0225071 0325358 0025364 0325365 0025481 0325485 0325490 0025570 0425636 0325655 0225853 0325969 0325970 0326047 0026069 0326172 0226221 0326575 0026668 0326769 0026859 0326991 0327191 0327335 0227352 0327382 0327433 0327506 0327520 0327564 0027840 0327977 0328012 0328072 0328111 0228134 0228333 0228369 0428388 0328446 0328774 0428871 0428969 0029363 0329535 0329545 0329587 0229789 0329832 0229898 0329906 0330116 0430258 0330331 0330369 0330470 0330535 0330583 0230727 0330772 0230843 0330877 0330964 0331097 0331221 0231354 0331418 0331441 0231577 0431638 0331815 0431857 0231863 0332051 0032310 0332330 0332408 0332601 0032908 0233019 0333130 0033253 0233300 0333326 0233347 0333395 0333475 0333490 0333551 0333573 0333745 0333865 0034151 0334276 0334361 0334403 0334519 0234534 0034888 0335031 0335370 0335468 0335713 0036031 0236203 0036340 0436580 0236808 0336907 0037083 0337095 0037264 0337330 0237347 0237561 0337661 0237742 0337964 0338351 0038489 0338501 0338534 0438717 0238755 0338826 0339205 0239214 0339276 0339319 0239521 0339595 0339607 0039615 0339810 0039817 0340104 0240781 0040801 0340802 0041092 0341125 0341266 0241326 0241489 0341703 0241771 0041884 0341966 0342216 0042242 0042306 0342379 0042381 0342385 0342526 0042624 0342679 0342699 0342822 0243138 0043236 0043365 0443427 0043642 0043697 0243846 0344053 0044110 0344206 0244435 0344513 0344712 0344884 0344906 0345087 0345363 0045830 0046347 0046387 0346450 0346535 0046671 0246685 0346803 0047346 0347639 0347689 0047841 0347847 0448057 0348363 0348513 0348743 0248753 0248841 0348898 0248910 0048974 0249775 0349798 0349964 0049970 0350045 0250293 0350302 0350541 0350602 0350888 0051185 0351193 0351357 0351453 0251484 0051671 0351771 0351888 0352364 0052514 0252708 0352714 0252795 0352903 0052941 0052970 0353004 0353110 0353421 0353431 0353454 0353464 0353532 0353929 0254353 0354439 0354675 0254769 0355098 0355233 0355380 0255438 0055629 0355723 0355801 0055826 0255882 0256240 0256254 0056300 0056426 0056449 0057008 0257147 0257297 0057392 0057869 0057917 0357938 0358078 0358281 0358293 0058328 0358374 0058495 0358666 0358778 0058913 0058948 0259003 0359021 0059100 0359221 0059295 0259407 0059553 0059576 0359747 0259958 0360015 0360114 0060155 0360713 0060737 0260895 0261188 0061551 0361695 0361814 0361996 0362061 0062092 0362185 0062300 0262581 0062598 0062638 0362682 0062790 0362885 0363427 0063526 0063583 0263615 0363729 0063735 0363748 0263835 0063934 0064037 0264050 0364091 0364196 0064240 0364274 0364278 0064293 0364352 0064460 0364776 0064938 0065279 0365456 0365490 0065960 0266380 0366474 0066732 0066781 0066808 0366849 0266881 0266965 0367099 0067325 0467450 0067602 0267635 0367652 0267721 0267832 0267902 0068133 0368339 0368370 0368605 0068639 0268687 0068756 0368768 0068884 0369145 0069293 0269340 0369390 0369609 0369637 0369650 0369707 0069789 0370151 0370371 0371023 0071052 0471119 0071138 0371283 0271336 0071445 0371612 0372424 0372553 0073193 0273243 0073320 0073353 0373413 0373450 0373453 0073562 0373841 0073863 0374259 0274289 0074473 0074581 0074661 0074700 0075056 0375203 0075406 0275495 0075716 0375836 0475849 0376207 0276759 0376801 0376938 0077035 0477488 0077558 0077579 0077745 0077852 0378379 0078405 0278436 0378529 0079658 0079672 0080194 0280522 0080592 0081026 0081230 0081372 0082001 0282232 0082277 0282369 0382463 0282755 0082838 0082858 0382886 0083188 0283209 0383397 0083418 0083531 0383571 0083712 0283757 0383779 0084384 0084529 0385246 0085250 0085372 0085472 0085962 0086093 0386375 0086493 0286781 0086849 0086998 0087028 0387850 0087870 0087942 0088414 0288449 0088556 0388676 0088847 0388982 0289538 0389618 0289695 0289744 0389831 0389975 0290046 0090057 0090354 0290492 0290527 0090557 0090637 0290845 0391476 0091503 0291545 0091649 0091672 0292202 0092439 0392584 0092679 0292728 0092775 0092853 0093167 0093302 0393376 0093468 0393705 0394478 0095290 0095314 0095477 0095665 0096078 0096224 0296519 0097155 0097166 0297223 0097525 0097706 0097890 0097927 0097956 0297990 0298207 0398233 0398293 0098339 0098342 0098444 0398626 0098846 0398944 0099501 0399524 0099672 0099704 0099966 00100175 00100392 03100638 00100643 00101175 00101675 04101835 00102063 00102154 00102184 00102318 03102358 03103007 00103083 00103090 00103318 00103386 00103500 00103549 00103654 03103696 02103772 00103878 03103904 02104103 03104120 00104349 00104741 00104829 00105083 03105120 00105132 02105478 00105575 00105661 02105850 03106040 00106054 00106065 00106168 00106561 00106919 03107189 00107317 03107384 00107406 02107430 00107612 02107775 00107830 00107838 02107933 03108066 00108564 00108589 00109035 00109121 02109376 00109465 02109536 00109586 03109930 02109968 03110003 00110076 00110167 00110369 00110500 03110589 00110638 02110739 03110753 00110769 00110788 00111415 03111449 02111955 00112084 00112186 00112865 03113394
91620091 02500 00572 04812 021674 043270 023576 023980 025180 025962 038477 049028 019316 029859 0310291 0310856 0313132 0213604 0214545 0215060 0415166 0216119 0317888 0020580 0220843 0322240 0022256 0222825 0224329 0224702 0224905 0226960 0227087 0228145 0229677 0230849 0231454 0332573 0237213 0237645 0239528 0239979 0240241 0340498 0240911 0343079 0343799 0045414 0245552 0245876 0246016 0246774 0247155 0247306 0047744 0348982 0254165 0054335 0255124 0255323 0255456 0255613 0256203 0056309 0258133 0258201 0258515 0259269 0360914 0362696 0363328 0263697 0264044 0264343 0464797 0064915 0364981 0265869 0066783 0268165 0268645 0070716 0272076 0272978 0374605 0376014 0276553 0278233 0280015 0082178 0285451 0086123 0287648 0287697 0288653 0089496 0289682 0089791 0291404 0091939 0292078 0093044 0295787 0095854 0096108 0296185 0297236 0297326 0098649 0099199 0099307 02102838 02103205 02103648 00105476 02106110 02106289 02107232 00109186 00110001 02110511 02111505 02112120 00112691 03113420
91620101 04171 03390 02475 00519 03625 00637 03755 00835 00863 021233 031276 021422 031434 031665 001710 031720 031749 021810 031822 021905 002074 032354 032421 022462 032467 032480 042560 032687 002888 032945 002964 023003 023190 033196 033330 033415 023698 033828 043894 033907 003923 034000 034054 034061 024062 034099 034153 034198 024269 024358 034525 034675 004709 034711 034740 034853 034892 004991 035075 025184 035289 035409 025463 025594 035639 035680 005700 035722 045958 005965 046034 036206 036271 026381 046397 036539 006692 046834 006886 026941 006948 006964 046973 037025 007468 007588 027611 007612 037619 007708 037719 027727 037756 007797 007849 038120 038171 038312 038384 038471 028545 048653 048714 008903 028930 009043 039045 009388 009401 039428 009430 009451 029583 039826 009834 039925 0310105 0410178 0310269 0210294 0310358 0310424 0010569 0310583 0310600 0210749 0310768 0010862 0411083 0311203 0311268 0011397 0311587 0411726 0311764 0311996 0012053 0312077 0312131 0012291 0212461 0212493 0312544 0312659 0212724 0212797 0012809 0012902 0212965 0313047 0313071 0013194 0313277 0213400 0213404 0313469 0213475 0313558 0313749 0113802 0013930 0313947 0413949 0214013 0314078 0314201 0214272 0214403 0314407 0314641 0414723 0214824 0314862 0415085 0315326 0315412 0315429 0315613 0315615 0215673 0315720 0315800 0315882 0215975 0416098 0316124 0016232 0016336 0316344 0316432 0016476 0016504 0016538 0216720 0316748 0316813 0316928 0017329 0317345 0317362 0017396 0417629 0317708 0317800 0317850 0218122 0218140 0018214 0318301 0318444 0318465 0218623 0318903 0318981 0419237 0319485 0319488 0019539 0319560 0019612 0319796 0219818 0019937 0320106 0020146 0020227 0020368 0020380 0020462 0220537 0020639 0220641 0220723 0421220 0321234 0021279 0421402 0321421 0021544 0421688 0021729 0021839 0221915 0222068 0422259 0022327 0222386 0322477 0022579 0422607 0022666 0022831 0022967 0323027 0223328 0323341 0323427 0023432 0423526 0223605 0023748 0323768 0223962 0223966 0324079 0024169 0024288 0324497 0224651 0324723 0225160 0325168 0025202 0025264 0225348 0325598 0325680 0225808 0326006 0326111 0226191 0326275 0426485 0326580 0426681 0026694 0326827 0226831 0026880 0026951 0226983 0327017 0227049 0227071 0327283 0027435 0327454 0027460 0327538 0227571 0227586 0327591 0027603 0327694 0027807 0327867 0427953 0028018 0228117 0328188 0028194 0028196 0228201 0028457 0328528 0428540 0228601 0028607 0028924 0329040 0029153 0229362 0229404 0329489 0329498 0029552 0029679 0030006 0230030 0430121 0030182 0030269 0330388 0030648 0230660 0330679 0330865 0330890 0031030 0231169 0031255 0331266 0231460 0231493 0331495 0331513 0331522 0231632 0231775 0331819 0432018 0232147 0432173 0332250 0032307 0232317 0032377 0032614 0032691 0232756 0233147 0033193 0033399 0033459 0033519 0033546 0333566 0333611 0233686 0233689 0233821 0333889 0334036 0334139 0034304 0234404 0334409 0034738 0334809 0134834 0034872 0334955 0035052 0235068 0235207 0435215 0335280 0035387 0035523 0335585 0335590 0035592 0335700 0435716 0335819 0335841 0335852 0035859 0335966 0235974 0036124 0336136 0036349 0036394 0336400 0036682 0336799 0236978 0337116 0237129 0037153 0337174 0037252 0037393 0337444 0337741 0337861 0037973 0337995 0237998 0038008 0338139 0338141 0038183 0038244 0338371 0238403 0038526 0438553 0338577 0238747 0338888 0238918 0038939 0339035 0239165 0039173 0039473 0039639 0339741 0039948 0340073 0240123 0040173 0240245 0240247 0040340 0340517 0240549 0040708 0040747 0240848 0040849 0240889 0440897 0341179 0341204 0341214 0241339 0041395 0341413 0041484 0341517 0341655 0341721 0242022 0042028 0342034 0342143 0042172 0242254 0042346 0342353 0042700 0042805 0042959 0242969 0042973 0043066 0043318 0343391 0043436 0243542 0043599 0343682 0043713 0243781 0243911 0044171 0044185 0244216 0044273 0044401 0344626 0244671 0044727 0044770 0044793 0044857 0044880 0444950 0045010 0345039 0345074 0045248 0245338 0045340 0345514 0345547 0045611 0345762 0345808 0045828 0245919 0346299 0346311 0246355 0246386 0046587 0346665 0346674 0246679 0046749 0346772 0046791 0046801 0046962 0247031 0247054 0247126 0047140 0247330 0247361 0347437 0047551 0247602 0047619 0347632 0047850 0047934 0348037 0048153 0048338 0348434 0048455 0248468 0348504 0048506 0048544 0048589 0048638 0048733 0248813 0248867 0048948 0349223 0349246 0049289 0049505 0049685 0349772 0049847 0050017 0250095 0050199 0250335 0350747 0250873 0350905 0350977 0251019 0051061 0051116 0351209 0251236 0351334 0451377 0351381 0051455 0051580 0051597 0351664 0051758 0051943 0052207 0352272 0352411 0052444 0352445 0352527 0252556 0052606 0052719 0052793 0052808 0352809 0352823 0352839 0052874 0252976 0253067 0053089 0053096 0253210 0053224 0353246 0353304 0053308 0353330 0253447 0353580 0353591 0253636 0053841 0053865 0053980 0254062 0354069 0054074 0354257 0054321 0054465 0254626 0354637 0054737 0054761 0055080 0255201 0055250 0055269 0355320 0055374 0355592 0355715 0055726 0055839 0055955 0255961 0056231 0256304 0256579 0056632 0356709 0056901 0357028 0257099 0057123 0257142 0357264 0457353 0057461 0057613 0058091 0058216 0358267 0058581 0058680 0058717 0058786 0058811 0258875 0358903 0059047 0059145 0059159 0059216 0059258 0059354 0059458 0359488 0359653 0359831 0059913 0059976 0059997 0360243 0060315 0060395 0060431 0060475 0360818 0060890 0261060 0061117 0361176 0061177 0261426 0261432 0061523 0361528 0261631 0362273 0062444 0362493 0062578 0362591 0062693 0362701 0062874 0062884 0063017 0063058 0263289 0063345 0063360 0063399 0363400 0063413 0363553 0363625 0263787 0063967 0064134 0064354 0064507 0064563 0264568 0364699 0064732 0064765 0065250 0065315 0065527 0265774 0065932 0065956 0066074 0366075 0366332 0266449 0366455 0066486 0366556 0266607 0066923 0366985 0066987 0267091 0067518 0367625 0067961 0068060 0268079 0068327 0068374 0068450 0268593 0068964 0069000 0069006 0069077 0269097 0069119 0269170 0269209 0069292 0069336 0069758 0069786 0069848 0269996 0370001 0070208 0370367 0070380 0070694 0270708 0270898 0270901 0371030 0371171 0471247 0071377 0371506 0371626 0071697 0271843 0272002 0372307 0072535 0072593 0072683 0372762 0272772 0472860 0072895 0373036 0073062 0073099 0373135 0073232 0373277 0073431 0073507 0073639 0073808 0073828 0373839 0073845 0373877 0374042 0374149 0074154 0074278 0374344 0074436 0074538 0074621 0074653 0474687 0074694 0374918 0275039 0075053 0275116 0075169 0075198 0275209 0375306 0275314 0275356 0075379 0075431 0075718 0075766 0075909 0076244 0076344 0276417 0076451 0276610 0276660 0076693 0076704 0076881 0077218 0077220 0077306 0077431 0077432 0077445 0077661 0077710 0077733 0077799 0277839 0377938 0078098 0278168 0078219 0078302 0078343 0378371 0378478 0078777 0278797 0378897 0079064 0079219 0079228 0279347 0279476 0379996 0380133 0080332 0380357 0080388 0280398 0080559 0380655 0080883 0081151 0081178 0281304 0281334 0081364 0281540 0081685 0281715 0281732 0081735 0081796 0381875 0382101 0082180 0082191 0082545 0082563 0082709 0082713 0082821 0082855 0082870 0083011 0283099 0383215 0083272 0083543 0383548 0083609 0083741 0083761 0083765 0083785 0383880 0083953 0084073 0084128 0084172 0084189 0384244 0084252 0284411 0084463 0384506 0284641 0084646 0284736 0384743 0384878 0084947 0085025 0385098 0085235 0085286 0085429 0085477 0085627 0085727 0085779 0085812 0085821 0085835 0085996 0086027 0086250 0386556 0086659 0286743 0386971 0087027 0087104 0287113 0087141 0387175 0087491 0087532 0087645 0087696 0087780 0087903 0087989 0087995 0088015 0088079 0088080 0088091 0088199 0088415 0388436 0088547 0088581 0088616 0288726 0088778 0088902 0088922 0088934 0088967 0089057 0289090 0089164 0089167 0089254 0389356 0089377 0389400 0089502 0089613 0089648 0089662 0089696 0089870 0289952 0090082 0290192 0090323 0090374 0090390 0390491 0290540 0290839 0090859 0090945 0090976 0291046 0091055 0091190 0091196 0091210 0391259 0091344 0091550 0091721 0391776 0091814 0091854 0392214 0092259 0092265 0392393 0392417 0092433 0292446 0092792 0092928 0092994 0093046 0093139 0093166 0393249 0093451 0093455 0093606 0093726 0093728 0093744 0093753 0093792 0093849 0094026 0094254 0094271 0394323 0094494 0294641 0394716 0094903 0094974 0094981 0095046 0095078 0095128 0095180 0295272 0395304 0095402 0095578 0095749 0095793 0295889 0095918 0295961 0296509 0096657 0096685 0296710 0096738 0096775 0096796 0096965 0097224 0097656 0098200 0098367 0098538 0098565 0398567 0098642 0098652 0398681 0398838 0099038 0099126 0399174 0099189 0099192 0099340 0499372 0299393 0099597 0099692 0099886 0099895 0099932 0099954 0099955 0099986 00100200 00100259 03100301 00100504 00100713 00100745 00100775 00100998 00101010 00101129 00101147 03101174 00101338 00101382 03101399 00101462 00101485 02101560 00102026 02102097 00102148 03102270 03102366 00102437 00102503 00102528 00102529 00102640 00102740 03102949 02103009 02103016 00103072 00103171 03103184 00103202 00103265 00103468 00103713 00103755 00103946 02104221 00104362 00104430 00104475 00104683 00104697 02104709 02104816 03104916 00104947 03105109 00105119 00105232 00105436 00105494 02105503 00105593 03105744 00105771 00105852 00105854 00105858 00106022 00106058 00106141 00106211 00106225 00106343 00106570 00106707 02106805 02106830 00106954 00107015 00107141 00107185 02107227 00107421 00107556 00107653 00107654 00107692 00107699 00107770 00107808 03107819 00107834 00107979 03108044 00108154 00108227 02108277 00108283 00108431 00108452 00108580 00108583 03108628 00108672 00108818 00108883 02108944 00108997 03109003 00109056 00109543 00109581 03109791 00109824 00109853 02110021 00110089 00110110 00110271 00110422 00110617 00110687 00110748 00110811 00110878 00110927 03110934 00111146 00111166 02111174 02111388 00111485 00111607 00111615 00111733 00111805 00111901 00112064 00112167 00112330 02112429 00112456 00112733 02112848 03113012 00113203 00113222 00113443 00113460 03113498 00113512
91620111 0460 03192 03318 03620 001045 001117 001303 031836 031879 022017 032067 042598 013041 003272 033328 033610 033622 003829 034628 034737 004780 005451 045686 006066 036326 046895 026987 037248 037332 008013 008249 028590 008960 008964 049001 029053 049408 049546 009784 029971 0210122 0010166 0010767 0010906 0011173 0311961 0012249 0312295 0012562 0412731 0012775 0013131 0113232 0313246 0313509 0013523 0013781 0013859 0013938 0313993 0014415 0314420 0014524 0014697 0014738 0415256 0415352 0315396 0015485 0315682 0315789 0416038 0016044 0016428 0316744 0216767 0216769 0316944 0316969 0417130 0017173 0217253 0017306 0217563 0017678 0017866 0317897 0018093 0018450 0018713 0018807 0319030 0319216 0019309 0319776 0319809 0419866 0020196 0320242 0220392 0320693 0320782 0020913 0020923 0320953 0321148 0021673 0321787 0421828 0022076 0022112 0022799 0022836 0022863 0022919 0023016 0023024 0323110 0023213 0323350 0223628 0023801 0323860 0324359 0224751 0025061 0425795 0326653 0326766 0026776 0027197 0427274 0327404 0327540 0427607 0227616 0327717 0327880 0027944 0028385 0028462 0028652 0028846 0429000 0029067 0029377 0329442 0029512 0029602 0029689 0030151 0030373 0030574 0330778 0330905 0031017 0031368 0031570 0031962 0032188 0032575 0032720 0232799 0032889 0033105 0033173 0033266 0033325 0033360 0033550 0433713 0033747 0333777 0334103 0234157 0034193 0334224 0034364 0034488 0034498 0335689 0335751 0036034 0036439 0336507 0036792 0037027 0037513 0037527 0337982 0038263 0438622 0038672 0338976 0039207 0239301 0439318 0239479 0039833 0040048 0040103 0040217 0040373 0340730 0040975 0041023 0041198 0041493 0341805 0042027 0242056 0042107 0342339 0042343 0242588 0042601 0042701 0042818 0042851 0342855 0342900 0043013 0043200 0343224 0343234 0043243 0043572 0043923 0043944 0044005 0044452 0044498 0044515 0044533 0044612 0044833 0044953 0344963 0345111 0245257 0045388 0245462 0245525 0245669 0045840 0046287 0046314 0046586 0246678 0346760 0046806 0246827 0046960 0047013 0047449 0047716 0047839 0048177 0048244 0048494 0348577 0048593 0348760 0349073 0349087 0049237 0049382 0049429 0349662 0049674 0049806 0049911 0049956 0050012 0250056 0350109 0050276 0250439 0050491 0350675 0050802 0351217 0051636 0051682 0051794 0052681 0052699 0252803 0052968 0253081 0053316 0053731 0253899 0053972 0054005 0254038 0354457 0354462 0354470 0054525 0054825 0055236 0355240 0355265 0055684 0055704 0056247 0056480 0056528 0056576 0056590 0056610 0056726 0057039 0257047 0057106 0057114 0257246 0057286 0257372 0057533 0057580 0057778 0257958 0059082 0359297 0059457 0059526 0259647 0059668 0059677 0059742 0059748 0059835 0360024 0060078 0260193 0060233 0060531 0060708 0360902 0360976 0061084 0061187 0061232 0061321 0361393 0061538 0061572 0361608 0061669 0061898 0062226 0362347 0362648 0062662 0062858 0062902 0063104 0263166 0363177 0063183 0363227 0263484 0063563 0063811 0064281 0064609 0064648 0064670 0064729 0065101 0065412 0065644 0066028 0066230 0066419 0266593 0066632 0066840 0067367 0067492 0067513 0367692 0367768 0068294 0068332 0268480 0068666 0368685 0068692 0068713 0068782 0068945 0369040 0069100 0069534 0069663 0369791 0069849 0069914 0070010 0370130 0070273 0070327 0070349 0070384 0070456 0370468 0070576 0370874 0070905 0071113 0071144 0071222 0071541 0371729 0071776 0071826 0072389 0072411 0072513 0072558 0072565 0272674 0373068 0073108 0073449 0073528 0073577 0073874 0073936 0074388 0374584 0274723 0074819 0075058 0075157 0075178 0075364 0075382 0075425 0075560 0075631 0076415 0076475 0376895 0077088 0077155 0077184 0077355 0077364 0077406 0077469 0077501 0077521 0377573 0077778 0077970 0078021 0078218 0078327 0078347 0078578 0078637 0078701 0278743 0079058 0079095 0079155 0079252 0279578 0079596 0079803 0080115 0080336 0080680 0080696 0080832 0080911 0080925 0080980 0081094 0081116 0081141 0081203 0081460 0081858 0081917 0082159 0382306 0382359 0082431 0082523 0082542 0082801 0082957 0083140 0083182 0383262 0083290 0083580 0083686 0383832 0083900 0083991 0084090 0084164 0084199 0084275 0384276 0084333 0084432 0084582 0084665 0084824 0385178 0085223 0085278 0085289 0085331 0085378 0085804 0085832 0085858 0085932 0085954 0086130 0086154 0386173 0086189 0086244 0086300 0386494 0086539 0086591 0086985 0086990 0087135 0387144 0087206 0087334 0087478 0087968 0087969 0088002 0088043 0088106 0088151 0088229 0088642 0388747 0088948 0089307 0089531 0089789 0089813 0089818 0089850 0090193 0090357 0090380 0090523 0090572 0090631 0090644 0090806 0090863 0090919 0091020 0091335 0091388 0291558 0091560 0091584 0391587 0091690 0091698 0091732 0091769 0091773 0391794 0092094 0092112 0092238 0392351 0292835 0093067 0093106 0093322 0093407 0093413 0093471 0093674 0093837 0093838 0093942 0093945 0093979 0094379 0094535 0094583 0094674 0094722 0095047 0095383 0095479 0095653 0395727 0095739 0095772 0095775 0095816 0095838 0095945 0096087 0096100 0096129 0096261 0396571 0096820 0097034 0097844 0098353 0098423 0398709 0098744 0098770 0098957 0099285 0099398 0099472 0099483 0099514 0099746 0099841 00100028 00100215 00100499 00100814 00100836 00100871 00101658 00101909 00102064 00102153 00102156 00102259 02102427 00102456 00102617 00102915 00102965 00103018 00103249 00103453 00103598 00103833 00103890 00104003 00104032 00104144 03104149 00104285 03104409 00104436 00104707 00104721 00104730 00104737 03104740 00104841 00104887 00104895 00104909 02104933 00105058 00105094 00105175 00105422 00105442 00105496 00105726 00105803 02106117 00106332 00106613 00106643 00106649 00107004 00107042 00107065 00107278 00107289 03107402 00107461 00107465 00107573 02107603 00107607 02107839 03108047 00108121 00108305 00108378 00108588 00108674 03108685 00108821 00108937 00109137 00109159 00109183 00109335 00109368 00109885 00110111 00110282 00110637 00110776 00110841 00111088 00111318 00111414 03111649 00111967 00112302 00112322 00112328 03112496 00112557 00112580 00112669 00112970 00113018 00113084 00113169 00113252 03113306 00113382
91620121 0063 0083 0291 03293 02331 03344 03455 00479 00545 00569 02584 00595 03789 03816 03847 04945 02950 031065 041099 001136 031180 031288 001328 031368 001563 031735 031819 001897 031939 031996 032129 042177 002190 032275 002346 042359 032464 042531 032603 032631 002633 032784 033224 003407 033539 033581 043924 034015 034124 004147 004159 034170 034214 034294 034349 034353 044439 034474 034557 004694 034731 004874 004880 034945 005176 035392 035411 035524 035561 035578 045606 005612 035621 035712 035937 005947 035964 035974 035980 035998 036082 036086 036132 006220 046228 036262 036306 036529 026577 026587 026653 006667 046734 036773 046796 006877 036887 036979 047005 037088 027116 037143 007175 047176 037217 007227 027242 047326 027336 037338 047379 037405 037408 047486 027513 027565 007575 007651 047662 007665 037673 037694 027698 037717 037832 037885 007892 038007 038226 008395 038421 038454 038574 038703 028704 008713 038745 008782 038895 028936 038970 038996 039116 039176 009311 029419 029459 049475 039497 039503 039510 019515 009568 039804 039829 029835 039898 039916 0410158 0010317 0310347 0410350 0310545 0410596 0310597 0210687 0310748 0010788 0310969 0011055 0311066 0311120 0011284 0411319 0311380 0211400 0011509 0311538 0011668 0311677 0311780 0011887 0312070 0312111 0312180 0212206 0012338 0312350 0012375 0412399 0312566 0012700 0412719 0312911 0312936 0312972 0213004 0013054 0013106 0313210 0313259 0313319 0313371 0013544 0313548 0313553 0313588 0313617 0413660 0313704 0413748 0313821 0213999 0414021 0314243 0014287 0314297 0314356 0414393 0014574 0014601 0314609 0314629 0314836 0415077 0315083 0315105 0215158 0415277 0315314 0415455 0315471 0315519 0015727 0315749 0015763 0015807 0315815 0315874 0315878 0015980 0316035 0316066 0216067 0016068 0216109 0316229 0316236 0316267 0316462 0016529 0316593 0316600 0316624 0216749 0016772 0316796 0316858 0017071 0317176 0317196 0017222 0217226 0317377 0317404 0317408 0217435 0017476 0317497 0017562 0317564 0017615 0017810 0017836 0017880 0318196 0318286 0418402 0318416 0318430 0318432 0218440 0218459 0218474 0318497 0318513 0318544 0318581 0418588 0318613 0318629 0018630 0018771 0319018 0019070 0019130 0319218 0319246 0319277 0019295 0019368 0319466 0319505 0319616 0319753 0319788 0319817 0020018 0320120 0220268 0320294 0320341 0420432 0320516 0320648 0320794 0320827 0320910 0320921 0220978 0321012 0121092 0021165 0221215 0321247 0321308 0421352 0021375 0321398 0221443 0321561 0021614 0221645 0021774 0321918 0422137 0022300 0322430 0322512 0022564 0322752 0322791 0322853 0322879 0022937 0222960 0322973 0223055 0023119 0323154 0023156 0023178 0323202 0323266 0223273 0323325 0323327 0223407 0323424 0323481 0223562 0323565 0323611 0323724 0223804 0023858 0323878 0323892 0223926 0223992 0024021 0024056 0324141 0324163 0224226 0424317 0024445 0224527 0024565 0024566 0024603 0324699 0024753 0024801 0324945 0024950 0025005 0325074 0225107 0025142 0225157 0325166 0025197 0325266 0025357 0025369 0325436 0325456 0325544 0425559 0325633 0325674 0025876 0325915 0025933 0026012 0326092 0326289 0026324 0326372 0426416 0026424 0326666 0026673 0026686 0026701 0426754 0326777 0326860 0226962 0426978 0227007 0027022 0327038 0027064 0327093 0027167 0327189 0027242 0327262 0327278 0327303 0327407 0327536 0327617 0227677 0327681 0327691 0227692 0327751 0327776 0327853 0027863 0327871 0327949 0328330 0228367 0328371 0028391 0328432 0028452 0028531 0028558 0228622 0228702 0028979 0329071 0329123 0029133 0329328 0029450 0329550 0329571 0029650 0329668 0029709 0029742 0029829 0229838 0029846 0330007 0030071 0330076 0430233 0330336 0230426 0330502 0030524 0230549 0330590 0030598 0430729 0330777 0430794 0330817 0330956 0031146 0331298 0031395 0231426 0331435 0331500 0331569 0331634 0431658 0331684 0331799 0231800 0331889 0031967 0231979 0431999 0032023 0332117 0332280 0232348 0332364 0032498 0332535 0332561 0332572 0232636 0332679 0232693 0332738 0232751 0332803 0332880 0332981 0332982 0332992 0433020 0333077 0333267 0233277 0333283 0033383 0233434 0333534 0333554 0033563 0033630 0433690 0333832 0033836 0333870 0333943 0033984 0034003 0334034 0234075 0034076 0334110 0034180 0034305 0134646 0334694 0334772 0334828 0434882 0234886 0035032 0335048 0035093 0435094 0035099 0335269 0035306 0035355 0335427 0335443 0335498 0035615 0035714 0335777 0435816 0035891 0036042 0336125 0036148 0036196 0336243 0336330 0036508 0336576 0236577 0336688 0036699 0336743 0336865 0036911 0336930 0036956 0337020 0237087 0337166 0037168 0337260 0337385 0037465 0337466 0337535 0337651 0337689 0337829 0037857 0337937 0438163 0038273 0338343 0438463 0238624 0338690 0038697 0038750 0038756 0338787 0038850 0338925 0338928 0038932 0338935 0238952 0038987 0039066 0339167 0439194 0239292 0339329 0039364 0039402 0039516 0239592 0039594 0239628 0339646 0439667 0339678 0339750 0239838 0039981 0339997 0340029 0040044 0340139 0040266 0040268 0040371 0240478 0340634 0340748 0240803 0340820 0040840 0340860 0340869 0040984 0041094 0241141 0241318 0341430 0241467 0041487 0341609 0241618 0341622 0041628 0341629 0041651 0041716 0041757 0241773 0241883 0041944 0341945 0342007 0342082 0342134 0342441 0342460 0042542 0042547 0042571 0342572 0342617 0042637 0042652 0442725 0342733 0042788 0342804 0342819 0342831 0342884 0042955 0342971 0343023 0343127 0343159 0043205 0043238 0343241 0343313 0243351 0243374 0343389 0043448 0343469 0343473 0043655 0343919 0243959 0344054 0044115 0444126 0244160 0344247 0344389 0044420 0344489 0044528 0044753 0344994 0245062 0045227 0345277 0345483 0345520 0345522 0045527 0345699 0345800 0245874 0445913 0245945 0345951 0045966 0346112 0046117 0246150 0346190 0046281 0046294 0246303 0446353 0046411 0046536 0246628 0046648 0046658 0346853 0347083 0347246 0047294 0047309 0047317 0047376 0347844 0047859 0047882 0048119 0048288 0048344 0048347 0348370 0348590 0048633 0048683 0348863 0048884 0048887 0048939 0448960 0049032 0449035 0249157 0249159 0349176 0249179 0349306 0049348 0049374 0249498 0049568 0049684 0349702 0049704 0049773 0049853 0349984 0049992 0050040 0350066 0350083 0050140 0350214 0350294 0250377 0450473 0050619 0350672 0050683 0350694 0250926 0050979 0051051 0351090 0351103 0351123 0351132 0051200 0051208 0251213 0051303 0251419 0051462 0351492 0051503 0051545 0351578 0251605 0051681 0351701 0051702 0351768 0351804 0351965 0052079 0052139 0052164 0352221 0252224 0052230 0352256 0052258 0352262 0352373 0052454 0052487 0052522 0352551 0352574 0352648 0352698 0352741 0352907 0352948 0053112 0053299 0353395 0353562 0053641 0253691 0053732 0053755 0054024 0054037 0354088 0354194 0054200 0254292 0054398 0054756 0254807 0054833 0054972 0355024 0355195 0255261 0355298 0455356 0255588 0355607 0355619 0055624 0255666 0355675 0255727 0055824 0055922 0355979 0055998 0356059 0056155 0056205 0256464 0356492 0356558 0356611 0356684 0356829 0056832 0056862 0056949 0056963 0057084 0057093 0057118 0357215 0057265 0357324 0357391 0057494 0357652 0057874 0357984 0358205 0058241 0358252 0058261 0058280 0258310 0358356 0058366 0358435 0058476 0058557 0058698 0358871 0058899 0059096 0059104 0059153 0259164 0059289 0359386 0359442 0059725 0059768 0359769 0359925 0359933 0060051 0060083 0060174 0060191 0360363 0060428 0060470 0060509 0060574 0060661 0060677 0360721 0060825 0060862 0360910 0060965 0060971 0061024 0061025 0061038 0061200 0261262 0261305 0361326 0261343 0061347 0061367 0061419 0361442 0061597 0061705 0061810 0361849 0261904 0261933 0061981 0062050 0062103 0362106 0062108 0362112 0062135 0062266 0062386 0062492 0062494 0362792 0062842 0062843 0062872 0062956 0363061 0063071 0063122 0063312 0063347 0363612 0063856 0063946 0364049 0364084 0264120 0064128 0064264 0064331 0364338 0064461 0064618 0264659 0064920 0064993 0365054 0365080 0065186 0065202 0365365 0065394 0365482 0365574 0365586 0065684 0365722 0365789 0065829 0065902 0065927 0265930 0066006 0366088 0066092 0266101 0066118 0066221 0066260 0066324 0066373 0066377 0066432 0366614 0366682 0266833 0266874 0266903 0366946 0367070 0067107 0067139 0367158 0067169 0367238 0067244 0067269 0367289 0067308 0067351 0067364 0067487 0067499 0367508 0067523 0267529 0067553 0067742 0067887 0367904 0067987 0368071 0368157 0368190 0068191 0268203 0068211 0068470 0068506 0068648 0268701 0068831 0068886 0368912 0068972 0068988 0068993 0069051 0069061 0369217 0369309 0369311 0369348 0269369 0069404 0069584 0369631 0069661 0069736 0369885 0069989 0370075 0070086 0070104 0370231 0370282 0070289 0070458 0070535 0070582 0370748 0070750 0370751 0070836 0270855 0070856 0371042 0371139 0071205 0071345 0071555 0371580 0371591 0071618 0071623 0071687 0071726 0071734 0371750 0071803 0071859 0371893 0471908 0071973 0071981 0372164 0072170 0372311 0072381 0072509 0072510 0072539 0072557 0072612 0072620 0372720 0072748 0372781 0272933 0072982 0272988 0073092 0073111 0373136 0073221 0373335 0073336 0373339 0373404 0073418 0373424 0073567 0373586 0373663 0373737 0273781 0473806 0073821 0373892 0373925 0373957 0374045 0274073 0074120 0374129 0374206 0074244 0074251 0274365 0074780 0074787 0074833 0074935 0374981 0074982 0075004 0075109 0375121 0075134 0375201 0375262 0075273 0075346 0075388 0075510 0075645 0075727 0075776 0375781 0075870 0375944 0075989 0376094 0076099 0076105 0076258 0276466 0376594 0076620 0276625 0076664 0376768 0076823 0076832 0376850 0076972 0077183 0377272 0077284 0077438 0077524 0077571 0077586 0077608 0377630 0077635 0077645 0077647 0077672 0077807 0077848 0377875 0077883 0077999 0078166 0078363 0378380 0078473 0378570 0078577 0378819 0078923 0079000 0079060 0079137 0079209 0079255 0079278 0079912 0079951 0079995 0080082 0080164 0080315 0080390 0080403 0080429 0080484 0080604 0080673 0080742 0080762 0280795 0280946 0281008 0081068 0381204 0281350 0081501 0081529 0081545 0381579 0381644 0081729 0081741 0081751 0281775 0381801 0381851 0081889 0081895 0082078 0082100 0082344 0082370 0282459 0082468 0082867 0082873 0083015 0083181 0383259 0383342 0383356 0083369 0383391 0083447 0383483 0083523 0083581 0083665 0083697 0083709 0283853 0083918 0083930 0283945 0084087 0284101 0084157 0084274 0084315 0384482 0084632 0384703 0084741 0084890 0084929 0084948 0284995 0085060 0085140 0385475 0085485 0085580 0285628 0085633 0085650 0085697 0085716 0085796 0085921 0085937 0385971 0286071 0086102 0086109 0086202 0286295 0086345 0386352 0086374 0086502 0086519 0086559 0286564 0086565 0086788 0086827 0086845 0086908 0086940 0087059 0087082 0087198 0087320 0387411 0287447 0287453 0087619 0087708 0087745 0087753 0087848 0088084 0088114 0088223 0088230 0088339 0088367 0388460 0088515 0088516 0088627 0088713 0088746 0388788 0088841 0088956 0089035 0089058 0089082 0089144 0089209 0089290 0089341 0289357 0089379 0389395 0089406 0389552 0089721 0089832 0089916 0289981 0090018 0090060 0390092 0090144 0390218 0090337 0090498 0090514 0090550 0090552 0390590 0390612 0090660 0090693 0090891 0090928 0291062 0091131 0091138 0091218 0091261 0091487 0091658 0091674 0091687 0091715 0091994 0092020 0092085 0092105 0092132 0292430 0092487 0092520 0092632 0392732 0092784 0092885 0292910 0393063 0093186 0293264 0093313 0093574 0393590 0093597 0093601 0093652 0093688 0093716 0093867 0393999 0294036 0394066 0094208 0394216 0094222 0094227 0394236 0094248 0094251 0094344 0394454 0394530 0094537 0094793 0094805 0095032 0095088 0095165 0095182 0095248 0095364 0095375 0095394 0095407 0095416 0095472 0395484 0095528 0395730 0095762 0095765 0395832 0095883 0095922 0395932 0395963 0096130 0096147 0096177 0296223 0296302 0296312 0096383 0096512 0096641 0096682 0096785 0096845 0096871 0096889 0097004 0097078 0397124 0097161 0097222 0097279 0097300 0097346 0297412 0097419 0097498 0097579 0297586 0097731 0097779 0097884 0098003 0398049 0098196 0098315 0098337 0098392 0398441 0098487 0098511 0098517 0098522 0398532 0098634 0098693 0098695 0098743 0298802 0098897 0098997 0099026 0099099 0099119 0399291 0099343 0399384 0099479 0099491 0399535 0399540 0099570 0099616 0099626 0099647 0099664 0299717 0099770 0099892 0099903 0099919 0099965 00100103 02100143 00100233 00100340 00100360 02100438 00100459 00100519 00100557 03100733 03100749 00100764 00100797 00100809 00100992 00101165 00101181 00101194 00101295 00101297 00101324 00101547 00101585 00101606 00101609 02101630 00101650 03101691 02101702 03101740 00101749 03101772 02101782 00101787 03101846 00102217 00102235 02102287 00102309 02102320 00102330 00102395 00102421 00102495 00102547 00102563 00102619 00102668 00102669 04102675 00102697 00102730 03102845 00102848 00102940 00103089 00103126 00103375 00103435 00103443 00103518 03103531 03103542 00103632 00103639 00103695 00103704 00103736 00103774 00103900 00103997 03104020 00104053 03104453 00104463 03104607 00104855 00104935 00105000 00105036 00105047 00105065 03105194 00105264 03105304 00105421 00105445 00105473 00105533 00105576 00105580 00105600 02105655 00105835 02105857 00105893 02105924 00105954 02106041 00106045 00106046 02106049 00106116 02106150 00106207 00106271 03106468 00106538 00106588 00106709 00106758 00106759 00106767 00106834 00106895 00106953 00107064 00107238 00107264 03107272 00107558 00107649 00107678 03107711 00107732 00107733 00107836 00107887 00108098 00108218 00108266 00108317 00108329 00108383 03108787 00108809 02108868 00108914 00108930 00109090 00109093 00109111 00109212 00109297 00109397 00109489 00109517 00109566 00109592 00109661 03109719 00109757 00109768 00109815 00109817 00109868 00109967 00110004 00110008 00110065 00110109 00110209 00110297 00110320 03110370 00110664 03110679 00110704 00110789 03110874 00110883 00110955 00111123 00111199 00111221 00111226 00111257 00111266 00111321 00111394 00111417 00111425 03111436 00111483 00111509 02111511 00111596 00111610 00111641 02111698 00111726 00111837 00111857 00111997 00112107 00112182 00112218 03112245 00112246 00112299 00112343 00112415 00112477 00112687 00112776 00112940 00113091 00113098 00113114 03113123 00113277 00113396 00113502 00113528 00113533
91620131 0377 04336 03581 02604 03894 001029 031086 021177 001279 031302 001372 041530 001598 041772 001990 041991 022109 042326 022343 032385 002426 042697 033157 003181 023278 003416 043602 003634 043727 003735 024092 034156 034161 024267 044391 004558 044736 004850 024896 004937 044994 045014 035031 035046 035098 005147 035269 035335 025368 045405 005614 035816 045991 046013 026210 006241 046311 046353 006372 006508 046545 006634 006755 036908 036971 006991 047135 047142 027359 037519 027574 047594 027872 027957 038005 048187 008200 048283 038319 008435 048440 038526 038679 048790 038943 009114 039119 039166 009237 009355 029676 039710 009788 009847 0010005 0010281 0010298 0310453 0110576 0310821 0411012 0011109 0311220 0411247 0411256 0011363 0011585 0211781 0212166 0212169 0012269 0212274 0012275 0412417 0312521 0212561 0012594 0412686 0012704 0412705 0012753 0112997 0313214 0013570 0413681 0213746 0313772 0313933 0414346 0014435 0314561 0314572 0014580 0414727 0414775 0014853 0014900 0015120 0315216 0315494 0015526 0315671 0315672 0315750 0015787 0215892 0015931 0015981 0416005 0016048 0016178 0316512 0416595 0316608 0316801 0316856 0416946 0017022 0017028 0217293 0217378 0417407 0017742 0317862 0217898 0017905 0317934 0017962 0018006 0018158 0218330 0418370 0318487 0218508 0018536 0318602 0018681 0418724 0018831 0318992 0019187 0019275 0019429 0019562 0019938 0320064 0020082 0320116 0020185 0020397 0020414 0420661 0320696 0220721 0020801 0320863 0421082 0021262 0021419 0021525 0021529 0321763 0021844 0421881 0021920 0022183 0022232 0322294 0222337 0322472 0422621 0022629 0422726 0222728 0022835 0022860 0022949 0422992 0223111 0023315 0323346 0023364 0323386 0223594 0223625 0423727 0223744 0323761 0324117 0024261 0324348 0224611 0024746 0224854 0224930 0025089 0425272 0225380 0025567 0025573 0025651 0325658 0225816 0025845 0225971 0226084 0326125 0026165 0026208 0026242 0026255 0226273 0226707 0026746 0226747 0027330 0027393 0027394 0027563 0027788 0027790 0027936 0028136 0228265 0228440 0328562 0228779 0229051 0029057 0329073 0029090 0029345 0329358 0229514 0229589 0229626 0029721 0429740 0430155 0030225 0030378 0030438 0030554 0030693 0330899 0030948 0031003 0331123 0031327 0031478 0331610 0431758 0031969 0332032 0032243 0232354 0332493 0232669 0232719 0232728 0232964 0032968 0032976 0033012 0233069 0033301 0333356 0033402 0333559 0033569 0333582 0233592 0333897 0234235 0034258 0234425 0034528 0034680 0034705 0334796 0034798 0434820 0035021 0235096 0335131 0335235 0035241 0035251 0335303 0235428 0335587 0035788 0035925 0035955 0036023 0036131 0036142 0336166 0336361 0036431 0036505 0236664 0036750 0036840 0036872 0236973 0036976 0337029 0337368 0037371 0037478 0037783 0337828 0337844 0037880 0237951 0037961 0338083 0438092 0038155 0438550 0038630 0038704 0138719 0039023 0039159 0039170 0039225 0239308 0239399 0039511 0039527 0039558 0039620 0039826 0039874 0039947 0339975 0040001 0340221 0340226 0040227 0340255 0040278 0040368 0040579 0040777 0341102 0241165 0041249 0241455 0041543 0041594 0241630 0341728 0041781 0241835 0042020 0042025 0042170 0042189 0242408 0342436 0042497 0042525 0342752 0242867 0042979 0043143 0043180 0043415 0043426 0043451 0443463 0043614 0343850 0243864 0343958 0043962 0044032 0044189 0044336 0444344 0044393 0044404 0044524 0244701 0044885 0045036 0345047 0045118 0045141 0245297 0045384 0445524 0045670 0045880 0345926 0046053 0446060 0346165 0046204 0046327 0046437 0446479 0246482 0046574 0246804 0346818 0046888 0246989 0047249 0047367 0047385 0047485 0347654 0047719 0047821 0047834 0247846 0048025 0248064 0048125 0048418 0048444 0248552 0048561 0048613 0049050 0049066 0049102 0049132 0249454 0049585 0049751 0049763 0349908 0249944 0050031 0050080 0250166 0350368 0450723 0050811 0050820 0050854 0050991 0051025 0251188 0351361 0051362 0051483 0351691 0051786 0051857 0352452 0052546 0052646 0352672 0252701 0052702 0452717 0352849 0052928 0253099 0053141 0053202 0053314 0053394 0053411 0053552 0253572 0453621 0053717 0053768 0353952 0054323 0054325 0054361 0054400 0054872 0354949 0055105 0055186 0355205 0055330 0055342 0055443 0055858 0255885 0056197 0056368 0056402 0256430 0256466 0056604 0056877 0056910 0056985 0057018 0057102 0057122 0057166 0057236 0257403 0057428 0357527 0057655 0057715 0257879 0058257 0358364 0358445 0058537 0258715 0358755 0058784 0059033 0059139 0059247 0259342 0059400 0059448 0059529 0059588 0059959 0060075 0460084 0360423 0360580 0060682 0060891 0260929 0061059 0261066 0061216 0061263 0061398 0061587 0061742 0061931 0362007 0062056 0362081 0062115 0062124 0062134 0062247 0062263 0062272 0362365 0062539 0062565 0062629 0062641 0062677 0062720 0062834 0062853 0062862 0362880 0062913 0063032 0063149 0063188 0063326 0263453 0063472 0063545 0263726 0063813 0063879 0264041 0064163 0064336 0064584 0064631 0364676 0064790 0364839 0365035 0065075 0265081 0065174 0065240 0065275 0265499 0065513 0365731 0365823 0065926 0366007 0066154 0066192 0266227 0066269 0066552 0066691 0066859 0067172 0067339 0067392 0067596 0067756 0067791 0267827 0067937 0267990 0068019 0068024 0068238 0068297 0068310 0268915 0068942 0069152 0069606 0269621 0069673 0269875 0069919 0069922 0069994 0070098 0070155 0070184 0070227 0070320 0370366 0070454 0270475 0070544 0370717 0370891 0071054 0071145 0071533 0071585 0071631 0371882 0072006 0072010 0072120 0072134 0372240 0072324 0072480 0272520 0272653 0072777 0072802 0272848 0073227 0373281 0073364 0073390 0073397 0073457 0073466 0073556 0073683 0073717 0073861 0074077 0074245 0074263 0074286 0074297 0374303 0074407 0074427 0274482 0074520 0074595 0074612 0074722 0074749 0074784 0074892 0075075 0075104 0075287 0075300 0075430 0275629 0075723 0275953 0076042 0476049 0076102 0076162 0076166 0076236 0076629 0076706 0076735 0076739 0276987 0077040 0077041 0277156 0077164 0077367 0077418 0077534 0077562 0377665 0477729 0077757 0077800 0077818 0078111 0278174 0078191 0078192 0278199 0078220 0078238 0278266 0278322 0078381 0078668 0078672 0078717 0078721 0278762 0078833 0078961 0379001 0079080 0379122 0279124 0079359 0079453 0079559 0079586 0079856 0279914 0079968 0080034 0080111 0080183 0080254 0080335 0080338 0080376 0080411 0080807 0080866 0380958 0081052 0081056 0081093 0081122 0081126 0081132 0081163 0081174 0081254 0081348 0081413 0281482 0081495 0081670 0281681 0381736 0282043 0082102 0082174 0082356 0082447 0082467 0082513 0082555 0082592 0082600 0282700 0082718 0382869 0082904 0083036 0083159 0083217 0083296 0083462 0283536 0083935 0383970 0483981 0284045 0084176 0284225 0084364 0384608 0084734 0084744 0384812 0084868 0084973 0085054 0085130 0085263 0085272 0085354 0085412 0085424 0285454 0085456 0285938 0086003 0086166 0086404 0086437 0086487 0286588 0086863 0086871 0086875 0086883 0086924 0087065 0087170 0087263 0287302 0087359 0087674 0087676 0087773 0087821 0288280 0088319 0088491 0088496 0288606 0088624 0088707 0088720 0088769 0088837 0088849 0288926 0089089 0089117 0089397 0289637 0289737 0089750 0089801 0089964 0090500 0090679 0090684 0090717 0090746 0090811 0091057 0091098 0391139 0291162 0291296 0091409 0091417 0091554 0091634 0091717 0091728 0092114 0092336 0092421 0092424 0092468 0092503 0092695 0092699 0092798 0092825 0092869 0092886 0092918 0093200 0093392 0093428 0093496 0093628 0293668 0093693 0093843 0093847 0293963 0094021 0094127 0094132 0094233 0394423 0294521 0094569 0094624 0094835 0095000 0095028 0095031 0095138 0095166 0095338 0095466 0095491 0095622 0095711 0095751 0095908 0096010 0096112 0096131 0096217 0096242 0096313 0096352 0096376 0096403 0096446 0396511 0096533 0296546 0096581 0096604 0096677 0096761 0096904 0097060 0097409 0097483 0097584 0097670 0097686 0097820 0097949 0097986 0098036 0098239 0098385 0098396 0098430 0098508 0098647 0098729 0098856 0098884 0098902 0098933 0098987 0099006 0099075 0099134 0099344 0099450 0099467 0099468 0099576 0099593 0099625 0099694 0099786 0099796 0099945 00100031 00100113 00100268 00100282 00100367 00100407 02100602 00100656 00100708 00100717 00100757 00100781 00100816 00100820 00101019 03101063 00101177 00101210 00101229 00101240 00101265 00101390 00101433 00101459 00101526 00101539 00101590 00101941 00102001 00102041 00102159 00102422 00102466 00102489 03102500 00102538 00102596 00102608 00102713 00102880 00102941 00102961 00102979 02102981 00103145 04103189 00103345 00103366 00103420 00103526 00103552 00103763 00103779 02103919 00104173 00104176 00104186 00104261 00104333 00104339 02104447 00104494 00104876 00104945 00104970 00105041 00105059 00105103 00105151 00105192 00105243 00105306 00105420 00105487 00105760 00105806 00105844 02106020 00106024 00106155 00106198 00106204 00106240 00106281 00106286 00106307 00106348 03106359 00106392 00106551 00106600 00106683 00106786 00106962 00107083 02107229 00107363 00107422 00107501 00107528 00107557 00107846 00107967 02108195 00108346 00108388 00108432 00108473 00108605 00108643 00108709 03108854 00108900 00109123 00109128 00109202 00109251 03109259 00109269 02109503 00109687 00109831 03109942 03109944 00109964 00110041 00110052 00110270 00110286 00110315 00110398 00110539 00110592 00110596 00110677 00110678 00110973 00110997 00111030 00111097 00111193 00111213 00111543 00111687 00111833 00111873 00111934 00111943 00112046 00112092 00112119 00112274 00112282 00112383 00112417 00112497 00112568 00112842 00112898 00113017 00113031 00113042 00113144 00113187 00113238 00113297 00113501 00113531
91620141 02453 03750 02862 001671 041794 032269 022456 002465 032767 032797 002859 033118 033702 023799 004411 024953 025826 005886 026159 026232 046501 046603 027057 007184 047207 027580 027976 038104 048198 029015 039548 039589 039615 039729 009893 039999 0210239 0210352 0110391 0310394 0210706 0211410 0011465 0311597 0211795 0412386 0212744 0412910 0012917 0312925 0213031 0313745 0013796 0313872 0414416 0214503 0314825 0214886 0015037 0015175 0215283 0415642 0015754 0015859 0215994 0216258 0216452 0316722 0316860 0316950 0017353 0217389 0418690 0218744 0318778 0219443 0219535 0219698 0320080 0420323 0020472 0320865 0220870 0020894 0221090 0221272 0221374 0321431 0321754 0321870 0221996 0322215 0222219 0222374 0222473 0022720 0323131 0223382 0023480 0323533 0023864 0224188 0324548 0224559 0024693 0324784 0225527 0225779 0025794 0225803 0025980 0326200 0226545 0426691 0226756 0226846 0027310 0027420 0327798 0327805 0028204 0028640 0329446 0329614 0029787 0230046 0030132 0030334 0230610 0330860 0030965 0331021 0231260 0031458 0231516 0231594 0031633 0031692 0031852 0032137 0232281 0032365 0433001 0233156 0033179 0033206 0233265 0233453 0333755 0033941 0033983 0034080 0234848 0034928 0235073 0035296 0435338 0235434 0035736 0436451 0236611 0037350 0037773 0338048 0338234 0238512 0239269 0339271 0339483 0239879 0340697 0240943 0341017 0041376 0341512 0342256 0042468 0342605 0243679 0243915 0043998 0044003 0244231 0044752 0345139 0345220 0245379 0045716 0045878 0045940 0046003 0346533 0246699 0046788 0246832 0046952 0047668 0347753 0047939 0348545 0048628 0348742 0048746 0348768 0248990 0249222 0049885 0250010 0050050 0250452 0250790 0250853 0051049 0251108 0351382 0051557 0251895 0352198 0452356 0352577 0253738 0253797 0053937 0253959 0254009 0054078 0354113 0054152 0254248 0254471 0254786 0055248 0055476 0055682 0255707 0355968 0056281 0256442 0256791 0056974 0057164 0257661 0257928 0257999 0058339 0358647 0058814 0358843 0258897 0359205 0259328 0359374 0059664 0059688 0059718 0060099 0060215 0260433 0260548 0260749 0360809 0261202 0261364 0062259 0062316 0262394 0262764 0362852 0262891 0062922 0063169 0063264 0363433 0263490 0064203 0264412 0064441 0264566 0465396 0065813 0066388 0066428 0066559 0266604 0366722 0067357 0067472 0267566 0067689 0267744 0067767 0268303 0268331 0068837 0069059 0269081 0069157 0269679 0070166 0370387 0070635 0270655 0270892 0371007 0071497 0071628 0271741 0271764 0272072 0372217 0072404 0072476 0073045 0273352 0273692 0073995 0074143 0074218 0274398 0274470 0274608 0274771 0275100 0275332 0075511 0075537 0076133 0076143 0076221 0076282 0076504 0076973 0277419 0077695 0277762 0078181 0078265 0278406 0078497 0078602 0078628 0078731 0378780 0078968 0078995 0079041 0079327 0079343 0279546 0079965 0280182 0080263 0280355 0280364 0080379 0280835 0280988 0081516 0281752 0081900 0081905 0082109 0082219 0082368 0082448 0082722 0283148 0083477 0083632 0083828 0084007 0284393 0084461 0284471 0284710 0085046 0085303 0085629 0385792 0085906 0085977 0386444 0286596 0387381 0388016 0088050 0088093 0088139 0088474 0088637 0088826 0288865 0089284 0089466 0389584 0089961 0090274 0090456 0290551 0090594 0091269 0291702 0291822 0091963 0292270 0092814 0093192 0293362 0093520 0394420 0094588 0094972 0095591 0395599 0095960 0097093 0297486 0297622 0097819 0098123 0098241 0098939 0099095 00100158 02100287 03100503 00100600 00100606 00101376 00101427 00101678 00101756 02101879 00101963 00102834 00103142 00103187 02103434 00103637 02103840 00103921 00104016 02104443 00104448 00104772 00104815 02104828 00105136 00105380 00105592 02105611 02105675 02106013 00106807 00106952 03107179 00107302 02107316 00107484 00107561 00107903 00108096 00108102 00108393 00108782 00109054 00110576 02110703 02110712 02110786 00111184 02111526 00111589 00111946 00112065 00112173 02112483 00112932 00113113 02113574
91620151 0361 03135 04214 04257 00325 03349 02490 03571 03865 00889 04890 03891 03912 00958 031131 001218 031309 031342 021462 041581 021608 021677 031775 031954 032090 012135 042235 032288 032357 032781 042883 002947 033121 043146 033227 003748 044081 034231 034277 024278 034306 044352 044384 044406 044483 034585 034610 024909 035039 035171 045231 005238 005271 025327 035742 005766 036001 026025 036120 046254 046392 036547 036576 036635 026673 037011 037071 027128 037225 037267 007388 007541 007596 027695 047893 048027 048103 048235 048383 028492 028496 038503 028720 048760 008857 049102 039380 009539 049566 009590 039675 039684 009718 039872 0410216 0310286 0410497 0310611 0310711 0010770 0410813 0411002 0311126 0211430 0311447 0011558 0211610 0311635 0311802 0412159 0212223 0312332 0012361 0412407 0312599 0312622 0212715 0312726 0012789 0312890 0212943 0312949 0313023 0313173 0313561 0313644 0413952 0214053 0314084 0414092 0414258 0314299 0014556 0414703 0414846 0215146 0315189 0415194 0315296 0215354 0315463 0315812 0316302 0216423 0216433 0416450 0316730 0416763 0316816 0416855 0016877 0316891 0416985 0317044 0317097 0217099 0017265 0317338 0317436 0417636 0017698 0317738 0317815 0417879 0018090 0418111 0018409 0318504 0218617 0318876 0219043 0319057 0319123 0319191 0319297 0419667 0319737 0219978 0320145 0420398 0220430 0020465 0420824 0420835 0220945 0321338 0321373 0321491 0321535 0321586 0021720 0321757 0021947 0321962 0022002 0322416 0322587 0022609 0222816 0322892 0323265 0323435 0323523 0323610 0323652 0323900 0323939 0324071 0324072 0224339 0424536 0324562 0024600 0024662 0424687 0424909 0424960 0025297 0025447 0025457 0225472 0425482 0325668 0425685 0425835 0325936 0326056 0326664 0326943 0327223 0327248 0427256 0427410 0227444 0027654 0427696 0327728 0327731 0027733 0328017 0228075 0028079 0328130 0428182 0328237 0328424 0328677 0028742 0328842 0028982 0229008 0329192 0029229 0329309 0029355 0329511 0029613 0429892 0329992 0330095 0330128 0330130 0330134 0330795 0430898 0031159 0331178 0431213 0331278 0331437 0031530 0031933 0332050 0232069 0232125 0232167 0032189 0332287 0332357 0032370 0232378 0032495 0032592 0232640 0332994 0333010 0333027 0333074 0033168 0333205 0033254 0233310 0333408 0433485 0033640 0333794 0433868 0433986 0334126 0434138 0234559 0034643 0234791 0034818 0034985 0334987 0335149 0235295 0335614 0335737 0335747 0435773 0035901 0236217 0036276 0336288 0236312 0236320 0336333 0336581 0336640 0336827 0337042 0337096 0337149 0237159 0037177 0037254 0037429 0037670 0037775 0337985 0038112 0038203 0038246 0338258 0338558 0038674 0338723 0338996 0039039 0339050 0339055 0339203 0339307 0039356 0339584 0339730 0339736 0339804 0339902 0339978 0040140 0340237 0340264 0340317 0340383 0340595 0040672 0040894 0341047 0041259 0341286 0441329 0341444 0041787 0441974 0342038 0342078 0442135 0242148 0042214 0242288 0342508 0042623 0042633 0042811 0042865 0342902 0342919 0343033 0343070 0343230 0043233 0043249 0043267 0043290 0243362 0043561 0443721 0343827 0343839 0344067 0344205 0244208 0244228 0344237 0044256 0344541 0344774 0044971 0045045 0245075 0345305 0045345 0345465 0445496 0345672 0045748 0345776 0245832 0445848 0245975 0046433 0346590 0046700 0346886 0447016 0047062 0247109 0047216 0347277 0047293 0047331 0347479 0447500 0347591 0347673 0047832 0347950 0047958 0247968 0048089 0048208 0248361 0249019 0349121 0249153 0049446 0349507 0249509 0249558 0349619 0349740 0049791 0349946 0350310 0350394 0350496 0350520 0050999 0051007 0251010 0351166 0051396 0351500 0351591 0351807 0351828 0351903 0351928 0251957 0251959 0252196 0352208 0352285 0352381 0352449 0052467 0252651 0052816 0353040 0053274 0253525 0253653 0053782 0353969 0054138 0354362 0054557 0354683 0054817 0354853 0355000 0055063 0355070 0355128 0355255 0355520 0255720 0055738 0355846 0055988 0356021 0256127 0356233 0056266 0356434 0256509 0256566 0056568 0056630 0056737 0056827 0256912 0357128 0357197 0357457 0357605 0357616 0257644 0057703 0057824 0057835 0358001 0458102 0058134 0358287 0058372 0258429 0258434 0258746 0058780 0358848 0358878 0058997 0259072 0359166 0059212 0259260 0059277 0359346 0359363 0059388 0259454 0359657 0459687 0060148 0260263 0360295 0060335 0060357 0360496 0260595 0060711 0361467 0361557 0061617 0061630 0361700 0061724 0361768 0061971 0362090 0062171 0062298 0062910 0263030 0063106 0063151 0263168 0363171 0063217 0363248 0363388 0263457 0063538 0263791 0463866 0264005 0364032 0064121 0264328 0064342 0064413 0364486 0364607 0364846 0064994 0065107 0265295 0265383 0365461 0365547 0365561 0065742 0265936 0365957 0066051 0066078 0066142 0366165 0266194 0366252 0366342 0366501 0066584 0366750 0066862 0266992 0367257 0367442 0267716 0367809 0068089 0068282 0068453 0068573 0368620 0068848 0369015 0369141 0469670 0369728 0069778 0369912 0070003 0370216 0070263 0070343 0370522 0270581 0070598 0070704 0070910 0071106 0371242 0271277 0371412 0071546 0071647 0371702 0071738 0371820 0071895 0371952 0072075 0072165 0372267 0072456 0372732 0073021 0073179 0073223 0073331 0073661 0073865 0074165 0074256 0274262 0274508 0374573 0074606 0274657 0275003 0375082 0375463 0075508 0275572 0075627 0375929 0076194 0276253 0076256 0376460 0376653 0076697 0076727 0076800 0076837 0076846 0076848 0076880 0377560 0077613 0077703 0077870 0077918 0077931 0077941 0378200 0078210 0378402 0078674 0079109 0379178 0379198 0079199 0079360 0079484 0079681 0079684 0079855 0279964 0280050 0380249 0380347 0280438 0080546 0080608 0380803 0080859 0081152 0381346 0381607 0081647 0081724 0081782 0381813 0381840 0382091 0382214 0082398 0282411 0282432 0082474 0382492 0082575 0382626 0082868 0083009 0383040 0383093 0083514 0083659 0083861 0083932 0084629 0084840 0084902 0084941 0085118 0085139 0285180 0085287 0285335 0085426 0085441 0085579 0086187 0086309 0086586 0086608 0086648 0286650 0086744 0086909 0286978 0387026 0387073 0087611 0087717 0287725 0087883 0088113 0288194 0088210 0388248 0088262 0088433 0088791 0088832 0089011 0289323 0289469 0089704 0389924 0090007 0390658 0090675 0090815 0090917 0291099 0391178 0091224 0391308 0091398 0091405 0291506 0391600 0391718 0091796 0291927 0292153 0392303 0392847 0092865 0092926 0093036 0093066 0093078 0093395 0293543 0393708 0094361 0094445 0094694 0294713 0094748 0094858 0395001 0295160 0095176 0295215 0395590 0095649 0095781 0095948 0496153 0096225 0096359 0296634 0096658 0396966 0097096 0097281 0297310 0097638 0097926 0098334 0398593 0098828 0099301 0099377 00100081 00100217 02100562 00100665 00100976 00100982 03100991 00101087 03101145 00101228 00101331 03101579 03101614 00101618 00101887 00102025 00102029 00102265 03102620 00102804 00103277 00103369 00103646 02103816 02104274 00104433 00104480 00104665 03105002 00105056 00105133 00105341 00105440 03105564 00105566 00105574 00105678 00105729 00105915 03106209 00106257 00106298 03106355 00106388 02106991 02107323 00107334 00107553 03107687 02107762 02107880 02107962 03107990 00108084 00108244 00108529 00108612 00108719 00108728 00108741 00108902 00108994 00109012 00109116 00109162 00109519 00109545 00109784 03110055 03110069 00110338 00110582 03110759 00110774 00110851 03110986 00110987 00111314 00111516 02111605 00111962 00112015 02112043 00112357 00112599 00112629 00112726 00112768 00113538 03113569
91620161 04619 03629 03758 041341 001580 001781 001883 001924 001940 032200 042574 042886 003235 043510 023566 044253 045202 046273 036708 027553 027985 048830 028987 049411 009448 009501 019547 009836 0010009 0010126 0010874 0010981 0011092 0411112 0311890 0312277 0214250 0014927 0015134 0015185 0215297 0315958 0016032 0316692 0016728 0117037 0417053 0417101 0417438 0317798 0017819 0018888 0318972 0319111 0420751 0020898 0021521 0021578 0322042 0022419 0022492 0023019 0023306 0423360 0023452 0023587 0223828 0423918 0024073 0424252 0024328 0224332 0425100 0225788 0326096 0026134 0026225 0426866 0027044 0027441 0428214 0428866 0228949 0228988 0030124 0030253 0030400 0430403 0430631 0331002 0231011 0031013 0231052 0331384 0031694 0031745 0031915 0231958 0032247 0432289 0332358 0032617 0432783 0333576 0333768 0034428 0034629 0334800 0035464 0035789 0036832 0036877 0037155 0437682 0038587 0038742 0039202 0039800 0039995 0040434 0040779 0041035 0041241 0041247 0041747 0042573 0342930 0043265 0443616 0043933 0244170 0044248 0244643 0045171 0245341 0045662 0045742 0445804 0045890 0246001 0046187 0346363 0046449 0046793 0047014 0247351 0048321 0048335 0448724 0048765 0048876 0049034 0249614 0049880 0050023 0050169 0051253 0051414 0452345 0052658 0052776 0053111 0053673 0253708 0054091 0354340 0054575 0054618 0054644 0055155 0255660 0055932 0056635 0056686 0257274 0057718 0057754 0057855 0458142 0058383 0058441 0058553 0058834 0059217 0059303 0059456 0060405 0060562 0060579 0061485 0061656 0262225 0062483 0062703 0063010 0063507 0064004 0064373 0364525 0065065 0065165 0065327 0065831 0366254 0066317 0066440 0066621 0067565 0068033 0068502 0068680 0368764 0369568 0070176 0070278 0070671 0070882 0370996 0071333 0071742 0071770 0071920 0072303 0072402 0072428 0072550 0072713 0072854 0073222 0073620 0073761 0373795 0073826 0273866 0073944 0074052 0274201 0074541 0075452 0075521 0075640 0075974 0075990 0076669 0077408 0077924 0078272 0278290 0078636 0078727 0078815 0079032 0079577 0079692 0080078 0080241 0080371 0081318 0081360 0081425 0081746 0081863 0081997 0082364 0083307 0383707 0083790 0084237 0084241 0084266 0384406 0084765 0084830 0086526 0086546 0386683 0086795 0286907 0087259 0087265 0087311 0087543 0087675 0087714 0287825 0087937 0088040 0088325 0088799 0088873 0089018 0289093 0089558 0090123 0090289 0090531 0090634 0090804 0090873 0091150 0391172 0091829 0091923 0091980 0092038 0092189 0092460 0092763 0092793 0093611 0093679 0093855 0094136 0094719 0094854 0095298 0295544 0095705 0095731 0096613 0096728 0096908 0097255 0097334 0297458 0097603 0097634 0098437 0298588 0099047 0099085 0099497 0099563 0099566 00100734 00101036 00101125 00101350 00101874 00102126 00102296 00102471 00102494 00102511 03102595 00102599 00103086 00103199 00103272 00103389 00103403 00103554 00104661 00104813 00104880 00104932 00105079 00105223 00105327 00105379 03105419 00105426 00105658 00105816 00106077 00106310 00106432 00106941 00106995 00107171 00107195 02107287 00107368 00107664 00107689 00107701 00107749 00108209 00108330 00108579 00109240 00109675 00109825 00109947 00110126 00110236 00110733 00111009 00111109 00111137 00111303 03111471 00111758 00112070 00112147 00112368 00112462 00112570 00112751 00112769 00113026
91620171 03100 04141 00388 00394 03432 04441 03517 01559 03683 03700 03751 04832 00855 03920 03999 031036 041121 021139 031165 041167 041169 031299 031327 031333 021352 031446 041472 031535 031558 031561 031702 041738 041777 041779 041806 001826 031845 031847 031855 021890 031929 031973 042066 032088 032118 042130 032131 032169 002202 032285 032332 042479 042491 042630 022650 032691 032738 002806 002810 032831 032843 032857 032949 033030 033056 033129 043355 033376 033386 003436 043437 043525 033526 043609 033642 013651 023674 003832 033834 003893 033951 003963 033983 044019 034041 034045 034112 044256 004355 034428 004435 034588 044598 034614 004631 034767 004769 004921 005034 005047 005108 005127 035152 035309 005362 035521 035558 035590 045613 035618 025628 035649 035654 035677 045723 045748 005762 035844 035900 005954 036028 036057 036351 006403 046408 036413 036483 036558 036570 006698 026730 036839 046907 036937 007106 037166 037195 037270 037348 047353 007391 037501 037530 007563 037707 037775 037861 027902 037939 007941 018053 038167 038203 038247 008354 028394 008493 038507 008632 008696 008792 038806 048822 038823 038855 028950 039017 029037 039048 049062 039085 009188 009305 029350 039377 039446 009471 039582 009677 029717 009721 049723 039896 039986 0310140 0010163 0410295 0310374 0310477 0310554 0410579 0310586 0310614 0310640 0310805 0310915 0310965 0210970 0310989 0311124 0211125 0311197 0311378 0011384 0411470 0311605 0311619 0011696 0311754 0311803 0311821 0211862 0311899 0311956 0211985 0311994 0312064 0212083 0212106 0312122 0312184 0312309 0312344 0312411 0312517 0312585 0312603 0312627 0312640 0312678 0312739 0412855 0312921 0213275 0313287 0313405 0313448 0313479 0213498 0213511 0313556 0213641 0313697 0013705 0213726 0413737 0013751 0413782 0313941 0313971 0414118 0414160 0014308 0014345 0314368 0314431 0314509 0014582 0314593 0314646 0014716 0214770 0414796 0014830 0414974 0214976 0215003 0215149 0315208 0015252 0315253 0015328 0015336 0315394 0015397 0315441 0315569 0215633 0315645 0315680 0215690 0315773 0315902 0015949 0415970 0316036 0416047 0016097 0016126 0316133 0216196 0316199 0416206 0416260 0316269 0316389 0316391 0316590 0216598 0016654 0416721 0016761 0416847 0316864 0016875 0416943 0017035 0017051 0317063 0317102 0017147 0217161 0417219 0417225 0417230 0317242 0317328 0017370 0017446 0317593 0317613 0317719 0017730 0017772 0217833 0317874 0317999 0318091 0318138 0218146 0318159 0318168 0218186 0018318 0018332 0318527 0418561 0318680 0018683 0318721 0318844 0318873 0018886 0318906 0318909 0018943 0218952 0318987 0319141 0419214 0419222 0019225 0019524 0319526 0019644 0019666 0019761 0219915 0319959 0319999 0320166 0320255 0320276 0220282 0320331 0320425 0220447 0320507 0420674 0320678 0420685 0020815 0420943 0320969 0220984 0321076 0221078 0321106 0021122 0321238 0321244 0321387 0321589 0321597 0321664 0321684 0221878 0321888 0422070 0022108 0322132 0322169 0322205 0322234 0322311 0322437 0322493 0322529 0322544 0422590 0322624 0322761 0022827 0322872 0322917 0322993 0223068 0423214 0323460 0323471 0323522 0323627 0323697 0023805 0223815 0323848 0024003 0224037 0424070 0424100 0024122 0024208 0324352 0224413 0224416 0324540 0024556 0024587 0024620 0324657 0324685 0324695 0324744 0024752 0024756 0024776 0324807 0324847 0024946 0324952 0325007 0025129 0025175 0325186 0325190 0325218 0325275 0325278 0025335 0225402 0225445 0025498 0325576 0325752 0025789 0325864 0325981 0426003 0326011 0226088 0426146 0026160 0426166 0326169 0326179 0326322 0326331 0226339 0326414 0026415 0326417 0026516 0026524 0326527 0326579 0226617 0326652 0326662 0326774 0026927 0226929 0326958 0326966 0327005 0327023 0327040 0327151 0327218 0227230 0027249 0427296 0327329 0027370 0427389 0327401 0327417 0027451 0327524 0227528 0327662 0327734 0427753 0327774 0027804 0427843 0027903 0327956 0028038 0028041 0328116 0428141 0028170 0028226 0328341 0228376 0228723 0328808 0028881 0328907 0328910 0328960 0028989 0429063 0029075 0329159 0329218 0329260 0329276 0329321 0029347 0029366 0329425 0429465 0029502 0429508 0229530 0329618 0229752 0329782 0329790 0329887 0029902 0329939 0330063 0030084 0330162 0330166 0330228 0330288 0330376 0030391 0030416 0330439 0030456 0030534 0430537 0330551 0330649 0230654 0030688 0330697 0030728 0030781 0030797 0330801 0330833 0030904 0230923 0330999 0331087 0031096 0331156 0331162 0031172 0031310 0331333 0331338 0231360 0331489 0031673 0331714 0331756 0331909 0031929 0331957 0332064 0332135 0332152 0332227 0032318 0232424 0332437 0032439 0232537 0032555 0232811 0332874 0332923 0033113 0033141 0033149 0333228 0333397 0233400 0033431 0333473 0333503 0033734 0233814 0233906 0334000 0434014 0334015 0234019 0234102 0334141 0234178 0334272 0334320 0434395 0034634 0434728 0334759 0334826 0334965 0035030 0335175 0335356 0335386 0035497 0335531 0335554 0235600 0035605 0335635 0235650 0435663 0335805 0335834 0035888 0335889 0235914 0335919 0036035 0036094 0336138 0236268 0436290 0036404 0336475 0036501 0236530 0236534 0236653 0336672 0336754 0036818 0336825 0036841 0336990 0037040 0037125 0337133 0337185 0237261 0337294 0237331 0037443 0337485 0337511 0337519 0337521 0337554 0337674 0237683 0337791 0337839 0337884 0338003 0338064 0038101 0238123 0338135 0338194 0338199 0338202 0338230 0038314 0338318 0238356 0338392 0338396 0338479 0238531 0238572 0338596 0338603 0338783 0338791 0238897 0338913 0439051 0339156 0339262 0239305 0039347 0439551 0039574 0339670 0439754 0339798 0339808 0339942 0039980 0340006 0340198 0340210 0240234 0040280 0040509 0040646 0040816 0340833 0340844 0440901 0340925 0340980 0341002 0341117 0341156 0341355 0041390 0341453 0041555 0341711 0041779 0041820 0341885 0241913 0341955 0341960 0442006 0342060 0342084 0442147 0242178 0342225 0042229 0342257 0242274 0442300 0042453 0342551 0342608 0242632 0442663 0342736 0342756 0342808 0242845 0042873 0042991 0243015 0443053 0043077 0343109 0343137 0443212 0343300 0343432 0343488 0343491 0043525 0043826 0343828 0344006 0344020 0344090 0044092 0044281 0344302 0344554 0044652 0044694 0344764 0344800 0044828 0244856 0444867 0044889 0244896 0044995 0444996 0345125 0445216 0445252 0345256 0345266 0345343 0045373 0045374 0345423 0345445 0045504 0445505 0345528 0345636 0345704 0245720 0345746 0045784 0045816 0345867 0345899 0345909 0345918 0345924 0346107 0346136 0046180 0346325 0246329 0446337 0046398 0046403 0346506 0046592 0346656 0046809 0446847 0446894 0346944 0046994 0047018 0047028 0047034 0247050 0347079 0347138 0347189 0047237 0347378 0347460 0347491 0047504 0347530 0047650 0347684 0047710 0347733 0447806 0247819 0347924 0047951 0047979 0348043 0048145 0048157 0348175 0348178 0348230 0348242 0348249 0348337 0348460 0048579 0348588 0348654 0048687 0348693 0348810 0048811 0249013 0349027 0049075 0349241 0049259 0049263 0349351 0049393 0349430 0249496 0049689 0049855 0349906 0049916 0049935 0050216 0050275 0350286 0350296 0050347 0350386 0050456 0250564 0050587 0350631 0050668 0350691 0350779 0350872 0350928 0050933 0350986 0251027 0351159 0251176 0051199 0051279 0051284 0051309 0251310 0351355 0051360 0051379 0351487 0351531 0351541 0351602 0051687 0451868 0351894 0051908 0351935 0352002 0252056 0352060 0352162 0052174 0352182 0352220 0352232 0052261 0352270 0352291 0352302 0052316 0052342 0052352 0352427 0052520 0252661 0052729 0352817 0352834 0252879 0252898 0052980 0352993 0353008 0453162 0353179 0053185 0053197 0053255 0353268 0353281 0253326 0253459 0053510 0353520 0353529 0253589 0353624 0053649 0253685 0353724 0353756 0053820 0053914 0353955 0354072 0254082 0054109 0354176 0054201 0354263 0054411 0354429 0354452 0354513 0254586 0354621 0354750 0054768 0354991 0355150 0055175 0355198 0055321 0055371 0355393 0055441 0055478 0055521 0055562 0055571 0355766 0455831 0355942 0256004 0356050 0056108 0356144 0456152 0056160 0056224 0256229 0356241 0056258 0056322 0056357 0256363 0356389 0056483 0256572 0256615 0056716 0056787 0356902 0356950 0356951 0357014 0057048 0057072 0357089 0357220 0257371 0057409 0057427 0357455 0057477 0357482 0057508 0057553 0357620 0057638 0357673 0357696 0357860 0257868 0357894 0357909 0357988 0057998 0358020 0058129 0358198 0058263 0058299 0058330 0058397 0358416 0058422 0058430 0358536 0358543 0258606 0358632 0358681 0358699 0258790 0059005 0059008 0059014 0259064 0059067 0059244 0059288 0359472 0359538 0259565 0359592 0059602 0059636 0059701 0259811 0059881 0360005 0360107 0360143 0060165 0060185 0060195 0060203 0260258 0360351 0260367 0360464 0360491 0360899 0360906 0460947 0361003 0361031 0061078 0061083 0361106 0261131 0061204 0361236 0361243 0361337 0061350 0061464 0061471 0361575 0061659 0361697 0261744 0361747 0061762 0361802 0061818 0361913 0061955 0361998 0062201 0062262 0362331 0062372 0362482 0062484 0062499 0362514 0362517 0462661 0262699 0262798 0362808 0362921 0062973 0063041 0363085 0263117 0063141 0063443 0363529 0363533 0063540 0063542 0363593 0063665 0263744 0263749 0263812 0363966 0063974 0264018 0364130 0064209 0364230 0064267 0064300 0364315 0064323 0364435 0464443 0364469 0364735 0364801 0464899 0064904 0364943 0364974 0365061 0365106 0365195 0365323 0265407 0065462 0365494 0065536 0065591 0065654 0065680 0365697 0365735 0065757 0065777 0365783 0065790 0365791 0065794 0365883 0065947 0065978 0066038 0066042 0366172 0066174 0366231 0366249 0366283 0366420 0366470 0366499 0066615 0366657 0066724 0266726 0366728 0266748 0366777 0366785 0366788 0066804 0366806 0366947 0366997 0067206 0367215 0067232 0067341 0367407 0267418 0267428 0067431 0067678 0267757 0367778 0067835 0367886 0367891 0368042 0368061 0368599 0068678 0068733 0368791 0068863 0368871 0068935 0269020 0269068 0369083 0369185 0069280 0269474 0369652 0069749 0369810 0069857 0069880 0369933 0069970 0069977 0370069 0270076 0370114 0070118 0370209 0070253 0370300 0270304 0370362 0070547 0370823 0071079 0271120 0371127 0371210 0371261 0071274 0071326 0371374 0071673 0071732 0071868 0071912 0072003 0072007 0372008 0072056 0272191 0072278 0072350 0072366 0072369 0272380 0072460 0072540 0372611 0072745 0272783 0372817 0372827 0072847 0072898 0372916 0372951 0072979 0373120 0373131 0373199 0073317 0273366 0273391 0273515 0373518 0073594 0073628 0073985 0374132 0074454 0374590 0074594 0074697 0374708 0474852 0374910 0074930 0375008 0375048 0075060 0075136 0075149 0375155 0375171 0375189 0075266 0375302 0075324 0075341 0075390 0075448 0375475 0375632 0075838 0075857 0375872 0376101 0076170 0376215 0076252 0076364 0076480 0376510 0076576 0376670 0376945 0376958 0076971 0276975 0076983 0076988 0277091 0377101 0077141 0377175 0277189 0077225 0077243 0277483 0277505 0277597 0277847 0377887 0277888 0377955 0078130 0278165 0078256 0278279 0078314 0378339 0478378 0378385 0078386 0478457 0078501 0378888 0078915 0078924 0079056 0079141 0079202 0379269 0379392 0079525 0079538 0379611 0279631 0379634 0079665 0279695 0079701 0379702 0079745 0279867 0379933 0079938 0379945 0279984 0080023 0380038 0380041 0380061 0280091 0280093 0080127 0080161 0380237 0080323 0080512 0080784 0080878 0080941 0381099 0081167 0281187 0081307 0081380 0281527 0081547 0081617 0081792 0081883 0381909 0081958 0082034 0082374 0082380 0082406 0082483 0082666 0082680 0382703 0082831 0383029 0083046 0083294 0083312 0083352 0083649 0083777 0083824 0383838 0383964 0383984 0084110 0084184 0384205 0084233 0084326 0084335 0384336 0084405 0084455 0084555 0384586 0084618 0084713 0384766 0384808 0085016 0385027 0085042 0085120 0085146 0285273 0085300 0085478 0285488 0085549 0085677 0085834 0385853 0085889 0085974 0385995 0086010 0386040 0386058 0386099 0086172 0086188 0086344 0086356 0386364 0286370 0386392 0086423 0086468 0386514 0386554 0386634 0086656 0086705 0086728 0086857 0386897 0086979 0287019 0387067 0387272 0087285 0087306 0087342 0087542 0387642 0087701 0087922 0088214 0088266 0388291 0088322 0088356 0088369 0088511 0388576 0388870 0288901 0289005 0089041 0089069 0089119 0089217 0089253 0089336 0089462 0089548 0089549 0089594 0089623 0089652 0089657 0389658 0089727 0089742 0289879 0089970 0090048 0390178 0390375 0090387 0090470 0390507 0090548 0090656 0090664 0390728 0390736 0090784 0090790 0090959 0090988 0390998 0391146 0091368 0091399 0091478 0091504 0391576 0291592 0091614 0291615 0091633 0391688 0091803 0091827 0091949 0091985 0092058 0092067 0392172 0292249 0092298 0092313 0392327 0392410 0092427 0392442 0092592 0092729 0092828 0092925 0392940 0093014 0093160 0093343 0093418 0093533 0093558 0093581 0093608 0093777 0093808 0393939 0093969 0094013 0394046 0094095 0094101 0394156 0094267 0394466 0294481 0094486 0394490 0394540 0094545 0094639 0094664 0394831 0094969 0094983 0295002 0095060 0395084 0295139 0095209 0095218 0295221 0395271 0095345 0095529 0095692 0095706 0395714 0295992 0096014 0396096 0296148 0096201 0396288 0096521 0096643 0296862 0097009 0097189 0297216 0097269 0097500 0097659 0097672 0397745 0397946 0097963 0398012 0098062 0098127 0398147 0098177 0298341 0098422 0098501 0298540 0098665 0098766 0098776 0098861 0098882 0098968 0099029 0099070 0099281 0099366 0099404 0099592 0099594 0299607 0099727 0099754 0099902 0099904 0399920 0099949 00100019 00100030 02100097 00100223 00100237 03100309 00100605 00100632 00100673 03100679 00100688 00100884 00100977 00100987 00100994 00101202 00101311 03101426 03101431 03101513 03101602 00101651 00101770 03101789 00101815 03101824 00101905 00102142 00102161 00102381 03102576 03102695 00102735 00102754 00102783 00102835 03102905 00102944 00102999 00103038 03103130 00103267 00103278 00103296 00103302 00103367 00103535 03103608 03103619 03103621 03103735 00103892 02103909 00103945 00103976 02103999 00104024 03104069 00104181 03104246 00104254 00104283 00104564 00104732 00104885 02104956 00105066 00105116 03105137 00105240 03105343 00105374 00105410 00105432 00105474 03105550 00105652 00105766 03105877 02105940 00106263 00106318 00106383 00106406 00106480 00106500 00106693 00106706 00106712 00106727 03106756 00106818 00106854 02106921 00106932 00106974 03107082 02107094 02107194 02107292 02107312 02107359 03107388 03107410 00107491 00107499 00107505 03107604 00107710 00107742 00107765 00107811 00107873 00107940 00107997 03108069 00108322 02108384 00108430 00108625 00108639 00108841 00108855 00108919 00108986 00109046 00109329 00109380 00109394 00109424 00109533 00109608 00109639 00109886 00109935 03110034 00110117 03110292 00110329 00110373 00110486 00110524 00110544 00110598 03110702 03110745 00110762 03110780 00110805 00110848 00110893 00110951 00110953 00110969 00111016 00111027 03111091 00111112 00111136 00111151 00111323 00111326 00111327 03111397 00111548 00111633 00111685 00111855 00111913 02112003 00112005 00112156 00112164 03112247 00112329 00112479 00112546 00112651 02112743 00112746 00112798 00113100 00113119 00113319 03113384 00113417 00113514 00113522 03113532
91620181 0390 00457 00469 04596 03633 02701 02858 04879 041235 021310 001369 041424 031475 001525 031832 031902 042056 002300 002314 002374 032375 042455 022501 022585 022653 042657 042866 042974 023194 043375 043641 043774 043820 044071 004405 044482 004589 025013 025387 045523 005529 005645 025907 025911 045920 026196 006470 006479 006654 047122 027459 047484 007903 047955 007958 008026 048135 028779 048788 028911 008922 049221 009492 0010169 0310400 0211440 0011659 0011664 0212117 0212330 0412339 0012357 0012679 0412942 0313083 0413099 0213138 0413899 0014049 0014354 0414497 0014507 0214592 0215116 0215215 0115713 0415857 0416011 0016135 0216183 0316635 0016636 0416824 0417062 0117158 0017544 0217555 0018209 0318476 0018897 0319179 0419290 0319598 0219690 0420148 0420159 0020438 0320570 0420851 0421068 0021481 0221567 0321768 0022028 0022372 0422598 0322630 0022866 0222942 0022962 0222963 0222980 0023488 0423974 0224114 0024336 0424462 0024514 0024655 0224656 0024780 0325013 0225035 0025065 0425346 0225497 0025801 0225952 0226001 0026474 0426478 0426602 0026621 0326752 0226804 0227030 0227174 0327995 0227997 0028060 0028099 0028167 0028397 0428449 0228479 0428578 0028630 0028643 0028732 0428762 0028831 0428841 0029121 0329126 0229283 0229387 0029441 0029857 0330230 0030363 0330907 0231089 0031846 0032347 0332677 0033032 0433129 0433249 0433302 0233321 0033561 0033719 0434112 0034515 0234807 0434926 0234960 0034983 0235004 0035136 0035200 0235212 0435317 0035323 0035534 0335581 0435641 0235826 0335909 0036391 0036424 0236430 0436899 0237351 0037440 0037460 0037606 0437666 0237785 0037874 0438021 0038545 0038611 0039005 0439321 0039865 0040136 0340184 0040403 0040670 0240855 0040938 0441087 0041358 0041777 0041791 0041798 0242238 0242239 0442295 0042399 0042778 0243235 0043253 0243357 0443377 0043621 0043640 0244066 0044284 0044544 0244899 0045031 0045151 0045233 0245245 0045288 0445743 0345744 0445785 0045875 0446214 0246252 0046664 0046711 0046934 0047047 0047114 0047242 0247548 0047725 0247748 0047881 0048508 0048522 0248716 0048721 0048759 0048908 0448978 0249089 0449234 0449423 0249915 0049963 0050107 0050143 0050257 0050331 0450411 0050418 0050499 0050661 0050693 0350748 0450869 0051029 0051465 0051606 0251615 0251780 0251972 0052185 0252186 0252538 0052609 0052628 0052653 0052955 0053062 0053336 0053356 0053646 0054154 0054240 0054260 0054354 0254798 0454847 0054855 0255092 0055156 0055510 0055717 0056816 0056863 0256915 0057003 0057206 0257269 0257388 0257832 0058218 0258500 0258554 0059222 0059373 0259380 0259434 0059703 0259749 0059981 0060186 0460190 0060291 0260355 0260436 0060492 0060541 0060765 0060771 0060919 0061071 0461155 0061377 0261692 0061779 0261827 0062126 0462709 0062786 0062822 0062898 0062999 0363182 0363200 0063260 0063387 0263687 0063805 0063883 0064305 0464330 0064406 0064494 0064606 0064825 0064863 0065281 0065573 0065962 0066510 0066688 0066791 0266817 0466919 0066991 0067217 0267295 0067750 0267804 0067857 0067895 0068207 0068559 0268781 0068797 0069026 0069226 0069688 0069742 0069754 0069867 0069872 0070128 0070202 0270700 0071363 0271439 0471496 0071863 0271957 0271975 0072113 0372373 0072446 0072465 0072667 0072774 0072883 0073089 0273210 0073529 0073578 0073616 0273996 0074229 0074287 0074352 0274542 0074569 0074738 0074879 0074941 0074956 0075122 0075290 0075353 0075526 0075609 0075930 0076054 0076126 0076204 0076278 0276613 0277110 0077135 0077139 0077457 0077519 0077815 0077846 0077902 0278063 0078139 0078305 0278874 0078994 0079013 0079138 0279212 0079249 0079263 0079302 0079521 0079543 0079798 0080144 0080148 0080166 0280212 0080297 0080492 0080969 0280983 0281005 0081009 0081088 0081305 0081341 0081528 0081871 0082291 0082817 0082899 0383010 0083069 0483144 0083200 0083229 0283263 0383295 0083466 0283504 0083541 0083573 0283834 0083977 0284078 0084109 0084243 0284486 0084705 0084886 0085152 0085345 0085510 0085700 0085747 0085762 0086221 0086261 0086830 0087075 0087197 0087300 0387339 0087425 0087430 0087587 0087607 0087609 0387657 0087741 0087777 0087789 0087808 0087881 0087943 0087976 0088190 0488610 0088649 0088774 0089066 0089083 0089095 0089265 0089689 0089734 0089787 0090021 0090112 0090151 0090230 0290232 0090506 0090971 0091267 0391485 0091533 0091621 0092009 0092296 0092309 0092438 0292573 0092991 0093269 0093390 0293426 0093476 0093649 0393745 0094040 0094243 0294247 0094260 0294898 0294995 0095018 0095087 0095113 0095526 0095652 0095737 0095888 0096140 0096176 0096282 0096479 0096740 0297062 0097068 0097139 0097297 0297305 0097600 0097746 0097876 0098168 0298228 0298279 0098307 0098389 0098466 0098637 0098800 0098896 0099063 0099413 0099505 0099682 0099885 00100033 00100063 00100225 00100257 00100382 00100576 00100697 00101038 00101339 00101552 00101743 02101773 00101924 00101974 00102006 00102118 02102226 00102229 02102262 00102521 00102568 00102699 00102731 00102746 00102771 00102854 00103056 00103217 00103266 00103643 00103700 00103752 00103903 00104073 00104240 00104562 00104818 02105237 00106032 00106044 00106374 00106428 03106455 00106734 00106907 00107014 00107159 00107314 00107504 00107568 00107996 00108126 00108313 00108324 00108584 00108712 00108750 00108779 00108887 00109387 00109476 02109731 00109901 00109955 00110101 00110207 00110546 00110632 00110660 00110734 00110905 00110912 00110967 00111132 00111220 00111232 00111353 00111763 02111860 00111897 00112286 00112381 00112451 00112493 00112659 02112740 00112767 02112836 00112999 00113016 00113244 00113429
91620191 0262 00266 02282 03798 021069 041148 031365 031505 021662 031712 041995 042039 022167 022386 042600 042908 032937 003426 033475 024199 004222 004512 004743 044781 045008 005169 005333 005928 025934 006110 036192 006215 036280 006333 006496 046793 006854 047010 007093 037160 027202 027711 007788 028277 008412 009081 009134 029186 049557 049611 029670 039782 009972 0010077 0210308 0310912 0311053 0311177 0011441 0211574 0011823 0211885 0411896 0011977 0011988 0012038 0412138 0012194 0412204 0213035 0013288 0013415 0013452 0013554 0013650 0413741 0013867 0013945 0314069 0014220 0014543 0314742 0214757 0315132 0315509 0015621 0315707 0415945 0016112 0016181 0216189 0416215 0016354 0016547 0316713 0016793 0016960 0317169 0317185 0017272 0017366 0217463 0218005 0118353 0018835 0019351 0419414 0319493 0019523 0320139 0020350 0220353 0020735 0320742 0220756 0020828 0420847 0020888 0020928 0220965 0020996 0021360 0021911 0022024 0022063 0022672 0022710 0022802 0023162 0023203 0223215 0423291 0023345 0423383 0323527 0423613 0223666 0223678 0023732 0323743 0424108 0024178 0024239 0224598 0424903 0324904 0025084 0025148 0025227 0025310 0025430 0025587 0325730 0325963 0026227 0326259 0126361 0426403 0326893 0427037 0027100 0227125 0227419 0227477 0427898 0328112 0028393 0228745 0228927 0028964 0229088 0229117 0429131 0329242 0229247 0029541 0029738 0029853 0029940 0329982 0030441 0030529 0230932 0431386 0231675 0031742 0231874 0332015 0232211 0432226 0032332 0032503 0032729 0032978 0333021 0033041 0333182 0033330 0034349 0034614 0334649 0434853 0334973 0234992 0235113 0435134 0035184 0035238 0235322 0235384 0035651 0235862 0035950 0035964 0035975 0335984 0236149 0036154 0036168 0036266 0036427 0036447 0036558 0036888 0337068 0337074 0237124 0037268 0237340 0037551 0437723 0037825 0237934 0338025 0038113 0038254 0038475 0338768 0038872 0238873 0038926 0239244 0039249 0039477 0039710 0239766 0039856 0239868 0039869 0339898 0040032 0340768 0040804 0341050 0041271 0041579 0341667 0441670 0442383 0042421 0042440 0042581 0042594 0442970 0342990 0243021 0043140 0043260 0043264 0043381 0043556 0443719 0043732 0043808 0243982 0244107 0044223 0444225 0044670 0044676 0244964 0045042 0045178 0245652 0045691 0045722 0345766 0245774 0345885 0245922 0045961 0245991 0046027 0046071 0046179 0046218 0346229 0046240 0046270 0246382 0046581 0046698 0046703 0246717 0046727 0246823 0246834 0347061 0047225 0047392 0047405 0347459 0347514 0047705 0048252 0348569 0448595 0248826 0048839 0049142 0249147 0049210 0049275 0049284 0049501 0049630 0249712 0249725 0049771 0050003 0050518 0050582 0050705 0050807 0050978 0051042 0351308 0451501 0451789 0051844 0052120 0052233 0352398 0352434 0052502 0252541 0052942 0053054 0053072 0053130 0053172 0053175 0053193 0053241 0253257 0053582 0053886 0053956 0053983 0054026 0054130 0354219 0254221 0054281 0054299 0354546 0054594 0354927 0055146 0055381 0055499 0055512 0055813 0055843 0056019 0056082 0356188 0056251 0056372 0056545 0256687 0056839 0356903 0056929 0057001 0257038 0057195 0057357 0357448 0057491 0057608 0057734 0257939 0258323 0058380 0058925 0059163 0259263 0259306 0059414 0059561 0059697 0260392 0360556 0260558 0060610 0060650 0260997 0261015 0361037 0061266 0061388 0261461 0061544 0061613 0061678 0061803 0061858 0061905 0361925 0061974 0061984 0062025 0062027 0062094 0062240 0362302 0262486 0262762 0062772 0062777 0062888 0063208 0063299 0063342 0063426 0063449 0263572 0063624 0263653 0063660 0063961 0364021 0064043 0264074 0064081 0064129 0064147 0064198 0064220 0464820 0065044 0065057 0065141 0065372 0065428 0065440 0065515 0365566 0065732 0365994 0066027 0066084 0066104 0066224 0066550 0066565 0066569 0066828 0066875 0066882 0266937 0067005 0067020 0067105 0067522 0267545 0067655 0067672 0367701 0467735 0067889 0067958 0468018 0068193 0268214 0368226 0068255 0068348 0068767 0068842 0468940 0069229 0269252 0069273 0069315 0069422 0069477 0069596 0069715 0270347 0370445 0070516 0070620 0370633 0270754 0070953 0071055 0071085 0271232 0071234 0071253 0271293 0071381 0271753 0071756 0071772 0071970 0072000 0072229 0072419 0072575 0072764 0072851 0072911 0072991 0073128 0273205 0073214 0073304 0073308 0073489 0373712 0073857 0074038 0074093 0274293 0274484 0374611 0074767 0075074 0075081 0375180 0075297 0075652 0075664 0075703 0075821 0075840 0075866 0376147 0076153 0276183 0076290 0076292 0076372 0076436 0376442 0076590 0276714 0276776 0076798 0077001 0077104 0377127 0077177 0077202 0077203 0077209 0277230 0077330 0277405 0077482 0077544 0077567 0077841 0077877 0077965 0278003 0378221 0078222 0078481 0078545 0078561 0378604 0078669 0078708 0278741 0278844 0079068 0079096 0079221 0079268 0079340 0079381 0079509 0079530 0079647 0079652 0079746 0379808 0079939 0079952 0080102 0080172 0080220 0080243 0080289 0080481 0080869 0080888 0080920 0080936 0081031 0281044 0081060 0081101 0081213 0081385 0081600 0081788 0081919 0382080 0082294 0082342 0082472 0082596 0082792 0083019 0083035 0083111 0283433 0083650 0083904 0083985 0084108 0084577 0084633 0084769 0384846 0084918 0385085 0085110 0085282 0085370 0085483 0285534 0085651 0085786 0085860 0085890 0085920 0085930 0086133 0286207 0086279 0086358 0086381 0086523 0086621 0086737 0086941 0087062 0287275 0087512 0287663 0087921 0288058 0088107 0088233 0088243 0088543 0088595 0088615 0288623 0088850 0388888 0489068 0089108 0089151 0089200 0089331 0089876 0089980 0090015 0090044 0090211 0090335 0090394 0090442 0090781 0090833 0090968 0091260 0491328 0091534 0291552 0091730 0092029 0092103 0092166 0092178 0092322 0092404 0092428 0092474 0092495 0092987 0093105 0093131 0093208 0093211 0093241 0093299 0093309 0093347 0093363 0093617 0093810 0094069 0094171 0294374 0394419 0094499 0094523 0094633 0094731 0094810 0095059 0095080 0095145 0095282 0095316 0095581 0095898 0095979 0096080 0296179 0096187 0096360 0096534 0096588 0096625 0096652 0096788 0096888 0096930 0096939 0096943 0097148 0097152 0097162 0097343 0097383 0097546 0097562 0097724 0097744 0097839 0098113 0298120 0098156 0098321 0098455 0098485 0098560 0098614 0098754 0098827 0098893 0098904 0399035 0099061 0099064 0099106 0099482 0099538 00100071 00100289 00100302 02100324 00100352 00100442 00100526 00100591 00100594 00100678 00100700 00100725 00100777 02100868 00100949 00101062 00101166 00101179 00101398 00101596 00101709 00101845 00101900 00101955 02102251 00102269 00102439 02102450 00102481 00102525 00102548 02102597 00102712 00102736 00102947 00103059 00103168 00103200 00103333 00103590 02103690 00103771 00104171 00104174 00104228 00104386 00104619 00104682 00104754 00104844 00104846 00104992 00105086 00105340 00105369 00105451 00105584 00105688 02105711 00105719 00106131 02106132 00106285 00106294 02106360 02106438 00106440 00106598 00106942 00106977 00106997 00107078 00107150 00107285 00107300 00107311 00107400 00107404 00107487 00107623 00107750 00107837 00107865 00107872 00107930 00107970 00108088 00108142 00108302 00108408 00108518 00108527 00108785 00109069 03109190 00109292 00109310 00109459 00109560 00109577 00109611 00109752 00109816 00109985 00109987 00110161 00110192 00110243 00110343 02110358 00110380 00110479 00110641 00110719 00110894 00111189 00111216 00111395 00111569 00111618 00111700 00111782 00111798 00111846 00111879 00111996 00112201 00112396 00112574 00112668 00112823 00112881 00112896 00112931 00113045 00113112 00113308 00113404 00113500 00113566
91620201 0512 0613 0520 0621 0546 02146 03152 03162 00170 03199 03251 03411 03424 04429 03487 03489 03523 03589 03703 04727 03775 03807 03861 00918 031005 021040 031115 031149 031188 031198 001289 031381 031437 031456 041509 031597 031622 031728 031778 031795 021848 031872 031875 031966 032009 022061 042084 022113 032123 032178 032196 032246 002340 032366 032561 032584 032743 032750 032753 032770 022841 022901 032904 022930 032932 023016 033199 033221 033261 033315 023325 033379 033392 043532 033571 033630 043689 033690 033705 023717 033744 033752 033821 033825 023873 033991 044023 034029 034037 044094 034158 024187 024292 034308 004374 034376 034407 034607 024642 024679 034682 034792 034825 044858 034987 035106 025188 005201 005226 035278 045402 035406 035467 035490 035586 045589 035616 025676 035760 035781 035796 035810 035862 035918 045979 036162 026163 046225 026244 006245 036274 046344 036402 036440 036465 036546 036602 016645 036655 036682 046699 036800 026816 036860 036879 036899 026916 036982 036993 037053 007076 047105 037163 047178 037293 027311 037316 037354 007398 037402 007424 007511 047518 027562 047609 037629 007715 037839 007908 037956 038018 038024 038047 038107 038114 038164 028181 038210 038269 038413 038491 008497 038658 038668 038673 008787 038813 038834 009086 039096 039142 039191 039194 039267 039287 039384 039409 029421 049479 039493 039549 039561 039563 039755 029818 039852 029873 039949 029956 029958 049966 029968 009983 0310022 0310029 0310075 0310081 0010083 0310121 0310134 0310151 0310179 0410265 0310420 0210454 0310478 0310513 0310524 0010593 0010599 0310665 0210666 0210693 0310729 0310776 0410800 0210810 0210846 0410867 0410869 0310876 0310896 0310898 0310900 0310944 0311118 0311211 0311216 0211245 0311253 0311265 0011308 0211320 0311433 0311463 0311479 0311506 0311508 0311514 0411627 0311656 0311691 0011701 0311713 0311759 0311808 0311844 0311901 0011938 0312026 0312088 0312126 0212187 0312192 0312202 0212268 0012272 0312340 0212526 0312572 0312832 0312844 0012857 0412893 0312897 0312901 0313018 0313027 0313037 0313119 0013179 0313189 0413204 0013261 0313314 0013353 0313428 0013445 0013481 0313601 0313662 0313674 0413676 0313682 0313694 0013724 0313801 0213846 0313877 0013987 0313998 0414029 0314119 0014177 0314245 0314269 0314321 0314417 0314427 0214474 0214566 0314602 0314682 0414752 0314880 0014892 0314963 0314988 0314996 0315000 0315033 0315041 0015090 0415162 0315173 0215413 0315432 0315436 0415439 0315542 0315651 0315660 0215686 0315700 0315702 0215726 0415786 0415805 0315823 0315876 0015884 0315965 0015978 0316006 0316027 0316103 0316222 0316325 0016362 0016383 0316403 0416415 0316422 0316497 0016586 0216706 0016740 0316825 0016896 0316918 0317058 0317067 0317231 0317299 0017315 0017319 0117359 0017418 0017589 0017676 0017681 0317756 0217786 0017830 0217849 0017868 0417907 0317920 0017927 0317970 0017974 0317981 0318106 0318132 0018164 0318248 0018331 0318343 0318411 0318495 0218547 0318553 0318590 0318596 0318638 0318685 0018689 0318775 0318893 0018944 0318967 0318973 0319090 0319118 0319129 0319132 0219149 0219174 0019178 0019263 0319304 0319331 0319380 0019444 0319522 0019552 0319661 0219714 0219738 0319751 0319820 0019933 0020025 0020038 0220044 0020053 0320067 0320108 0420189 0020200 0320315 0320378 0020402 0320439 0320451 0320481 0220548 0320573 0320637 0320671 0320698 0320810 0220880 0320972 0321002 0321021 0321070 0221237 0221257 0021273 0221399 0321484 0021487 0021595 0221611 0321626 0021644 0221679 0021709 0321767 0321863 0021938 0022035 0222037 0022053 0022094 0322130 0322153 0322218 0322343 0422411 0022440 0222556 0322563 0322615 0322617 0322653 0322696 0022708 0322718 0322737 0222748 0222881 0222886 0322901 0323011 0323018 0323034 0323036 0323062 0323083 0223132 0423173 0223225 0323226 0323280 0023335 0023449 0323476 0423489 0323529 0423535 0023556 0023572 0323598 0323608 0323615 0323619 0323728 0323734 0223738 0323820 0323967 0024033 0224044 0024096 0024198 0324227 0224228 0324240 0324335 0024341 0324364 0024383 0424575 0324607 0324634 0024700 0224803 0024838 0424922 0324972 0224989 0325121 0325231 0325394 0025395 0325404 0325417 0325427 0025455 0025518 0325622 0325654 0325687 0325744 0325815 0325832 0325880 0325925 0025979 0325989 0326000 0226039 0026040 0226060 0326117 0326344 0326350 0226426 0026427 0326429 0326591 0226605 0326638 0326650 0326654 0226685 0226712 0226823 0326922 0326953 0326987 0327010 0027019 0327077 0327146 0327253 0327320 0227326 0327332 0227385 0327639 0327700 0327724 0327792 0327930 0327951 0327979 0028081 0028140 0328142 0328152 0328272 0028337 0328465 0228467 0328553 0328644 0328647 0428648 0328656 0428663 0328666 0028692 0028720 0328725 0328778 0328802 0228843 0328852 0428906 0328917 0328930 0328987 0329107 0329142 0329148 0329212 0029303 0029306 0329432 0229497 0329504 0329547 0029551 0429557 0029648 0229683 0029726 0329774 0229860 0329915 0329954 0029977 0330051 0330098 0330123 0230220 0030290 0330364 0330460 0230806 0330819 0230823 0330854 0030870 0030951 0330981 0231019 0331082 0231094 0231124 0331133 0331142 0331185 0331209 0331226 0331390 0331415 0331444 0331563 0231601 0031631 0031670 0331723 0031754 0331785 0331827 0331835 0231882 0331916 0432016 0332071 0032088 0332134 0332165 0332224 0232261 0032291 0232362 0332392 0332411 0032446 0332450 0332474 0032524 0332658 0332665 0332684 0332801 0232837 0332846 0332853 0332920 0332930 0333043 0333072 0333151 0333174 0333176 0333203 0033232 0333264 0033447 0333518 0333520 0233635 0333666 0333717 0333746 0033775 0033834 0333875 0333911 0233931 0233939 0433942 0334012 0334041 0034052 0034140 0334156 0334248 0334299 0034353 0034378 0334419 0334480 0334537 0334543 0234550 0334615 0334642 0434716 0334735 0334761 0334855 0034964 0334994 0435008 0335025 0335034 0235107 0335151 0035248 0335255 0335307 0335378 0335454 0335463 0335507 0035582 0335602 0335610 0335626 0335717 0335733 0335807 0035821 0335894 0335916 0335989 0436001 0036016 0336095 0036180 0336192 0336198 0336220 0236304 0036308 0336313 0336377 0336564 0336592 0036593 0036605 0336651 0336662 0036731 0336769 0436778 0036892 0336923 0336927 0036979 0337120 0337126 0337130 0337156 0037198 0337272 0337279 0237307 0337316 0337333 0337346 0037348 0337571 0337607 0237627 0337708 0037728 0337729 0037737 0337746 0237776 0337803 0237817 0037864 0037929 0338009 0038017 0338030 0038068 0338107 0038126 0238158 0338170 0338181 0338221 0338312 0338347 0338358 0338368 0238381 0338442 0038444 0338476 0338485 0338605 0238619 0338713 0438721 0338853 0038863 0338876 0338908 0038919 0338954 0338963 0438983 0439024 0439062 0339086 0339118 0239196 0239212 0339268 0239281 0339340 0039341 0239382 0339384 0039510 0339512 0339540 0039630 0239660 0039680 0339681 0339724 0039836 0339848 0239873 0239884 0339910 0339912 0039934 0339969 0340143 0340181 0340200 0340233 0340276 0340295 0340337 0240355 0240401 0340445 0340565 0040585 0240626 0340687 0340702 0340712 0340825 0340838 0341059 0341139 0341369 0341458 0241507 0041528 0041639 0241688 0041762 0041799 0341812 0041845 0441979 0342043 0342047 0242130 0342193 0342250 0342347 0342416 0342478 0042513 0342537 0342615 0042631 0042636 0342673 0342731 0342814 0242842 0042852 0242929 0042948 0343105 0343114 0343350 0343393 0043431 0343467 0043498 0343524 0343536 0243637 0343685 0343746 0043749 0343773 0043803 0343856 0343989 0344130 0344325 0044327 0344410 0344442 0244448 0344450 0344470 0044534 0244537 0344592 0044616 0344638 0044695 0344726 0244780 0044848 0344864 0344891 0344942 0344999 0345007 0045065 0345083 0345092 0345247 0345286 0345290 0345321 0045370 0345378 0345390 0245401 0045470 0345478 0345502 0345534 0245555 0345575 0245581 0345599 0345732 0245789 0045850 0245851 0345891 0245933 0345944 0345971 0245992 0346014 0246040 0346056 0346098 0346111 0346131 0346141 0346144 0246225 0346264 0346330 0346346 0346350 0346421 0246439 0346446 0046476 0346485 0046543 0046598 0346645 0346795 0346802 0046837 0046846 0346865 0346911 0246931 0347063 0347108 0347241 0447302 0347303 0347430 0047455 0347535 0047544 0047545 0247701 0247727 0347830 0047853 0347862 0247872 0247938 0247960 0247971 0047981 0048048 0348060 0048099 0348301 0048307 0248316 0348327 0048371 0048398 0048412 0348432 0348450 0348477 0348524 0348732 0348822 0348854 0348957 0349065 0049172 0349184 0049390 0349427 0049457 0249463 0349478 0349502 0349555 0049569 0049759 0349778 0349800 0249836 0249838 0049919 0349931 0050011 0050046 0050055 0350131 0050203 0050274 0350319 0050380 0350401 0350429 0350468 0050476 0050546 0350591 0350625 0050640 0350782 0350800 0050915 0250920 0351014 0351026 0051128 0351175 0351198 0051206 0351264 0051410 0051424 0251432 0051434 0351482 0351509 0051634 0351640 0051726 0051740 0351864 0251886 0251910 0051912 0251926 0351984 0352041 0052051 0352092 0352113 0352137 0352183 0252191 0352312 0052379 0352505 0052561 0252567 0252572 0352601 0052626 0352716 0352871 0052911 0052922 0352923 0352937 0052979 0353034 0353064 0053070 0353114 0053120 0353223 0253259 0353320 0353364 0053371 0253383 0053422 0053468 0353477 0253500 0253593 0353638 0353667 0353689 0353766 0353794 0353808 0253822 0053852 0253938 0354188 0354216 0354305 0254318 0354365 0354412 0054423 0054491 0354499 0254542 0354552 0054555 0354783 0054808 0254851 0054858 0254862 0054891 0354937 0054961 0355028 0355044 0055051 0355133 0055238 0055254 0355377 0355429 0355452 0055587 0355616 0355617 0255670 0055790 0355837 0355884 0355904 0355906 0355978 0056027 0056120 0056129 0256138 0356142 0356206 0356334 0356344 0356361 0356384 0356392 0356424 0356452 0356463 0056484 0356571 0356639 0356698 0056757 0256807 0256822 0356854 0057033 0057154 0357204 0057225 0357230 0357239 0057257 0357277 0057390 0357439 0057490 0357518 0057603 0057676 0357802 0357834 0057971 0357982 0058016 0058022 0258076 0058079 0258101 0358106 0358115 0358193 0358217 0058325 0258376 0058407 0058408 0058505 0058514 0358731 0058736 0258839 0059071 0359128 0259157 0259167 0259188 0359238 0359556 0359571 0059587 0359600 0259621 0359641 0259649 0059684 0259721 0359726 0359784 0059785 0059938 0359967 0060154 0260197 0260232 0060328 0360341 0360348 0360358 0360378 0060517 0060572 0360629 0060640 0360686 0360940 0361012 0261062 0361149 0061162 0361212 0361267 0361290 0361371 0361560 0261642 0061654 0361709 0061749 0061828 0361845 0361938 0061959 0361960 0361980 0062004 0062093 0362140 0362145 0062251 0362260 0062278 0362281 0362287 0262326 0362361 0262385 0362398 0262433 0362490 0362586 0362650 0362652 0362676 0362813 0262819 0062886 0063028 0363059 0263155 0063240 0263244 0063480 0263503 0363548 0063566 0063700 0363777 0363783 0363821 0063874 0363902 0263923 0363986 0364100 0064119 0064207 0264219 0064225 0264241 0364440 0064518 0064604 0064612 0264621 0364936 0364970 0265025 0365059 0265062 0365082 0065118 0365145 0365209 0365280 0065408 0265418 0465429 0365487 0365509 0265517 0365571 0365949 0365984 0366010 0366029 0266121 0066180 0366281 0366302 0366306 0366350 0066362 0066398 0066404 0366405 0066506 0066536 0366568 0366585 0366616 0466628 0266629 0066983 0367037 0267043 0267050 0367089 0267304 0067358 0367411 0067419 0367477 0367505 0067696 0367785 0367803 0067837 0367847 0067872 0067941 0068058 0268075 0368084 0368230 0368236 0368324 0068386 0068444 0368484 0368563 0068806 0268816 0368832 0368965 0068973 0368977 0369071 0369121 0369192 0069205 0069276 0069308 0369375 0069505 0369544 0069580 0369696 0369710 0069732 0069746 0069894 0069938 0069941 0269976 0070183 0070203 0070315 0370363 0370405 0370527 0370571 0070574 0370586 0070729 0070959 0371019 0371137 0071154 0271408 0371433 0271629 0071651 0371773 0071801 0371806 0271874 0371905 0071955 0072064 0072154 0072173 0372174 0272175 0272177 0372186 0072241 0072246 0372263 0072326 0072554 0072602 0072715 0072765 0372769 0072818 0072903 0272918 0372958 0072980 0072985 0373057 0073115 0273122 0373231 0273300 0273503 0373532 0373710 0373728 0073921 0374079 0074091 0374092 0074138 0074144 0074217 0374235 0374246 0074252 0374337 0074414 0274449 0274492 0274540 0374698 0074772 0374837 0074866 0374915 0375030 0075143 0375254 0075404 0075515 0375540 0075717 0375731 0275874 0375937 0376109 0376293 0376345 0276354 0076361 0076447 0076506 0376588 0276838 0377012 0277036 0077037 0377108 0077193 0077242 0077262 0377424 0077439 0377477 0377506 0377596 0377634 0077714 0077719 0077761 0377764 0277770 0377828 0077834 0077892 0277920 0377960 0377991 0278000 0278014 0078045 0078257 0278471 0378485 0378575 0378592 0078718 0078748 0078789 0278849 0079026 0079110 0079267 0479515 0079519 0079599 0379716 0379806 0079829 0079834 0379852 0379883 0079899 0080099 0080108 0280129 0380207 0280233 0080253 0080255 0080272 0380333 0380349 0380425 0380460 0080582 0080583 0080623 0080744 0080746 0380766 0280780 0080786 0080816 0380877 0080934 0080949 0381014 0281054 0381089 0081110 0281193 0081246 0081319 0381378 0381489 0281569 0081570 0081580 0381648 0081669 0081689 0281750 0381802 0081954 0382066 0382097 0282104 0382155 0382253 0082338 0382378 0282423 0382611 0082720 0082878 0082885 0082933 0282937 0082939 0382963 0383042 0083049 0283096 0083124 0083330 0283378 0383394 0383554 0383626 0383647 0083672 0083711 0383726 0083737 0383885 0083913 0083956 0384028 0084035 0084170 0084230 0284334 0084453 0384495 0084523 0084538 0084591 0084707 0284712 0284728 0284738 0384777 0384788 0084842 0384907 0384971 0084988 0385167 0285288 0385385 0085430 0085455 0085526 0085576 0085610 0085639 0385680 0385693 0085799 0285819 0385844 0285929 0285984 0086011 0086177 0386248 0086264 0086578 0086624 0286700 0286709 0086742 0086810 0086945 0286968 0287114 0087183 0387419 0387422 0087707 0087734 0387799 0087875 0087900 0087917 0387941 0388051 0388226 0288276 0088282 0388378 0288601 0088636 0088757 0088912 0089064 0389092 0389148 0089215 0389385 0089499 0289564 0389647 0289804 0290035 0090061 0090294 0090336 0090343 0090345 0090392 0090407 0390484 0290545 0390586 0090743 0390780 0390816 0090844 0290879 0290927 0290990 0291052 0091348 0091406 0091430 0091431 0091589 0291619 0291635 0391639 0291644 0291797 0091804 0391879 0091979 0092000 0092043 0092046 0092097 0092228 0092292 0392354 0092636 0092662 0092824 0392855 0092945 0392968 0393016 0093177 0293272 0393421 0093435 0093440 0393491 0093560 0293653 0393727 0393750 0093759 0393768 0393811 0093853 0093863 0093875 0293907 0293914 0293934 0094045 0394116 0394128 0094175 0094187 0094190 0094281 0394413 0094440 0094449 0094512 0094614 0094721 0394802 0395012 0095042 0295201 0095229 0395257 0095264 0395377 0295378 0395616 0395645 0095681 0395768 0095956 0095957 0096011 0096026 0096045 0396046 0096061 0096065 0396329 0096444 0096500 0096565 0396717 0396782 0396836 0096850 0096882 0396993 0397049 0397073 0097128 0097180 0097202 0097280 0297308 0097354 0097414 0097594 0097694 0097741 0097824 0097996 0398001 0098033 0298117 0098130 0098227 0098310 0098331 0098352 0098414 0398438 0398527 0098543 0398704 0098728 0098769 0098808 0098860 0099079 0099209 0299308 0099317 0099402 0399489 0099516 0099721 0399739 03100016 00100363 00100434 03100523 02100538 00100680 00100810 00101414 00101442 03101477 00101555 03101638 00101720 00101822 02101920 00102016 03102047 03102110 02102131 00102143 02102352 03102676 03102708 00102794 00102899 00102908 00102931 00103004 00103014 00103022 00103076 00103191 00103437 02103495 00103555 02103785 00103996 00104139 00104236 00104249 00104380 03104393 00104413 00104482 00104510 02104538 00104627 00104646 00104735 03104775 03104821 03104840 03104901 00105035 00105070 00105236 00105270 03105346 03105414 02105579 02106260 03106397 00106492 02106550 00106617 03106678 03106732 00106776 03106790 00106961 03106981 00106982 00107036 00107137 00107148 03107222 00107297 00107394 00107615 02107697 00107709 00107714 00107721 02107751 03107859 00107890 03108158 00108271 00108653 00108780 03108783 00108876 03108879 00108933 00108939 00108965 03108968 00108975 02109082 00109124 03109172 02109215 02109236 00109277 00109314 02109374 00109388 00109409 00109571 00109585 00109642 02109656 02109729 00109763 00109829 00109904 00110014 02110047 00110119 00110245 00110406 00110453 00110471 00110550 00110557 02110667 00110797 00110884 00110892 00110975 02111020 03111038 00111131 00111153 00111161 03111214 00111242 03111348 00111384 02111479 02111490 00111523 00111542 00111702 00111740 00111838 00111893 03111903 00111941 00111978 00112088 00112108 03112212 00112239 00112317 02112476 00112527 00112545 02112652 00112654 00112672 03112705 00112755 00112806 03112908 00113066 00113117 00113325 00113549
91620211 04183 04250 00698 00878 02931 031229 041377 041568 001605 011612 021645 042023 042524 022620 032815 042856 022950 023422 043553 043899 024150 044213 044227 044424 044938 044982 024984 025434 005779 045945 046261 046482 026737 046764 046776 047428 048049 028121 048256 038390 038495 048532 048544 049269 0310094 0410209 0210395 0210632 0311131 0311358 0211721 0412371 0412818 0413530 0213765 0313845 0414214 0414441 0014455 0414698 0214760 0214795 0415114 0315476 0216498 0417137 0417506 0417639 0217757 0418065 0218109 0018207 0418290 0218346 0418481 0018735 0018895 0418959 0419318 0319687 0420591 0020846 0220955 0321086 0221762 0422007 0022307 0422373 0422702 0322743 0322794 0022813 0423136 0324144 0224602 0425067 0225206 0225356 0425821 0326246 0226639 0327179 0027690 0027967 0028186 0328543 0228804 0229013 0229841 0229896 0430085 0330562 0430605 0230769 0430840 0331467 0431809 0432465 0432758 0432875 0033296 0233398 0433912 0234260 0334315 0434402 0034432 0234565 0235029 0435156 0435616 0036378 0437041 0437046 0337667 0037789 0038261 0438309 0438382 0238407 0238776 0439071 0239154 0339392 0239447 0239687 0440906 0042393 0042793 0043397 0044731 0344744 0244787 0244905 0245250 0345451 0445754 0345780 0345814 0346036 0346048 0246376 0046560 0047044 0047077 0047521 0347675 0447755 0448487 0248672 0251269 0252144 0052395 0054279 0054357 0354554 0055006 0255025 0255099 0356718 0257267 0057791 0257823 0057949 0058433 0458527 0258534 0059151 0259278 0359412 0259782 0060600 0360827 0061072 0461318 0361680 0261727 0261837 0063062 0264967 0266245 0066341 0067979 0068001 0068292 0068377 0268542 0369005 0269247 0369342 0369344 0070168 0070233 0070357 0070837 0271151 0071974 0272021 0472234 0072926 0073720 0074001 0074078 0074272 0074426 0074902 0275407 0275695 0276056 0277173 0077464 0077508 0077654 0078309 0278370 0278506 0478733 0378766 0079941 0280045 0280611 0081232 0281265 0081326 0081633 0281985 0282272 0382458 0082962 0083016 0083631 0283748 0384242 0084310 0084998 0087001 0087367 0088035 0090063 0090379 0090399 0090994 0291467 0291820 0292713 0392747 0092921 0093876 0094452 0295017 0395155 0295381 0296256 0296435 0096693 0096744 0096873 0297005 0097912 0399485 0099710 0099836 00100572 02100723 03101157 02102571 00103459 00103594 02103625 00104083 03104557 02104865 00105360 02105887 00106214 00106526 00106569 00106679 00107126 00107470 02107738 00108036 02109664 02110006 00110086 00112435 00113430
91620221 0282 0096 00163 03243 04271 04464 02508 03617 03639 04702 041224 041301 041323 021343 001359 041420 031428 021517 021736 022001 022176 022933 003090 033092 003287 033396 043417 023559 023604 033872 044017 044048 024204 004401 024561 034719 044839 045455 005466 025525 035627 025655 025859 025881 045887 045899 046049 036060 046236 036339 026370 036543 006544 006683 037014 047337 047542 047578 027833 037853 027879 007968 038169 048272 048418 028565 028774 028824 028915 038956 029292 0410021 0210204 0010321 0311003 0011251 0411453 0311551 0211636 0412059 0212325 0312873 0012981 0213394 0213538 0314048 0314071 0314089 0014107 0014198 0014234 0214316 0214330 0314878 0414930 0214946 0014961 0015057 0415483 0315591 0215703 0215894 0216227 0416380 0216381 0316470 0216701 0216710 0016872 0316883 0016908 0416949 0217448 0017600 0017728 0317806 0417817 0318470 0318490 0018877 0419268 0219888 0420406 0420646 0420885 0320977 0421044 0221048 0421490 0021869 0422054 0022618 0022859 0322990 0223012 0223103 0323160 0023208 0223331 0223657 0023819 0423938 0423980 0223982 0224131 0224250 0424732 0024898 0324957 0324986 0425163 0425252 0325285 0026142 0426156 0426328 0326338 0326433 0226504 0226582 0026748 0027348 0427360 0227779 0328007 0228135 0228149 0328361 0028382 0128635 0228797 0228870 0428897 0229047 0229311 0229394 0229414 0329651 0329975 0430157 0430173 0330913 0331690 0232203 0232288 0032393 0032812 0332898 0033462 0233531 0333693 0033786 0033848 0233929 0234054 0034068 0334160 0234286 0234490 0034925 0335084 0035173 0035358 0435372 0235556 0235907 0336066 0236077 0036226 0036468 0336545 0036591 0036970 0436988 0037310 0237321 0037505 0237713 0237838 0237867 0237894 0438395 0438439 0038471 0338685 0238763 0038795 0238838 0238891 0238973 0039135 0239322 0039489 0039491 0239636 0239777 0440146 0240416 0340736 0440742 0340942 0240979 0241064 0241428 0041600 0242392 0342407 0342590 0243041 0343547 0044131 0344177 0044370 0344440 0344931 0245354 0345564 0045718 0046392 0246726 0347042 0347087 0247488 0247713 0347856 0248295 0048431 0248447 0048559 0048703 0448992 0249118 0249192 0249996 0250103 0350269 0250338 0350345 0250412 0050766 0252486 0052564 0052814 0252860 0352957 0253184 0053492 0053503 0053579 0353848 0253957 0254090 0054392 0254577 0354893 0255081 0255446 0355663 0255752 0256146 0056382 0056420 0056679 0256724 0056800 0257045 0257406 0457728 0258026 0058249 0058258 0058268 0058627 0058663 0258694 0058804 0358805 0259121 0459158 0359382 0059505 0059644 0360008 0261089 0061165 0061272 0261883 0062200 0362374 0262416 0062443 0062868 0262939 0262955 0063290 0263321 0264052 0264265 0064668 0064817 0264854 0264893 0064897 0064962 0065242 0365841 0266026 0066161 0266255 0066436 0366451 0066579 0066608 0266720 0067042 0067083 0067713 0067806 0067822 0068201 0068423 0268428 0068477 0068664 0268900 0069424 0069508 0069665 0269765 0070102 0070228 0270317 0070802 0371273 0071310 0371587 0371703 0071942 0272344 0072861 0272915 0073065 0073305 0273468 0373570 0273819 0073992 0274175 0074718 0074740 0074773 0074919 0374946 0074952 0075070 0475322 0075883 0076017 0276137 0376491 0376672 0076932 0376935 0077498 0077559 0077584 0077585 0077715 0277732 0377765 0077937 0278244 0278480 0278596 0078694 0378751 0379265 0079655 0080014 0280221 0280389 0080445 0380614 0280830 0280862 0080906 0081189 0281420 0081423 0081445 0281532 0281544 0282217 0282382 0282487 0282623 0283811 0084041 0284284 0084420 0284624 0284652 0085092 0285121 0385392 0085461 0285748 0085842 0086477 0086694 0086697 0286779 0086821 0087423 0487505 0087545 0387787 0287796 0088192 0288363 0088742 0089712 0089848 0389861 0090194 0090485 0090566 0090951 0091029 0291084 0091171 0091322 0391616 0091623 0091642 0092045 0292054 0292319 0092562 0393303 0093330 0093414 0093442 0093699 0094015 0394122 0094336 0094582 0094818 0094845 0095133 0095255 0095398 0295483 0095541 0295881 0296047 0096171 0096916 0096923 0097099 0297428 0098074 0098285 0098320 0098530 0099293 0299361 0299571 00100109 02100377 02100595 02101003 00101291 00101495 03101581 00102008 03102075 00102886 02104147 00104315 02104674 02104798 02104825 02105737 00106145 00106184 02106705 03106992 02107080 00107340 00107677 00107785 00107788 03107862 00108085 00108117 02108363 00108500 00109034 00109462 00109700 00109754 00110104 00110427 02110541 02110948 00111642 00111692 00111880 00111882 00111891 00112162 00112318 00112571 00112989 00113060 02113147
91620231 0079 02189 02210 02223 02294 03452 04506 02712 00720 02783 02830 03930 041111 041266 031305 021435 031673 021765 001891 032040 012083 032226 032249 022408 002416 022453 022688 033064 023290 003481 023637 003937 024315 044515 044542 025107 025313 035684 025791 025813 006092 036129 046622 027189 027370 028274 008515 028531 048657 008669 048894 049149 029416 049423 009627 029903 0210033 0010157 0310242 0310470 0210493 0210806 0210853 0210926 0310938 0211181 0011411 0411435 0211748 0111752 0012170 0212241 0012406 0312512 0312684 0212770 0013025 0014095 0414103 0214122 0314502 0014511 0414554 0214936 0215102 0215391 0315423 0315505 0015570 0216177 0416256 0416583 0216977 0217146 0417212 0217318 0017321 0017633 0217847 0317954 0318102 0418431 0418989 0419243 0219508 0019615 0019726 0220212 0220374 0320769 0320806 0420832 0420907 0020991 0221173 0321336 0221391 0421423 0021546 0321891 0221980 0022059 0222447 0222456 0222497 0022549 0022679 0423004 0423092 0323292 0423408 0023507 0423995 0224010 0424083 0324638 0224730 0025140 0225154 0025415 0325505 0225556 0025831 0326147 0227630 0227837 0227966 0228342 0228387 0328469 0428750 0328892 0328934 0029052 0229440 0229477 0229510 0229556 0029826 0229879 0029969 0229974 0029995 0230304 0230395 0030486 0330617 0330703 0030723 0230858 0231005 0331191 0031660 0032150 0032235 0232336 0232451 0032832 0332887 0332913 0232926 0033062 0033187 0433225 0033481 0233523 0033524 0233600 0333645 0233782 0234079 0034416 0034837 0334913 0234949 0335064 0035114 0235222 0235287 0035473 0035504 0035512 0235703 0235804 0035815 0235935 0035947 0336428 0336487 0336528 0036628 0036649 0036813 0236866 0037184 0037205 0037567 0237581 0037611 0238069 0238196 0238224 0338832 0339580 0240391 0240433 0240690 0040749 0240756 0240981 0240985 0341131 0341192 0241439 0341461 0241906 0341940 0241941 0342122 0242639 0042764 0242832 0243194 0244214 0044578 0244874 0445034 0345253 0246090 0246231 0046383 0446529 0246622 0346748 0246936 0247162 0047195 0047200 0347308 0047556 0347737 0248049 0248429 0048505 0048780 0248973 0249269 0249281 0249301 0449425 0349488 0049803 0249865 0050265 0050552 0250621 0050791 0051008 0251053 0251292 0052152 0252175 0052255 0052332 0052465 0052511 0053031 0253136 0253160 0353310 0253432 0053790 0253895 0054578 0354609 0054610 0254884 0355089 0255270 0055337 0055424 0255570 0256053 0056106 0256495 0356774 0256904 0257064 0357562 0257704 0057761 0057794 0457804 0257986 0258030 0058070 0058210 0058211 0058475 0058531 0258738 0058768 0259202 0059367 0059428 0059508 0059777 0359887 0059935 0360305 0060420 0260459 0460521 0060668 0261239 0061612 0061825 0061970 0262166 0263462 0063743 0063780 0063796 0064841 0264864 0064877 0064894 0065291 0065512 0265545 0065570 0065895 0065917 0266146 0266370 0266683 0266718 0066800 0067010 0267094 0067150 0067225 0267235 0267456 0267526 0267607 0067640 0267704 0267723 0067769 0068064 0068426 0068448 0369089 0369434 0369602 0269774 0269950 0270180 0070376 0070385 0070833 0470864 0071015 0271155 0371186 0071420 0071544 0071658 0471889 0071990 0272129 0072215 0272421 0072710 0072731 0073241 0273451 0073513 0273670 0073840 0074239 0074339 0374418 0074580 0074719 0275165 0075225 0275337 0075456 0075725 0275878 0276123 0076160 0276235 0376390 0076396 0076495 0076831 0076947 0277026 0277223 0277237 0277472 0277551 0077639 0077725 0277860 0077885 0078082 0078317 0078507 0278808 0279434 0279463 0279588 0079660 0279810 0079884 0080676 0081144 0281487 0081601 0281609 0081868 0282170 0082238 0282313 0082506 0082616 0282813 0082908 0382930 0283048 0283172 0283230 0083327 0283429 0283592 0284222 0084316 0284507 0084980 0284984 0085000 0085150 0085421 0085527 0085560 0085600 0085667 0086451 0086551 0286726 0286824 0386923 0287386 0287494 0087913 0288184 0088312 0288353 0088370 0288480 0088657 0089407 0289429 0089993 0090127 0090534 0090606 0090897 0091036 0091082 0291170 0091343 0291510 0091761 0292062 0392418 0092478 0392706 0092719 0092829 0292854 0292978 0093412 0293484 0093600 0293657 0293697 0294126 0094459 0094509 0294888 0295057 0295085 0095206 0095335 0095397 0095704 0096294 0096434 0096472 0096659 0096750 0296802 0096957 0296986 0097064 0297109 0297177 0097199 0297348 0097573 0098114 0098298 0098328 0298373 0298568 0298635 0098671 0298807 0298985 0099074 0299098 0299275 0399715 0099876 0099927 0299970 02100000 02100018 02100076 00100770 00100860 00100996 03101123 00101136 00102080 00102364 00102635 00102648 00102853 02103124 02103330 02103417 00103662 00103686 00103832 00103987 00105231 00105296 02105362 00105390 00105396 00105453 00105471 00105578 00105772 02105909 02106153 00106300 00106335 00106425 00106510 00106516 00106578 00106601 02106749 02106771 00106814 00107072 00107234 00107367 00107588 00107759 00107763 00108038 00108128 00108150 00108474 00108521 00108606 02108705 00108908 00109408 00109694 00109950 00110125 00110336 00110532 00110628 00110877 00111018 00111217 00111362 02111390 00111699 00111708 02111839 00111906 00112094 00112713 00113108 00113485 02113503
91620241 02112 03583 02646 001259 041280 021426 021590 001627 041723 001759 041811 002311 002370 042621 002736 042804 023116 023155 023598 003632 043679 023819 044163 044770 004787 024918 005018 045193 045199 005294 015544 026015 026153 006260 026417 026507 006572 026774 037056 027678 047850 007877 007940 008324 008327 048470 048742 029214 039415 039663 0010099 0410386 0410613 0410851 0311050 0411107 0011122 0311322 0411336 0311387 0211566 0411634 0211646 0411655 0311784 0211806 0312488 0212695 0212922 0213000 0413262 0413309 0013619 0213897 0414328 0414396 0414421 0314471 0414501 0214529 0214686 0414706 0214746 0015082 0215213 0415239 0315369 0215404 0315628 0215659 0415776 0315784 0216283 0016329 0116483 0316516 0216925 0217142 0017197 0017246 0217691 0218233 0218376 0418468 0418494 0218644 0218976 0018983 0019113 0019733 0019895 0419986 0220000 0020281 0020405 0020891 0020949 0420980 0421080 0221181 0321305 0421554 0021642 0421827 0021889 0421900 0221931 0221958 0322236 0422646 0223270 0023302 0023674 0423793 0023950 0224266 0324415 0224419 0024423 0024495 0324516 0224518 0424793 0425156 0225591 0025894 0025972 0425985 0026171 0226382 0426398 0026484 0026858 0026928 0026938 0027098 0427750 0028008 0428039 0228083 0228107 0428460 0329003 0229132 0029412 0029627 0430223 0030229 0430360 0230446 0330689 0030776 0031034 0031208 0031217 0231451 0032021 0032284 0032385 0232475 0232988 0033617 0433853 0233938 0034399 0434558 0234594 0234741 0234879 0235101 0435124 0035800 0235875 0235878 0035900 0235943 0036239 0436273 0036527 0036725 0236851 0436949 0237011 0437450 0237548 0037555 0037701 0037753 0037936 0337939 0237946 0238118 0238227 0038233 0038985 0439357 0239459 0239467 0239632 0239651 0039965 0240056 0440193 0040407 0040438 0240554 0440596 0240631 0040698 0340750 0240875 0241248 0241534 0341765 0042045 0342454 0042501 0042801 0043317 0043375 0043650 0243676 0343728 0343910 0044055 0044088 0244187 0044246 0244280 0044702 0344716 0044968 0044991 0245170 0345331 0045733 0046145 0046369 0346400 0046508 0046602 0446662 0446683 0046810 0046885 0447196 0047371 0247463 0247515 0047629 0247696 0347894 0047943 0248156 0048191 0048383 0048660 0248784 0049122 0349230 0049371 0249402 0049476 0249647 0349749 0249870 0050096 0250153 0050200 0050232 0050617 0450647 0250889 0051129 0251642 0051678 0351885 0251982 0251999 0052044 0052578 0252747 0253020 0253073 0253335 0053566 0353927 0054057 0254112 0054140 0054171 0054367 0254484 0254634 0354835 0055260 0255396 0055453 0055780 0055785 0055980 0055981 0256030 0256118 0256173 0256607 0356625 0256841 0356956 0257090 0057382 0257495 0257656 0057906 0257950 0058066 0058669 0059094 0059233 0359401 0259443 0259554 0059899 0360033 0060037 0061197 0061283 0461651 0361809 0062060 0262194 0062330 0062592 0362823 0063466 0363647 0063803 0063938 0063948 0064070 0264076 0064154 0264516 0064769 0264997 0265076 0065183 0365325 0065364 0265495 0066236 0266352 0066694 0266827 0066897 0467222 0267389 0068027 0268182 0068308 0068311 0268344 0068529 0068796 0069029 0070105 0070214 0270634 0270693 0470723 0070736 0270954 0270993 0071068 0071070 0071305 0271751 0071903 0071947 0272094 0072250 0072522 0272828 0073236 0073455 0073554 0273558 0073631 0373678 0073699 0073798 0073910 0073945 0274356 0474601 0074664 0074862 0375309 0275669 0076009 0076129 0076228 0076726 0077467 0077493 0277514 0377651 0278158 0478177 0078415 0078611 0078749 0078787 0079309 0079502 0079882 0279929 0079961 0080639 0080827 0080960 0081080 0081713 0082189 0082220 0082412 0082481 0082726 0082806 0282941 0083142 0283190 0083247 0084091 0284105 0284140 0084449 0084634 0084699 0084763 0285209 0285794 0285802 0085831 0085908 0086103 0086182 0086398 0086739 0086778 0086885 0087005 0387172 0387228 0087485 0287680 0087682 0287838 0087904 0087955 0087970 0088344 0088466 0088505 0088523 0388572 0288797 0088929 0088947 0089080 0289170 0289235 0089439 0089545 0089776 0390169 0290281 0290898 0091007 0291043 0091075 0091250 0091528 0291853 0291876 0092211 0092250 0092271 0092889 0093064 0293585 0093933 0094065 0394146 0394253 0094665 0094743 0094851 0096022 0096039 0096088 0096150 0096417 0096469 0296629 0097023 0097268 0297845 0098221 0298472 0398697 0098809 0298831 0098839 0098854 0099314 0099690 00100054 00100185 02100254 00100514 02100620 00100831 00100887 00100908 03101061 00101113 00101413 00101633 00101671 00101921 02101981 00102043 00102082 00102275 00102291 00102327 00102704 00102725 02102912 00103194 00103341 00104037 00104088 02104189 02104364 03104395 00104466 00104668 00104869 03105105 02105326 00105516 02106446 00106507 00106700 02106822 00107013 00107436 00107724 00107909 00108135 00108152 00108166 00108229 00108538 00109660 00109699 00109730 02109931 00110180 00110231 00110304 00110352 00110654 03110946 00111075 00111082 00111283 00111377 00111456 00111624 00111679 00111827 00111849 02111867 00111915 00112359 00112468 00113089 00113154 00113275 00113541
91620251 02159 04366 04369 02482 021053 041197 031295 001319 001740 042097 042203 042403 043112 003214 043365 003540 004205 024350 034392 044394 024980 045086 025225 015273 005331 035444 045630 045811 026071 046167 006282 036770 027214 027283 047434 027720 047846 048014 028088 028759 038966 029113 049147 049356 049674 009917 009923 039978 0210031 0010063 0410214 0210737 0210755 0010945 0211281 0211327 0411860 0212530 0412778 0413211 0413290 0013689 0414424 0414603 0314801 0314949 0415128 0415145 0215198 0415242 0415428 0415498 0215767 0315798 0415848 0215977 0215996 0416023 0216216 0416224 0416225 0416231 0216404 0416592 0416812 0316988 0017103 0417262 0417677 0418011 0218119 0218350 0418426 0019434 0419435 0419697 0419762 0420539 0020747 0320793 0220893 0020932 0021340 0021499 0021655 0221860 0221939 0221988 0022021 0422263 0422378 0222471 0222535 0222684 0422709 0222922 0023032 0423259 0223263 0223932 0224040 0424158 0224263 0025426 0425452 0225761 0326043 0026139 0026316 0226364 0326387 0226396 0026441 0226713 0226794 0427070 0027152 0027799 0227868 0328189 0028496 0128839 0428990 0229028 0429188 0029411 0429418 0030077 0230317 0030637 0430672 0030906 0330966 0431004 0231015 0331559 0232126 0432580 0032753 0033338 0033394 0033468 0433584 0433674 0433708 0033742 0233854 0034158 0034177 0234186 0034198 0434367 0234481 0034836 0434954 0434981 0034995 0435045 0235379 0235576 0235643 0235999 0236051 0436242 0236259 0236504 0336881 0237104 0237157 0437564 0437705 0037717 0037748 0037818 0238094 0038241 0038495 0038606 0238679 0038857 0038875 0038972 0339060 0039383 0239745 0240323 0440396 0240882 0241057 0041714 0441801 0042033 0243014 0343025 0043257 0243358 0043657 0243802 0343946 0243966 0044565 0244596 0244600 0044655 0344751 0244784 0044900 0344976 0045366 0445490 0245603 0046312 0046610 0446799 0247417 0047562 0247585 0247595 0047909 0048005 0048132 0048237 0048906 0049296 0049312 0049455 0049525 0049648 0049804 0049864 0049968 0050016 0450086 0250190 0050573 0450701 0050799 0051976 0052014 0252346 0252806 0253076 0053368 0353533 0353588 0353639 0353842 0053857 0254096 0254134 0254696 0254703 0254775 0055430 0055549 0455777 0056070 0456110 0056226 0256278 0456313 0256471 0356695 0256754 0056916 0257051 0057298 0258073 0258087 0258234 0058350 0058573 0258867 0259179 0059271 0059312 0259355 0059569 0059638 0260359 0060560 0260857 0060868 0060878 0260993 0461184 0061195 0061244 0061433 0061596 0261653 0461675 0362079 0062149 0062401 0462664 0062753 0063153 0063469 0063589 0063607 0063965 0364082 0364272 0064395 0064500 0064871 0064968 0464984 0364985 0065008 0065369 0065595 0065624 0065796 0065940 0066020 0066295 0366303 0067152 0067163 0267271 0067579 0067916 0267972 0368652 0068838 0269162 0269889 0469890 0270079 0270568 0370654 0270923 0071684 0371715 0271818 0271835 0072014 0072300 0272372 0272453 0272638 0072639 0072759 0073034 0073323 0273474 0073691 0274007 0074178 0074200 0274320 0274536 0074746 0075374 0275394 0075809 0276000 0276021 0076378 0276519 0076717 0077192 0077701 0078171 0278307 0278551 0078865 0079018 0279168 0079413 0079589 0079814 0080246 0080444 0080745 0081266 0081285 0081666 0281825 0282076 0282126 0282175 0082464 0282601 0083297 0283305 0083331 0083379 0383386 0283444 0084046 0084325 0284396 0084417 0084657 0085142 0085163 0085416 0085547 0086021 0086355 0086653 0087331 0087480 0087664 0088133 0088490 0088518 0088646 0288691 0288762 0288973 0288977 0089102 0089476 0089799 0289877 0090726 0390925 0291984 0092123 0092765 0092981 0393038 0493146 0093246 0093483 0093535 0093731 0493734 0093909 0093973 0294458 0095108 0095974 0096412 0296540 0296720 0097036 0097315 0097667 0097671 0097764 0097966 0098063 0398335 0298689 0099009 0299104 0099341 0299882 00100036 00100281 00100323 00100345 02100474 00100490 00100524 00100579 00100863 02101216 00101284 00101439 00101826 00102362 00102987 00103489 00103545 00103591 03103603 00103661 00103804 00103848 00104484 00104579 00104698 00105742 00105847 00106006 00106378 02107023 00107247 02107450 00108112 00108397 00109077 00109449 00109460 00110763 00110858 02111277 00111650 00111711 00111806 00112033 00112082 00112412 00112424 03112533 00112628 00112761 00112935 00113118 00113262 02113436
91620261 03314 02422 03586 03648 02938 041646 001805 042053 022170 022179 002218 002296 022349 043163 033187 033352 033600 003624 003675 004165 034268 044334 024528 044535 044538 025287 035398 005744 025866 006113 006235 026741 026758 046818 006954 026994 027019 047670 007814 007863 047964 007971 048157 038262 028447 008591 008603 008865 048874 008916 029058 019395 009468 009604 049614 049617 049843 009914 039994 0010026 0010381 0010455 0410651 0010722 0410757 0210892 0011022 0211097 0411285 0011438 0011662 0311840 0311922 0012078 0412185 0212322 0012732 0012768 0412785 0412814 0012984 0413091 0213127 0213171 0213237 0213315 0213686 0214338 0214600 0214667 0014726 0114861 0314955 0215234 0215729 0015810 0015816 0315919 0416139 0016221 0416585 0216588 0016630 0416655 0016784 0016936 0016995 0217118 0217271 0217288 0417427 0017549 0017642 0017980 0318556 0018575 0018634 0418716 0218725 0418814 0018958 0219091 0019165 0019233 0019492 0219582 0219784 0019934 0020009 0020089 0020277 0220404 0020587 0220939 0221136 0021271 0021386 0421455 0421800 0022288 0222462 0122924 0023117 0423267 0223525 0023603 0223936 0023970 0224190 0424453 0224470 0024965 0425094 0425105 0025375 0025435 0025691 0226290 0227365 0227402 0427517 0227565 0228261 0028283 0028646 0028921 0429015 0429062 0029209 0029259 0229340 0329376 0229714 0029799 0429836 0230022 0030035 0330069 0230133 0030140 0030274 0330295 0230347 0430454 0430465 0030495 0030897 0031093 0031637 0231869 0331872 0231938 0031978 0232375 0332457 0432483 0032726 0232891 0032950 0033014 0233241 0233328 0433450 0033492 0233616 0033731 0033740 0233752 0233922 0333947 0234150 0234385 0034482 0034640 0434661 0034665 0235012 0035083 0035711 0235754 0436130 0236210 0236549 0036665 0036678 0036794 0236837 0036906 0236953 0237028 0037250 0037590 0237953 0037976 0238010 0238292 0038576 0338855 0039026 0039110 0039114 0039137 0039162 0039507 0039542 0039600 0339622 0039960 0040106 0240170 0040176 0040243 0040572 0040783 0040809 0241096 0041145 0041208 0341221 0241352 0041588 0341658 0041689 0041838 0041934 0042165 0442210 0242430 0042578 0042618 0242890 0042907 0043069 0043148 0243242 0043403 0243417 0043639 0043665 0043789 0343965 0044307 0244384 0044394 0244485 0244632 0444644 0244698 0044738 0244840 0045497 0445602 0045677 0245833 0045946 0246094 0046289 0246340 0246498 0046510 0246898 0346939 0246993 0047482 0247598 0247637 0047749 0248044 0048098 0048134 0348162 0048183 0048294 0048426 0048474 0048689 0048697 0048830 0248940 0249030 0049038 0349062 0049129 0049162 0449250 0449287 0049416 0249811 0350063 0050438 0250466 0250561 0051001 0451254 0051318 0051321 0251470 0051495 0051527 0251669 0252085 0052143 0452161 0052213 0252361 0052673 0052791 0453148 0053279 0253471 0053506 0053659 0053779 0254155 0254195 0054341 0054510 0054566 0054604 0254652 0054709 0054914 0055207 0255315 0055457 0055496 0055546 0055653 0255655 0055694 0055699 0055796 0055883 0055891 0055966 0256084 0056332 0256512 0056702 0056913 0056966 0057153 0057301 0257335 0357636 0258047 0058120 0258295 0458378 0258594 0058675 0258689 0258942 0059017 0259113 0059198 0059343 0059362 0059438 0059580 0059585 0059760 0359908 0060228 0360264 0360298 0260313 0060685 0060718 0060767 0060806 0061250 0261495 0061542 0261581 0361627 0262214 0062257 0062275 0062424 0062726 0062940 0063209 0063330 0063432 0063579 0063691 0263935 0063953 0064183 0264186 0064526 0064597 0064660 0064942 0265218 0065333 0065386 0265532 0065953 0066090 0066393 0066408 0066581 0066799 0066914 0067021 0067065 0067338 0067344 0067543 0067577 0068106 0268380 0068487 0068646 0068850 0068859 0068947 0069195 0069427 0469526 0069532 0269658 0069691 0070136 0070205 0070404 0070427 0070482 0270489 0070553 0070627 0270643 0070722 0270766 0071117 0271158 0271175 0071229 0071524 0071547 0071637 0071747 0071986 0072017 0072022 0072211 0072484 0072676 0072693 0073077 0073486 0273723 0073914 0074004 0074081 0074211 0074322 0074326 0074433 0074548 0074602 0074643 0074904 0074908 0074920 0074950 0275078 0075091 0275205 0075369 0275418 0075428 0375653 0075765 0075850 0075882 0076012 0076082 0076148 0076201 0276319 0076904 0077028 0077056 0077097 0077199 0077212 0077299 0077343 0277580 0077687 0277806 0077832 0077943 0078009 0078188 0078331 0078391 0078414 0078817 0078827 0078886 0078936 0079014 0079029 0079170 0079171 0079348 0079350 0079387 0379447 0279614 0079846 0080216 0080393 0080480 0280684 0080711 0280751 0081020 0081154 0081357 0281470 0081507 0081759 0082106 0082229 0082252 0282420 0082470 0082729 0082952 0282990 0082999 0083245 0083346 0083419 0083559 0083607 0283703 0084049 0384061 0084203 0084360 0084404 0084473 0084479 0084517 0284619 0484669 0084694 0084852 0284882 0084908 0284979 0285171 0085193 0085252 0285302 0285322 0085555 0085592 0085648 0085696 0285862 0085872 0085948 0086095 0086326 0086328 0286402 0086532 0086888 0086911 0086981 0287615 0287728 0287909 0087946 0387954 0087990 0087996 0088182 0088431 0088458 0088468 0089010 0089012 0089107 0389187 0089289 0389367 0089457 0089474 0089477 0089598 0089925 0090072 0290094 0090132 0290240 0090251 0390433 0090490 0090512 0290517 0090533 0090558 0290628 0090655 0090691 0290760 0090889 0091239 0091293 0091455 0091471 0091657 0391692 0091767 0091777 0291791 0091819 0092126 0092253 0092399 0292458 0092658 0092838 0092916 0093307 0293367 0293437 0093723 0093852 0293951 0094016 0294017 0094368 0294402 0094453 0094518 0094571 0094602 0094653 0094996 0095156 0295199 0095233 0095405 0095703 0095796 0096146 0096368 0096392 0096489 0096555 0096627 0396724 0096749 0096809 0096932 0397106 0097168 0097245 0097270 0097398 0097407 0297535 0097544 0097583 0097587 0097588 0097628 0097700 0097827 0298078 0098132 0098173 0098214 0098559 0098674 0098784 0098840 0098890 0099150 0099295 0099811 0099938 00100137 00100260 00100378 00100585 02100743 00100763 00100766 00100806 00100817 00100959 00101089 00101344 00101435 00101441 00101453 00101592 00101859 00101865 00101882 00102095 02102157 02102274 02102375 02102377 00102549 00102659 00102714 00102767 00103099 00103163 02103167 02103477 00103781 00103807 00103884 00104038 00104060 00104151 00104202 02104239 00104434 00104550 00104617 00104628 00104807 00104837 00104838 00105278 00105508 00105634 00105656 03105786 02106067 00106108 00106112 00106244 00106270 00106443 00106463 02106591 00106675 00106806 02107152 00107231 00107296 02107434 00107517 00107605 00107662 02108186 00108190 00108311 00108335 00108479 00108557 02108642 00108689 00108959 00109067 00109198 00109288 00109369 00109537 00109718 00109732 00109841 02109875 00110063 00110163 00110355 00110375 00110495 00110497 00110538 00110688 00110754 00110924 00111067 02111206 00111263 02111293 00111659 00111919 02112072 00112338 00112348 00112366 00112562 00112566 00112736 02112894 00113037 00113196 00113257 00113292 02113307 00113366
91620271 03382 03468 04486 00491 03680 03840 03970 031072 031104 001171 001325 031348 001451 031496 031549 031586 001766 032073 032253 032256 032508 002624 032643 042737 003028 043323 003345 033654 023687 043746 024115 034389 004887 024936 035009 035183 005440 045560 045747 005770 035893 036035 046072 046090 006125 026404 026513 006609 036664 036826 046849 006932 027385 037592 037641 007690 007914 038021 038043 038116 038307 048484 028500 038629 028997 039056 049093 049118 029136 049233 039432 039733 039799 029937 0310101 0310190 0410290 0310344 0010707 0010815 0310880 0311102 0011139 0211154 0211175 0311484 0311554 0211612 0311743 0312044 0412383 0312835 0312881 0313040 0213168 0313180 0013186 0213339 0413349 0013361 0013626 0313671 0013870 0313916 0413968 0314026 0314167 0214517 0014857 0314998 0315122 0315287 0415289 0315334 0215649 0415929 0316079 0316127 0216208 0316218 0416499 0316500 0316515 0016622 0016625 0417081 0017249 0317428 0017530 0317789 0318012 0018013 0018135 0418188 0218271 0018281 0218372 0018391 0018485 0218517 0318687 0218834 0318891 0019041 0319189 0319212 0219394 0219412 0219587 0019660 0319694 0319720 0219797 0019846 0319917 0320049 0020102 0220202 0020219 0020717 0021144 0321473 0321601 0021755 0221824 0021862 0322305 0322336 0122403 0422452 0222500 0222764 0423349 0323357 0423656 0023690 0023777 0323789 0023872 0324053 0324168 0224430 0324667 0324701 0024747 0325034 0025098 0225155 0325322 0425466 0025738 0425932 0025987 0226238 0326253 0326268 0326278 0326385 0326395 0326511 0326647 0026917 0426989 0327123 0027264 0127408 0027526 0027643 0327702 0227740 0427909 0227919 0227961 0428187 0328411 0028698 0328981 0028999 0229043 0029245 0329509 0329555 0429684 0329758 0029842 0229930 0029931 0229960 0029983 0030031 0330139 0230158 0430169 0030321 0330422 0230563 0430669 0030831 0331154 0031188 0431362 0331398 0231475 0231859 0031860 0331900 0431970 0032013 0032341 0032602 0032641 0332673 0032885 0032947 0032993 0333195 0233260 0233337 0333495 0033655 0033784 0033796 0333809 0033916 0033927 0033967 0034062 0334169 0234332 0334457 0034551 0034939 0034945 0335135 0335359 0235533 0235745 0035750 0335799 0035851 0236947 0036995 0337052 0337196 0337210 0037334 0337483 0037487 0037515 0337760 0337811 0337983 0338175 0238213 0038564 0038702 0238822 0038922 0239047 0439139 0339180 0339243 0439300 0039389 0239426 0039430 0339747 0339763 0340018 0240137 0340287 0040318 0240636 0040770 0340776 0340888 0341256 0241341 0041434 0241469 0042132 0042483 0042488 0242561 0342658 0243085 0243106 0343126 0043447 0343833 0044019 0044304 0244308 0044324 0344328 0344476 0244522 0244581 0344591 0344681 0044786 0244815 0044866 0044975 0344983 0045122 0345143 0445272 0245325 0045449 0345485 0345632 0045882 0045979 0046273 0046848 0046889 0047240 0347487 0347601 0048035 0248138 0248452 0348484 0248502 0048685 0048764 0348942 0048964 0348998 0349021 0349039 0049058 0049177 0249309 0049322 0049407 0049431 0049551 0250022 0050077 0050078 0050130 0350145 0350191 0250427 0050475 0350480 0050484 0450588 0250598 0250784 0051398 0351399 0051532 0051565 0251695 0251889 0252118 0052597 0052607 0352687 0352700 0052718 0052725 0052737 0352784 0252820 0352995 0353083 0353298 0353550 0353608 0053630 0253668 0353714 0254023 0254036 0054086 0354515 0054533 0054801 0355500 0255648 0255784 0355807 0355896 0056353 0456423 0356575 0356682 0056711 0056756 0056928 0256989 0057024 0257593 0357660 0457782 0357932 0358013 0058168 0058170 0058184 0358243 0358301 0058326 0358496 0058782 0058868 0058893 0059119 0059406 0359498 0259779 0059787 0359915 0059973 0459998 0060044 0260077 0260102 0360469 0060699 0060753 0360789 0060835 0060836 0060974 0061046 0361468 0061483 0261497 0061735 0061739 0361790 0361833 0061834 0062036 0262055 0062089 0062158 0062163 0062420 0062570 0262741 0262745 0062803 0063111 0063133 0363396 0063558 0363627 0063668 0063959 0263997 0064416 0064465 0064466 0064585 0364627 0065063 0065232 0465421 0065554 0365653 0065673 0065922 0366062 0066397 0066619 0066685 0366871 0267011 0367060 0067102 0467220 0367538 0067546 0067547 0267568 0067648 0067773 0067853 0067989 0068078 0068135 0068202 0068241 0068485 0368516 0068564 0068567 0068708 0368724 0369158 0069190 0069215 0069254 0069287 0069432 0269435 0069465 0369692 0069698 0069716 0069787 0070365 0070440 0370534 0070701 0070726 0070781 0070819 0070889 0070949 0070990 0371391 0071451 0071808 0072052 0372160 0072364 0072441 0372457 0072599 0372645 0072787 0073248 0073303 0073400 0273446 0074016 0074305 0074348 0074559 0074574 0074701 0074715 0075223 0075244 0275304 0075473 0375491 0375694 0375788 0076087 0376121 0276172 0076191 0076520 0076640 0076681 0276690 0076944 0076978 0077021 0077111 0077353 0077453 0277520 0077809 0077895 0278209 0378373 0078752 0078759 0278778 0078997 0079063 0079301 0379356 0379511 0079533 0079558 0379683 0379743 0080282 0281181 0281206 0081396 0381483 0081590 0081731 0281817 0082003 0282008 0082147 0082262 0082305 0082410 0082544 0082751 0082822 0382846 0082901 0082913 0083000 0083180 0083309 0383407 0083639 0083725 0283830 0083898 0083937 0084223 0084303 0084525 0084597 0084637 0084645 0084653 0084897 0085041 0085194 0085464 0085476 0485607 0085975 0086125 0086223 0086310 0286382 0086629 0086657 0286833 0286969 0387413 0387500 0087794 0087880 0088047 0088049 0088552 0088564 0088688 0088798 0088802 0288985 0289003 0089052 0089086 0089152 0089162 0289193 0289384 0289490 0089534 0089923 0090102 0090125 0390300 0090353 0090378 0090502 0090562 0090762 0390800 0390987 0091191 0091394 0091662 0091747 0091792 0092316 0092389 0292413 0292627 0392863 0092903 0092959 0093237 0093348 0093370 0093502 0393859 0393947 0094005 0094039 0094266 0394820 0094825 0394975 0295073 0095171 0095214 0095295 0095340 0395584 0095620 0095691 0095778 0095944 0296068 0396202 0296325 0096327 0096471 0096554 0096632 0396936 0096944 0096979 0097192 0097311 0297605 0097873 0098053 0098323 0098684 0298783 0299093 0099220 0299303 0099373 0099478 0099554 0299659 0299801 00100153 00100191 00100272 00100321 03100437 00100473 00100589 00100720 00100732 00100822 00100988 00101151 00101158 00101595 02101652 00101958 00102055 00102127 00102178 00102237 00102515 00102665 00102840 00103093 02103218 00103287 03103310 00103487 00103501 00103564 03103593 00103796 00104125 00104258 00104266 00104328 00104439 03104470 00104590 00104864 03104886 03104942 03105279 00105514 00105568 00105671 00105733 03105870 00106081 00106462 00106532 00106665 02106769 00106782 00106802 00106808 00106873 00107190 00107201 00107263 00107266 00107614 02107780 00107807 00107993 00108171 00108286 00108433 00108534 00108626 00108953 00109328 00109332 00109447 00109516 03109600 00109638 00109667 03110018 00110147 00110238 00110301 00110313 00110319 00110488 00110647 00110673 00110707 02110778 00110856 00110984 00111028 00111099 00111171 00111267 00111410 00111462 02111752 00111814 02111866 00111979 00111986 00112068 03112081 03112145 03112184 00112591 00112786 03112996 00113237 00113368 02113438 00113489 00113535
91620281 0266 03104 03107 03169 03346 02375 03399 03610 04718 031100 041262 041395 041655 021829 041894 041915 002077 022193 042377 032404 022405 032471 032674 022803 032890 042928 032962 033033 033073 033079 043180 043305 023425 033508 033575 023883 033944 034031 004087 004455 034458 034468 004647 034702 034749 035177 045218 035316 035351 035669 025819 035840 025904 006026 006053 026063 036252 006298 026330 026346 016510 036632 036872 036896 026931 037125 037384 007406 027494 047495 037577 037658 027664 037898 047947 037991 038175 028285 008315 038537 028538 008543 048589 048601 028641 038715 048724 039078 039660 039704 049933 0010067 0210091 0210258 0010746 0310790 0310793 0210799 0310818 0310891 0210939 0210957 0010994 0311248 0211294 0211302 0211307 0311351 0311374 0211584 0312021 0012143 0312247 0312287 0312359 0212378 0412410 0212518 0412639 0312647 0012682 0312712 0312885 0012974 0313284 0313306 0313310 0313327 0413329 0213421 0213429 0413492 0313648 0313688 0313739 0313742 0013773 0313842 0313885 0214058 0314204 0314387 0314461 0314516 0214542 0314552 0414575 0314707 0314815 0414904 0314935 0314966 0415093 0215464 0315604 0315663 0315818 0215939 0216173 0316200 0016245 0216312 0216332 0216526 0216572 0216727 0316818 0016862 0216903 0316952 0216986 0317027 0217190 0017224 0217346 0317434 0317538 0317558 0317586 0417737 0317809 0217977 0318069 0318185 0218229 0318261 0418285 0318306 0318319 0318385 0218413 0418539 0318650 0318667 0318740 0318830 0418890 0318960 0219050 0219194 0419196 0319223 0319232 0319241 0219462 0019774 0419779 0319927 0319980 0320014 0220017 0420028 0320184 0220319 0220399 0320475 0020509 0020557 0320715 0321015 0321026 0321180 0421218 0321286 0321409 0321458 0421483 0321638 0021732 0322089 0022319 0222357 0022527 0222588 0022610 0322707 0322725 0322803 0422821 0222995 0322999 0323049 0323184 0423204 0323353 0323398 0223451 0223456 0423784 0023785 0323814 0023850 0223912 0323914 0324213 0324234 0024315 0324506 0324517 0224812 0424896 0224954 0224987 0025039 0325057 0025185 0325195 0025221 0425233 0325311 0225361 0325401 0325413 0325420 0425434 0325519 0025632 0025645 0025805 0225818 0225867 0325991 0026064 0326120 0226148 0126279 0326448 0026547 0326563 0226604 0226813 0226884 0326906 0327457 0027467 0327549 0327623 0327698 0327739 0327942 0328128 0028181 0228198 0228222 0328243 0428340 0328423 0028506 0028515 0328593 0228632 0428704 0328705 0328825 0329038 0229059 0329128 0029166 0329196 0229213 0329231 0329246 0229438 0329472 0029585 0329837 0329875 0029921 0329956 0230005 0330034 0330181 0230289 0330362 0030576 0230606 0230629 0430742 0230822 0230851 0230861 0330868 0031109 0431171 0331244 0331322 0031434 0031553 0431683 0331688 0232182 0032337 0432340 0432350 0032825 0233030 0233118 0333350 0433361 0333414 0433426 0333498 0433502 0033590 0333670 0233873 0333961 0034020 0334024 0034455 0034465 0234610 0034752 0334891 0034919 0334936 0334962 0335088 0235250 0235263 0335298 0035305 0235354 0335447 0235469 0335483 0335513 0435575 0335579 0035705 0335753 0335763 0335994 0436038 0336063 0236069 0336354 0236429 0336496 0336601 0436609 0336660 0436758 0036860 0236936 0337014 0337064 0337122 0037322 0337435 0437481 0237508 0037643 0337957 0038000 0438019 0038041 0338079 0338087 0438097 0238142 0038252 0038293 0338349 0338404 0338427 0238462 0338540 0338772 0038779 0338840 0338895 0338933 0038948 0338960 0339105 0239418 0439643 0239690 0339936 0339966 0239998 0040019 0040211 0340352 0340422 0340538 0340600 0340827 0341000 0341169 0341194 0341195 0241367 0341432 0341495 0241566 0041624 0041669 0241725 0241794 0041870 0241889 0042354 0342360 0342477 0042479 0242523 0342543 0042768 0342956 0042957 0042976 0242999 0043027 0043040 0043107 0343154 0343177 0043294 0343331 0343333 0243475 0343562 0343580 0443626 0343759 0343997 0343999 0244183 0244480 0244901 0044922 0245117 0245306 0345316 0245358 0045421 0345422 0345438 0345551 0045694 0346269 0046310 0246410 0246559 0046729 0346950 0447052 0047096 0047116 0347179 0047278 0047360 0047466 0247671 0347794 0347799 0048015 0048149 0448159 0348236 0048273 0048496 0348538 0348591 0048608 0348619 0349042 0349071 0349354 0049458 0349550 0349574 0049709 0049894 0049914 0350075 0050137 0450152 0350156 0250184 0350304 0050458 0050469 0350610 0250646 0450749 0350910 0351096 0351203 0251215 0251480 0051751 0351825 0352223 0352228 0352252 0252331 0052349 0352404 0352483 0352668 0052796 0052800 0252870 0352950 0053019 0353167 0353401 0353679 0353720 0353743 0353901 0253916 0354004 0054044 0354099 0054258 0354286 0354345 0354615 0254779 0354888 0354987 0355045 0255187 0055188 0355193 0255224 0055451 0355612 0055820 0355829 0355887 0256246 0056470 0356788 0356843 0056845 0357131 0357139 0057294 0057325 0057381 0357386 0357602 0057606 0257665 0057825 0257952 0458094 0358265 0258297 0258327 0258453 0458539 0258633 0259055 0059092 0359214 0259218 0059292 0259359 0259444 0359528 0359542 0359693 0359700 0359819 0259968 0260104 0060109 0060150 0360163 0460654 0260723 0360769 0260798 0060955 0361228 0361345 0261394 0361476 0361546 0061945 0362032 0062101 0262199 0062256 0062277 0062426 0062527 0362612 0362914 0062967 0063335 0263415 0263419 0263436 0263495 0063757 0263910 0063994 0064502 0364687 0264733 0264890 0064922 0365213 0265367 0365398 0265402 0065425 0066144 0266199 0366357 0066382 0366399 0366602 0366652 0366665 0066671 0066757 0266770 0266921 0266934 0067145 0267260 0267290 0067365 0367533 0267697 0267862 0067873 0368136 0068458 0268607 0068830 0069198 0369347 0269419 0269747 0370096 0070196 0070239 0370378 0370526 0370680 0370921 0070928 0071003 0071038 0071112 0371163 0071180 0071192 0071298 0371456 0071665 0071856 0371946 0271963 0372143 0072327 0072385 0272394 0072477 0372500 0272610 0272618 0272717 0372755 0373044 0073146 0273159 0073225 0273667 0273885 0073886 0273918 0073953 0274082 0074288 0074599 0074677 0074710 0374753 0074824 0074849 0074912 0274947 0075022 0275265 0075299 0375595 0075688 0075756 0375867 0375895 0276227 0076279 0076353 0076358 0376558 0076694 0276920 0076994 0277050 0077094 0077181 0377466 0377648 0077667 0377741 0077767 0078006 0078138 0078263 0078573 0078859 0078883 0079276 0379299 0079411 0279541 0079550 0079633 0279659 0379705 0379741 0080283 0080346 0380380 0080410 0080539 0380603 0280704 0080849 0080928 0081043 0081098 0081124 0281127 0381142 0081146 0081263 0081541 0081853 0081877 0082040 0082044 0382385 0282657 0082702 0382988 0383155 0283374 0083409 0083497 0083657 0383674 0083789 0083925 0083969 0384340 0084496 0384556 0384848 0384860 0284861 0085039 0085210 0385271 0385442 0085554 0085881 0085973 0086422 0286462 0386574 0086610 0086719 0086882 0287209 0387232 0387290 0087373 0087713 0387828 0087858 0387925 0088032 0088212 0088250 0088335 0288447 0088754 0088777 0388924 0289376 0289892 0089897 0390322 0390350 0390363 0090697 0090846 0491000 0091136 0491141 0291303 0091555 0291710 0091839 0091908 0092005 0292294 0092530 0292576 0092612 0092819 0092938 0293022 0093056 0093123 0093210 0393626 0093650 0393821 0093926 0093966 0294183 0394435 0394528 0094668 0394728 0294753 0394885 0095136 0295193 0295281 0095333 0295370 0395480 0395542 0095563 0395812 0095923 0395971 0096090 0296174 0296445 0296569 0396872 0297056 0097167 0097249 0097345 0297403 0097516 0297578 0297612 0097677 0097699 0397850 0397887 0098252 0098584 0098972 0299049 0299117 0299261 0399637 0399851 00100021 02100252 00100284 03100327 00100489 00100609 00100662 02101214 00101302 00101490 00101492 00101557 00101831 00102050 03102147 00102222 00102232 00102331 00102373 00102404 00102455 00102496 02102580 03103039 00103281 02103728 02103758 02103798 00103839 00103865 00103984 03104025 00104130 03104346 00104551 00104565 00105081 00105672 02105769 03105989 00106016 00106193 02106427 00106713 00106938 00107026 00107032 02107061 00107257 00107477 00107520 02107545 02107688 00107857 00108331 00108389 00108460 00108477 00108554 00108746 00108786 00108840 02108928 02109127 03109313 00109728 00109781 00109933 00110220 02110333 00110381 02110412 00110573 00110722 00110863 00111204 00111261 02111382 00111459 02111570 03111576 00111738 02111772 00111952 00112195 02112203 00112413 00112678 00112882 00113075 00113191 00113230 00113299 02113388 00113601
91620291 02298 00312 03477 04557 00608 03651 02854 00932 02943 03981 041021 021245 041534 031687 031920 031993 032172 032294 022606 042807 042879 032935 043124 023259 033306 003403 033505 033558 023647 003706 003742 023839 023995 004003 044206 004216 044271 044494 024734 044747 004790 004855 044881 034941 005003 045082 025259 025352 005404 045465 045530 005565 045646 005710 045745 005757 005783 045789 005939 005972 046030 046061 036065 026139 036184 046201 046264 026364 046471 036535 046631 046744 006824 037561 037667 027787 008071 048096 038350 048396 008624 038636 008860 038944 028955 039013 009054 049132 039207 009220 039349 039517 009580 009673 049831 029882 009969 0310035 0310051 0210085 0410097 0010423 0310726 0310734 0310771 0310894 0311108 0411382 0311510 0411556 0211732 0011948 0312019 0312289 0012482 0212540 0012745 0412748 0012867 0212891 0412918 0013049 0013215 0313347 0013370 0413489 0013562 0313563 0013823 0413829 0314226 0014381 0314565 0014661 0214890 0015011 0315167 0415406 0315427 0015461 0415533 0415543 0015697 0215721 0315739 0015913 0316019 0216053 0016307 0416396 0316445 0216657 0016675 0016693 0216698 0316902 0216951 0216959 0017049 0317228 0317255 0017375 0417465 0417469 0317727 0217790 0317848 0017877 0017997 0118085 0318245 0018250 0118274 0218293 0018486 0018523 0218955 0019098 0419320 0019511 0419536 0219547 0020068 0020214 0020546 0320669 0320773 0020808 0320876 0020906 0021164 0321233 0321255 0021365 0021370 0321629 0221634 0021694 0021725 0421841 0021997 0322167 0322395 0222410 0422436 0022542 0322654 0422874 0322964 0323023 0223366 0223384 0023413 0223469 0223520 0423537 0423548 0423693 0423993 0324005 0424137 0224216 0024490 0024843 0024895 0225087 0225090 0325511 0325630 0325810 0025837 0025931 0425993 0326053 0426192 0026216 0226276 0326589 0226693 0026714 0227041 0027073 0327114 0427246 0327357 0027481 0027693 0028165 0028212 0328401 0028477 0028492 0028544 0428638 0228781 0028833 0428877 0328932 0228957 0329021 0029113 0029531 0229674 0029753 0429768 0329843 0429847 0030272 0030293 0330306 0430352 0030410 0230490 0030499 0030538 0030558 0030641 0030674 0130815 0430937 0030955 0031318 0331320 0031388 0031505 0231548 0331550 0431561 0231743 0331848 0031856 0331862 0032171 0032212 0032339 0032550 0232822 0032927 0032966 0033095 0433252 0333505 0033634 0033813 0033919 0033970 0034048 0234323 0234446 0034507 0334644 0034785 0434803 0234843 0035047 0035087 0435139 0035155 0235229 0035274 0035331 0035337 0335376 0035450 0335471 0035491 0435526 0035595 0035687 0035792 0335965 0236046 0236053 0036118 0336282 0336301 0036798 0036931 0037086 0037128 0037158 0037180 0337431 0037546 0437603 0337637 0237680 0337715 0037905 0038138 0238177 0038222 0038433 0338754 0038830 0439073 0039246 0039338 0039583 0239700 0039860 0040058 0340094 0040261 0040281 0240284 0040486 0340566 0040568 0340715 0040910 0341143 0041186 0341237 0441295 0441310 0041503 0441511 0041666 0341972 0042000 0342117 0342119 0042174 0242394 0042403 0342722 0042857 0042944 0043008 0043068 0443198 0443504 0043510 0043568 0043577 0043664 0443709 0043727 0043782 0343878 0344062 0244514 0044660 0044664 0044730 0044781 0044788 0244794 0044881 0345243 0345403 0045506 0445680 0045806 0245942 0046114 0046497 0046553 0246577 0346688 0046704 0246762 0046924 0046927 0047552 0047559 0047570 0047594 0047657 0047798 0047803 0048144 0248171 0248289 0448332 0048382 0048503 0048853 0348882 0048953 0048994 0049367 0049471 0049670 0049720 0249925 0049938 0050536 0350575 0350590 0050698 0050702 0050750 0050904 0251125 0051266 0251454 0051489 0051506 0051534 0051705 0051716 0351811 0051852 0251986 0052007 0052073 0052121 0052317 0052370 0052374 0052415 0452498 0052539 0452586 0252780 0052845 0053097 0053215 0253355 0053407 0053436 0053452 0053511 0053597 0053614 0053678 0053887 0054180 0354243 0254454 0354509 0054553 0055408 0055806 0355814 0255903 0055925 0055939 0055992 0056091 0056496 0056653 0456723 0256741 0056786 0056869 0056937 0057151 0057231 0057323 0057545 0057682 0257709 0257751 0258038 0058158 0058179 0258244 0058264 0058360 0258432 0058468 0058564 0058656 0058946 0258953 0059004 0059041 0059231 0059345 0059409 0059455 0059476 0059487 0059495 0259754 0059762 0059815 0059817 0059896 0059914 0059934 0059980 0060092 0060094 0060250 0060316 0060408 0060439 0060443 0060529 0060597 0260874 0060962 0261235 0061435 0261463 0061480 0061531 0061677 0061706 0061808 0061899 0062002 0062033 0262043 0062192 0062279 0062306 0062359 0062673 0262778 0062882 0062925 0262989 0263130 0063226 0063250 0063284 0063351 0063424 0063657 0063851 0063943 0264012 0064102 0264151 0464202 0264236 0064602 0064692 0064785 0064811 0064965 0264966 0264972 0065055 0365067 0265140 0065297 0065720 0365872 0066008 0066109 0366572 0066573 0066686 0366692 0066842 0066969 0067014 0467096 0067109 0067165 0267202 0067401 0067463 0067623 0267645 0067679 0067698 0267846 0367997 0068085 0268401 0068587 0068643 0068751 0068895 0368917 0068979 0069014 0069027 0069063 0069135 0069200 0069326 0369327 0069353 0269408 0069519 0069581 0069625 0069757 0369805 0069859 0069966 0070171 0070177 0370207 0070243 0070284 0070297 0070329 0070471 0070512 0070657 0070682 0070790 0270825 0070942 0070988 0071091 0071110 0071215 0071339 0071350 0271592 0271660 0071830 0071956 0072001 0072114 0072144 0272319 0072377 0472714 0073000 0073039 0073144 0373178 0273208 0073238 0273253 0073531 0073655 0073750 0073754 0073776 0074065 0074072 0274084 0074103 0074106 0074107 0074119 0074125 0074196 0274225 0074310 0074353 0074445 0074654 0074733 0374745 0074830 0374957 0275025 0075095 0075323 0275489 0075501 0275505 0275517 0075644 0075673 0375674 0075689 0075699 0075799 0075859 0076010 0076132 0076341 0076367 0076851 0076997 0377092 0077318 0377335 0077385 0277392 0077518 0077728 0077996 0078207 0278277 0378342 0078369 0078407 0078449 0078547 0078681 0278705 0078760 0278959 0079190 0279308 0279469 0079527 0079844 0279859 0280136 0280145 0080165 0080177 0080247 0080353 0080567 0080585 0080842 0080979 0080993 0081051 0081074 0281087 0381107 0081333 0081447 0081530 0081537 0081798 0081800 0381956 0081973 0082115 0282162 0082429 0082433 0082620 0082634 0082663 0282798 0082825 0082856 0282960 0083110 0083515 0383724 0083746 0383783 0083850 0083940 0084279 0084289 0084352 0084527 0084804 0084821 0084953 0085006 0285091 0085231 0085328 0085617 0085708 0385711 0086050 0286051 0086132 0286158 0086456 0086643 0086682 0086711 0086754 0086931 0086980 0087188 0087264 0087393 0287429 0087446 0087513 0087582 0087602 0287669 0087672 0087683 0287751 0087800 0087924 0087959 0087988 0088045 0088359 0088404 0388443 0088489 0288579 0288682 0088789 0088853 0088857 0088919 0088944 0088998 0089006 0089221 0089426 0089465 0089604 0289643 0089700 0089728 0089741 0089806 0089838 0089881 0090234 0090247 0090249 0090253 0090321 0090659 0090676 0090739 0090742 0090884 0091003 0291287 0091425 0091602 0091802 0091921 0091933 0091945 0292037 0092098 0092171 0092244 0092251 0092252 0292311 0092506 0092600 0092773 0092899 0093165 0093214 0093265 0093278 0093279 0093447 0393524 0093576 0093666 0393740 0093911 0093917 0094027 0094070 0394083 0094121 0094167 0094244 0294366 0094424 0094511 0094514 0094552 0094657 0094774 0095045 0095053 0295360 0095451 0095547 0395588 0095603 0295725 0095789 0095905 0396015 0096024 0096116 0096378 0096397 0096415 0096428 0096451 0096528 0096678 0396798 0096835 0096863 0096937 0097110 0097164 0097165 0097320 0097339 0397376 0097382 0097617 0497632 0097649 0097751 0097858 0497860 0097965 0097985 0098073 0098091 0098175 0098255 0098271 0098409 0098478 0398534 0098572 0098759 0098761 0098848 0098906 0098909 0098953 0099089 0099157 0099204 0299258 0099269 0099300 0099458 0099488 0299695 0099745 0099808 0099829 0299915 00100126 00100164 00100235 00100326 00100719 00100736 00100898 00100909 00101072 00101132 03101160 03101244 00101318 00101364 00101429 00101482 03101487 00101762 00101866 00101877 00101897 00102024 00102473 00102532 00102537 00102567 00102710 00102727 00102744 00102749 00102842 00102857 00102900 00102976 02103109 00103216 00103342 00103357 00103493 00103602 03103634 00103650 00103716 00103805 00103826 00103853 00103935 00103985 02104065 00104178 00104260 02104319 02104344 00104351 00104394 00104467 00104767 00104778 00104850 00104861 00104982 00105049 03105084 00105121 03105152 00105168 00105197 00105324 00105439 00105465 00105546 00105557 00105644 00105668 00105736 00105872 00105930 03105983 00106055 00106197 00106266 00106442 02106453 00106560 00106579 00106640 00106764 00106820 00106881 02106894 00106917 00106929 00106956 00106994 00107109 00107172 00107392 02107489 00107535 00107806 00107869 00107885 00108155 02108249 00108357 00108373 00108503 00108552 00108729 00108757 00108796 00108858 00108906 00108910 00108935 00109019 00109164 00109244 00109306 00109311 00109398 00109454 02109679 00109686 00109696 00109792 00109827 00110072 00110135 00110170 00110198 00110203 00110278 00110382 00110508 00110562 00110773 00110807 03110813 00110850 00110914 00111162 02111164 00111182 00111446 00111453 00111478 02111568 00111718 00111765 00111779 00111850 00111869 00111885 02111886 00111949 00112177 00112204 00112233 00112279 00112325 00112332 00112434 00112499 00112578 00112658 00112704 00112839 00112876 00112899 00112991 00112994 00113025 00113116 00113149 00113171 00113181 00113253 00113411 00113422 00113504 00113517 00113545 00113594
91620301 0510 0611 0531 0632 01200 02244 03370 03430 03481 00688 03777 00831 00859 03975 001151 041213 031216 031254 031464 031614 031809 001870 002106 032150 032207 002350 032360 032407 032430 002443 022509 042517 002715 022768 032836 032867 033002 033043 023053 033183 003267 023349 033369 043382 033522 033562 023611 033785 004010 034176 034403 004426 024431 034617 044651 044691 004803 024841 034931 024962 045019 035235 035326 035564 035581 025617 005659 035725 005727 045821 035838 035888 045905 035959 036039 036169 026332 006463 026493 046526 046579 036623 026636 026750 026761 036974 037107 007138 037256 037327 037948 007954 028211 008237 008310 038362 008579 048625 008710 048763 038777 038789 028853 008912 028934 039007 049144 039211 009404 039418 009853 039910 0310032 0410160 0310173 0010213 0310224 0310301 0210481 0410483 0410503 0010520 0310567 0410694 0410863 0310962 0411052 0411179 0411386 0311474 0311522 0011572 0311734 0411953 0011972 0011983 0412006 0312183 0312390 0112441 0312457 0312676 0212795 0312861 0312928 0213105 0413188 0313302 0313571 0013579 0313795 0413865 0014034 0214070 0014075 0014218 0314238 0014339 0314341 0014362 0314378 0214414 0014475 0314688 0014834 0314837 0214868 0214876 0214929 0414965 0215030 0015040 0315138 0015165 0315187 0415332 0315398 0015528 0215586 0315685 0215753 0315923 0016025 0316096 0216392 0316401 0016444 0216517 0316679 0316766 0316885 0116890 0317020 0417043 0317048 0317189 0017238 0217327 0317420 0017482 0017495 0317755 0017911 0317932 0018000 0018075 0218082 0418114 0318241 0318631 0018763 0318917 0419087 0319116 0019255 0319342 0019463 0319496 0019731 0019752 0319840 0220011 0320051 0320176 0220511 0020566 0320709 0320720 0020786 0320856 0220911 0020942 0021032 0321052 0321094 0021194 0321195 0321466 0421565 0021622 0321678 0321743 0221846 0321848 0421917 0021952 0022018 0322020 0422161 0022303 0222325 0022496 0322582 0022631 0222721 0022778 0022823 0222918 0222987 0222997 0023082 0323095 0023150 0223212 0323272 0223283 0023420 0023491 0023588 0223660 0323687 0323762 0323817 0423865 0223929 0323931 0323979 0024030 0324268 0224304 0324326 0324439 0024508 0224630 0024725 0024728 0024735 0024825 0324827 0324924 0324943 0325021 0425301 0325336 0425407 0025473 0025492 0025564 0325619 0025765 0325778 0025792 0326013 0026058 0326174 0326202 0226281 0226348 0226497 0226550 0226742 0426807 0326822 0326837 0226889 0326910 0026990 0427066 0227105 0027126 0327270 0327473 0327484 0027529 0027556 0027575 0427721 0327760 0327911 0328034 0328065 0328106 0328356 0028375 0328458 0328516 0428743 0228756 0028783 0328805 0428859 0328944 0328985 0329034 0029112 0329216 0029408 0229426 0329493 0329572 0329575 0329629 0330118 0430199 0330202 0330208 0030387 0230428 0030429 0230519 0430544 0030743 0030763 0230866 0331070 0331174 0231179 0431197 0031227 0331263 0231326 0331329 0031419 0031443 0031452 0031581 0031792 0031841 0331865 0331930 0232153 0332229 0032236 0232314 0332369 0032536 0232587 0332609 0032714 0232767 0032906 0332977 0033053 0433318 0033331 0033673 0433683 0333771 0333800 0033845 0333880 0033940 0333965 0333971 0334033 0334045 0434135 0334222 0034261 0234450 0034505 0034604 0234632 0334647 0034673 0334685 0234774 0434863 0234871 0034873 0034890 0335036 0335110 0335535 0335622 0335659 0035767 0335946 0335953 0336045 0036160 0036201 0336256 0336296 0036389 0036421 0036589 0036816 0036908 0036933 0336975 0037005 0037038 0237047 0037071 0337072 0437131 0037147 0037172 0037212 0337380 0237416 0037458 0337543 0237863 0237871 0037979 0337999 0038050 0038106 0238125 0038137 0038178 0038188 0338206 0338237 0338366 0238414 0238547 0038769 0038868 0338886 0038916 0039206 0339348 0339401 0039465 0039476 0039524 0039548 0339577 0039655 0239664 0339734 0039755 0039784 0339785 0039909 0039919 0339950 0039970 0039982 0340100 0240201 0040202 0040251 0340309 0340343 0340349 0040351 0240487 0340623 0340627 0340699 0041130 0041174 0341178 0041704 0241752 0041800 0341901 0041914 0041993 0042079 0042169 0042261 0342457 0342584 0242645 0342686 0242734 0042755 0042761 0242794 0342824 0243067 0343088 0043181 0043210 0243605 0043754 0043868 0243927 0443957 0344004 0244017 0444047 0444197 0044217 0444249 0244688 0344690 0344813 0044913 0244957 0045215 0045226 0345232 0245352 0345399 0345405 0045609 0345622 0045631 0245640 0345755 0345932 0045962 0346033 0346072 0246178 0046265 0246416 0246418 0046528 0046613 0046954 0346983 0346992 0046995 0047025 0247182 0347219 0047261 0347501 0347547 0047717 0347720 0047728 0047848 0347868 0347920 0347921 0047941 0047973 0348004 0348067 0048154 0048248 0048421 0348464 0048537 0348563 0348644 0248793 0448834 0348877 0248883 0348991 0249010 0049022 0349024 0049088 0049181 0049248 0049320 0049453 0249541 0349582 0349592 0349893 0249977 0250034 0250353 0050362 0050544 0050549 0350650 0050658 0050824 0350849 0250895 0250948 0050971 0051075 0351126 0051179 0051183 0051192 0351283 0051330 0351354 0051370 0051512 0051601 0351620 0251631 0051659 0051712 0351752 0051753 0051763 0051781 0051891 0251947 0252087 0052248 0052328 0352446 0252447 0052490 0052602 0252697 0252713 0052765 0052821 0352962 0353023 0353088 0053154 0053192 0053288 0053352 0253487 0253581 0253616 0053707 0053710 0353716 0353829 0054050 0254114 0054144 0054175 0454183 0254212 0054245 0354376 0354393 0254396 0054431 0054455 0354500 0054559 0054583 0054741 0054765 0354794 0255037 0255060 0055097 0255142 0355158 0055311 0055325 0255537 0055662 0455681 0355695 0055788 0355844 0055848 0055973 0056011 0056049 0056169 0056227 0456303 0356339 0056440 0356460 0056599 0356730 0056752 0056837 0056879 0257116 0357174 0357208 0357334 0357425 0357450 0357467 0357484 0057653 0057738 0057877 0057944 0057970 0058063 0058188 0258302 0058340 0058362 0358605 0359010 0059038 0059056 0059061 0359068 0059219 0259232 0359283 0059379 0059467 0059519 0359603 0059656 0059690 0359791 0059796 0259829 0059846 0059871 0359987 0360038 0260130 0060208 0360290 0060329 0260430 0360454 0060662 0060675 0460742 0060847 0060861 0061002 0061019 0461098 0361178 0361292 0361374 0061428 0361547 0061565 0061641 0361673 0061821 0361880 0061973 0062010 0062078 0062174 0362268 0062338 0262366 0362376 0062396 0062406 0062437 0262522 0062631 0062731 0062835 0262988 0363004 0063127 0063156 0063229 0263417 0063565 0363567 0363634 0063792 0263949 0464385 0064420 0064445 0364448 0064483 0364569 0064700 0064705 0364707 0064730 0364798 0064848 0065043 0365226 0065236 0365262 0365271 0365415 0065543 0065766 0365817 0266044 0066064 0066068 0066091 0366093 0066251 0366327 0066339 0066412 0066418 0066483 0066522 0066554 0066567 0266574 0366618 0366702 0066704 0066739 0066824 0066893 0067074 0067203 0067251 0067258 0267321 0067535 0367539 0067661 0067687 0367702 0067913 0268080 0068117 0068121 0068123 0068140 0068229 0068259 0268357 0068358 0268398 0068561 0068576 0068594 0068714 0068819 0068868 0068956 0069269 0069350 0369453 0069503 0069567 0069611 0069655 0069850 0069879 0070167 0070272 0370420 0270429 0270439 0370509 0070604 0070609 0370637 0270730 0070869 0370911 0270929 0071057 0071487 0371559 0071888 0071935 0371941 0072200 0072293 0072317 0372375 0072461 0372466 0072503 0072580 0072604 0072670 0072820 0072834 0072945 0073117 0073152 0073181 0273279 0273479 0073510 0073516 0073520 0073627 0073640 0073695 0073810 0073868 0073899 0073961 0074008 0074059 0074194 0074257 0074275 0074376 0074387 0074452 0074570 0074619 0374659 0374671 0074810 0074814 0074818 0374906 0074928 0374940 0074976 0375032 0375043 0375096 0075154 0375196 0075347 0075352 0375417 0075474 0075482 0075554 0075613 0075625 0275677 0075706 0075714 0275739 0275807 0375910 0075931 0076140 0276161 0076230 0076554 0076580 0076589 0076647 0076675 0076680 0376700 0376736 0076753 0076796 0076860 0076905 0276909 0276929 0076950 0077027 0077049 0077071 0077121 0077185 0377197 0077207 0377217 0077260 0277356 0077522 0077533 0077616 0077755 0077756 0077773 0377784 0377830 0277936 0078010 0278057 0278398 0278499 0078552 0078612 0078744 0078791 0078964 0079009 0279111 0079148 0079156 0279206 0079256 0079353 0079414 0079514 0379583 0079704 0079708 0379736 0079816 0079826 0379837 0080004 0080059 0080123 0080259 0080284 0480291 0380309 0080310 0080418 0080498 0280618 0280627 0080643 0080828 0080853 0080899 0080942 0080972 0081103 0381125 0081291 0381448 0081452 0281464 0281550 0081582 0081586 0081640 0381658 0081719 0081914 0081933 0281939 0082045 0282144 0082336 0082557 0082571 0082621 0082653 0482691 0082733 0082763 0082777 0382830 0082978 0083021 0083023 0083054 0083074 0083080 0083156 0283273 0083427 0083577 0383585 0083600 0083602 0283617 0083731 0383843 0083892 0283894 0084089 0084139 0384196 0084221 0084323 0084403 0284537 0084540 0084571 0084724 0384802 0084900 0085033 0385153 0085158 0085244 0085256 0085377 0085479 0285505 0085513 0085520 0085537 0285566 0085604 0385609 0385643 0085826 0085838 0085871 0085899 0086004 0086127 0386211 0286226 0086282 0086289 0386438 0086463 0086485 0086614 0086686 0086688 0086718 0086800 0086899 0086903 0386917 0286964 0087031 0087255 0087646 0087721 0087723 0088055 0088120 0088170 0088181 0288510 0388680 0088736 0288771 0088889 0089071 0089409 0089424 0089482 0089497 0389540 0089677 0089679 0289761 0389819 0389836 0089891 0089946 0090071 0090080 0090135 0090189 0090262 0090309 0090364 0090413 0090444 0090463 0090489 0390577 0290715 0390724 0090748 0090754 0091006 0091197 0091289 0091383 0091420 0091473 0391480 0291517 0091575 0091620 0291665 0291723 0092065 0092131 0392141 0392170 0492188 0092527 0092557 0492565 0392640 0092742 0092833 0092837 0092933 0092948 0393020 0093107 0293116 0093168 0093170 0093197 0093198 0293311 0093485 0093630 0093644 0393646 0093725 0093741 0093780 0093830 0093976 0393996 0094076 0394098 0094131 0394157 0294174 0394270 0294315 0094332 0094429 0094441 0094560 0094769 0294771 0394871 0094904 0094927 0094997 0395144 0095191 0095342 0095418 0095420 0095561 0095587 0095656 0095721 0095741 0095799 0095848 0095858 0095868 0095882 0096105 0396183 0396238 0096243 0096337 0296620 0096628 0096697 0096825 0096946 0097193 0397250 0097257 0097336 0097342 0097431 0097511 0097528 0097589 0097653 0097739 0097753 0397778 0097825 0097843 0097931 0298020 0098048 0098146 0098218 0298294 0098464 0098541 0098555 0098601 0098602 0298703 0098850 0098878 0098913 0298940 0098983 0099128 0399167 0299443 0099475 0099558 0099613 0099627 0099675 0399680 0099735 0099792 0099998 00100037 00100167 03100216 00100339 00100418 02100629 00100667 02100778 00100870 00100906 00100975 00101035 00101043 00101133 00101183 00101215 00101237 00101248 00101264 00101315 00101381 00101460 00101518 00101527 00101569 00101687 00101722 00101726 00101765 00101779 00101796 00101871 00101953 00102071 00102172 00102299 00102361 02102425 00102526 00102734 00102765 00102799 00102824 00102866 00102968 00103047 00103054 00103131 03103136 00103346 00103414 03103640 00103811 00103841 00103851 00103913 00103927 00103956 00103959 03104007 00104155 03104224 00104237 00104327 00104375 00104525 00104559 00104681 00104857 00104913 00104914 00104987 02105051 00105183 00105272 00105277 00105378 00105405 00105454 00105535 00105553 00105577 02105681 03105778 00105810 00105826 00105830 00105980 00106084 00106118 00106137 00106147 00106268 00106367 03106399 00106451 00106485 00106494 00106580 00106587 00106605 00106699 00106780 02106825 00106905 02106951 02107000 02107006 00107098 00107125 00107198 00107439 00107479 00107564 00107599 02107656 00107815 00107952 00107984 00108005 00108048 00108110 00108340 00108448 00108511 00108658 00108664 00108711 00108865 00108873 00108947 03108961 00108990 03109027 00109064 00109101 00109106 00109129 00109131 02109139 00109166 00109197 00109260 00109307 00109365 00109393 00109395 00109582 00109606 00109617 00109623 00109630 00109657 00109848 00109895 00110015 00110194 00110272 00110386 00110445 00110461 00110491 00110493 00110526 00110721 00110744 03110756 00110861 00110964 00111015 00111092 00111155 00111228 02111270 00111315 00111427 02111620 00111655 00111748 03111770 03111821 00111875 00111948 00112086 00112142 00112300 00112404 00112406 00112443 00112465 00112495 00112560 00112624 00112657 00112747 00112750 00112770 00112779 00112794 00113076 00113101 00113102 02113197 02113492 03113539
91620311 00160 01207 04260 02311 03330 02347 03597 00713 04806 04977 031055 021145 021208 041370 041408 041455 021583 001733 031893 041908 042156 002184 002544 042568 042821 032824 042893 033108 003127 003131 043389 033517 043733 004033 024113 004226 004344 034470 034476 044568 024639 004660 024700 004817 044843 035027 025028 005071 045482 045718 035801 006074 026088 036393 006557 046681 006705 036803 016904 046970 037044 037310 027409 047490 037613 007635 037704 008041 028102 008371 008595 038654 038706 008758 028798 028875 009003 049135 009143 009245 039643 029652 039716 039850 049977 0210141 0010159 0310168 0410241 0210405 0010439 0010562 0310883 0310932 0410972 0011039 0011061 0011222 0211695 0311761 0011805 0411993 0012112 0012288 0312313 0012430 0412468 0412471 0212764 0212869 0012870 0212919 0413033 0013095 0413335 0313995 0214094 0014140 0214158 0214489 0014528 0014604 0014788 0014839 0215073 0015107 0415153 0015606 0315634 0415647 0015656 0315765 0415880 0016130 0116265 0016461 0016468 0016508 0316808 0017061 0417093 0217111 0417263 0317417 0217440 0217475 0217826 0017837 0218163 0318210 0218846 0418921 0019000 0419059 0019175 0419205 0319250 0219471 0219545 0319824 0019832 0420220 0220230 0020244 0020297 0020365 0420470 0420474 0220486 0220630 0020676 0020719 0020784 0420904 0320966 0021140 0021303 0021345 0221702 0421708 0321714 0221734 0221745 0421856 0022023 0322084 0422143 0022222 0022321 0422528 0022745 0222826 0023043 0023129 0023211 0023258 0023363 0023790 0023946 0424176 0024203 0424286 0024402 0424428 0424595 0024833 0024836 0224887 0325462 0225599 0025996 0426109 0026245 0226260 0326320 0326467 0026512 0326567 0226632 0026675 0326706 0426811 0026985 0227011 0427053 0427442 0427742 0427866 0227946 0227988 0328395 0428537 0328565 0428673 0028795 0028869 0428920 0428961 0229065 0029104 0329171 0029215 0429257 0029263 0029473 0229528 0229619 0329664 0029771 0029936 0229976 0230055 0030087 0030255 0030564 0230632 0430675 0030676 0230730 0030770 0330859 0030863 0330902 0230919 0030929 0031071 0431160 0331261 0231358 0331370 0031482 0331571 0331583 0031620 0031736 0031854 0332113 0232144 0332187 0332409 0232454 0032515 0332576 0032709 0432856 0032995 0233137 0233161 0233233 0233409 0433413 0233484 0433602 0033724 0033913 0034092 0234120 0034143 0434152 0334185 0334239 0034274 0034329 0334355 0034394 0434531 0035150 0035227 0035344 0035394 0035453 0235619 0435629 0335720 0036048 0036102 0436369 0036374 0236423 0236456 0036506 0036512 0036560 0036624 0037007 0037222 0037225 0037258 0037523 0237709 0037800 0237837 0437865 0337896 0038162 0038223 0038266 0038429 0338571 0038767 0038777 0438883 0239119 0039157 0039303 0039315 0239397 0339410 0439570 0239679 0039782 0039988 0040010 0040030 0040321 0040387 0040404 0040479 0040481 0340495 0440506 0440560 0440653 0041081 0241157 0041255 0041314 0041463 0041526 0041547 0241584 0041731 0041740 0041766 0041991 0241998 0342114 0042215 0042244 0042552 0242580 0043171 0043301 0343319 0043328 0243368 0043369 0243785 0243817 0243880 0043988 0044138 0344244 0044463 0244468 0044550 0244564 0044699 0044939 0045080 0445138 0445142 0445149 0045242 0245317 0045326 0045381 0045521 0245664 0245769 0045817 0046041 0046055 0046170 0046371 0246505 0046520 0046548 0046552 0046825 0046828 0346980 0247024 0047030 0347057 0247121 0047218 0047475 0047536 0047694 0047858 0248023 0048056 0048480 0248488 0048695 0448806 0048868 0049009 0449064 0049240 0049261 0349465 0049532 0249597 0249784 0049860 0049918 0250125 0050223 0050500 0050519 0050562 0050609 0250756 0050932 0051064 0051372 0051392 0251406 0251418 0051587 0451639 0351749 0051756 0351981 0051992 0052160 0052474 0252509 0052603 0252608 0052611 0052799 0052811 0352910 0052934 0052951 0053001 0253009 0053050 0053086 0453103 0053170 0053260 0353435 0053596 0053623 0053628 0253776 0053795 0053967 0054115 0354214 0054282 0054403 0054536 0054545 0054688 0054694 0054704 0454755 0054969 0355185 0055391 0355405 0055507 0055513 0055533 0055604 0055615 0055640 0055659 0355729 0055758 0255789 0055803 0055910 0355964 0456119 0056180 0356186 0256238 0056508 0056588 0256690 0256721 0056772 0256815 0256838 0056887 0256948 0056978 0057043 0057292 0057310 0057349 0057359 0257446 0057521 0357555 0057601 0057745 0357886 0057925 0058036 0258400 0058487 0058532 0358749 0058836 0359084 0059203 0459239 0059270 0059408 0259562 0059570 0059598 0059733 0059870 0359912 0259926 0060126 0060160 0360267 0060309 0060646 0260660 0060724 0260735 0060803 0060812 0060898 0060903 0060996 0061052 0061261 0061334 0361361 0461441 0061549 0061578 0061588 0061598 0061609 0061622 0061756 0061930 0062083 0362210 0362656 0062718 0063100 0063498 0463541 0063635 0263837 0063870 0064132 0064286 0064360 0064422 0364453 0064506 0464571 0064656 0264696 0064909 0264950 0064964 0065070 0065132 0065239 0065288 0065290 0265319 0065345 0065393 0365442 0365460 0065477 0065508 0265613 0065620 0065659 0065730 0065734 0065798 0066013 0066137 0066239 0066243 0266270 0066416 0466422 0066643 0066646 0066647 0066653 0066708 0066918 0066922 0067002 0067004 0067035 0067101 0067207 0067422 0067731 0067752 0067801 0068183 0068285 0368289 0068445 0068511 0368588 0268697 0068769 0369278 0069296 0069433 0069455 0069522 0069576 0269604 0069671 0069984 0270021 0070064 0070080 0070125 0270148 0370279 0070406 0070425 0070435 0070511 0270537 0070773 0070777 0070933 0070946 0270981 0371041 0271238 0371276 0071289 0071331 0071356 0071577 0271707 0071992 0372253 0072346 0072383 0072420 0072422 0072427 0372545 0072668 0372682 0372742 0372749 0072806 0073066 0273318 0073363 0073527 0073581 0073584 0273606 0073697 0373849 0074128 0074193 0074216 0074269 0074359 0274441 0074447 0074562 0074568 0074649 0074797 0074841 0274871 0274891 0074943 0074985 0075250 0075377 0075410 0075493 0075516 0075564 0275803 0275828 0075848 0275884 0275900 0075991 0076060 0076138 0076302 0076337 0376392 0076550 0076587 0076695 0076777 0076793 0077087 0077211 0077441 0377451 0077494 0277503 0077512 0077537 0077604 0077908 0077967 0078048 0078202 0078413 0378520 0078640 0078715 0078769 0078781 0078925 0079154 0079214 0079251 0079283 0079298 0079430 0379451 0079477 0079544 0079674 0079772 0079780 0080296 0080303 0280658 0080659 0080677 0080719 0080800 0080843 0380848 0080967 0280994 0281021 0081071 0081192 0081310 0081365 0081375 0081386 0081438 0081508 0081522 0081664 0281762 0081787 0081847 0281935 0082096 0082168 0082241 0282257 0082350 0082379 0082597 0082642 0082650 0082689 0082824 0082834 0082918 0082967 0083014 0083121 0083141 0083147 0383166 0083496 0083700 0083715 0083788 0083810 0083866 0084033 0384056 0084111 0284130 0084234 0084254 0084285 0084299 0084308 0284643 0384650 0384758 0284795 0284800 0084819 0084853 0284854 0084919 0084934 0084957 0085072 0285102 0085213 0085367 0085770 0285774 0085848 0285852 0085924 0085941 0085999 0086026 0086042 0086152 0086206 0086396 0086434 0286476 0086496 0286533 0086598 0086632 0086644 0086685 0086729 0086764 0086847 0087297 0087353 0087375 0087421 0287450 0087458 0087507 0087571 0387588 0087677 0087867 0088071 0088097 0088115 0088306 0088381 0088392 0088512 0288756 0388814 0088877 0088893 0088913 0288960 0089004 0289015 0089106 0089133 0089312 0089602 0089630 0089830 0089840 0089885 0089895 0090104 0090288 0290333 0090404 0090419 0390454 0090543 0090611 0090682 0090970 0090972 0091063 0291151 0091169 0091231 0091285 0091373 0091378 0091574 0091585 0091870 0091946 0091965 0292107 0092256 0392299 0092305 0092374 0092379 0092441 0092467 0092532 0092543 0292567 0092647 0092852 0092875 0092879 0092952 0092955 0093194 0093212 0093519 0093572 0093580 0093773 0093857 0394034 0094063 0094135 0294235 0094392 0094492 0094510 0294662 0094702 0094706 0094724 0094788 0094799 0094936 0095004 0095075 0095100 0095107 0095124 0095302 0095327 0095334 0095421 0095457 0095518 0095572 0295583 0295735 0295869 0095928 0096038 0096085 0096208 0096244 0096249 0096316 0096449 0096507 0096611 0096664 0096679 0096754 0096780 0096811 0296813 0396832 0096870 0096922 0097039 0097218 0097450 0097755 0097863 0097955 0398042 0098054 0098080 0098194 0298205 0298216 0098234 0098284 0098343 0098399 0098400 0098426 0098462 0098488 0098514 0098521 0098533 0098608 0098609 0098613 0098670 0098745 0098952 0098960 0099016 0099143 0099181 0299225 0099381 0099424 0099430 0099481 0099487 0099492 0299523 0099772 0399779 0099787 0299852 0099891 0099956 0099976 00100078 00100320 00100358 00100447 00100495 00100577 00100738 00100869 00100931 00101052 00101091 00101124 00101170 00101208 00101298 00101363 00101387 02101394 00101588 00101656 03101856 00101890 00101912 00101971 00102073 00102188 00102319 00102645 00102685 02102784 00102860 02102873 00102910 00102969 03102997 00103002 00103035 00103081 00103244 00103291 00103362 00103488 00103703 00103787 02103813 03103932 00103986 00104058 00104066 00104075 00104154 00104204 02104401 00104471 00104511 00104581 00104742 02104793 00104794 00104891 02104937 00104967 00105046 00105164 00105177 00105352 00105558 02105559 03105563 00105586 00105605 00105606 00105692 00105717 00105741 00105775 00105776 02105853 03105855 00105860 00105882 00105899 00105937 00106059 00106089 02106125 00106170 00106290 00106354 00106454 02106491 00106540 00106625 00106668 00106723 00107084 00107143 00107162 02107332 00107372 00107447 02107547 00107786 03107844 00107898 00107976 00108299 02108360 00108488 00108646 00108772 00108852 00108860 02108882 00108895 00108956 00108977 00108978 00108984 00108992 00109036 00109133 00109169 00109338 00109464 00109615 00109689 00110169 00110202 00110363 02110391 02110464 00110571 00110692 00110700 00110794 00110989 00111150 00111218 00111339 00111439 00111534 00111545 00111599 00111601 00111606 00111744 00111760 00111801 00111854 00112091 00112105 00112152 03112174 02112194 00112315 00112346 00112361 00112506 00112526 00112610 00112642 00112817 00112975 00112981 00113054 00113063 00113198 00113267 00113383 00113391 00113410 00113461 02113589 00113590
91620321 0464 04179 03202 04205 04389 03496 04516 04542 04658 02752 04785 00851 02907 04955 031059 031081 021082 001234 031442 021547 031582 001584 021641 021725 021753 041757 002002 002011 002045 042046 012058 042120 032389 032434 002475 042595 032778 042823 022920 032978 033023 003062 003096 033101 043137 043192 043226 043236 023318 033342 023413 033424 003455 043487 003494 003534 023548 043557 043686 043793 023847 003977 044064 044075 024101 034130 034297 024368 024502 044601 004735 024786 044862 044894 044966 045038 045062 045069 025133 035160 005204 025380 045602 035777 005984 036018 006089 046134 006247 046251 026366 036518 006671 006712 046728 036783 046942 027172 037222 027223 007243 007250 037387 027400 027432 027444 037595 047636 048243 028366 028370 028397 028483 038602 038633 038647 048697 038734 048819 048872 038910 028947 049047 029167 029189 009351 039357 029367 029378 009424 049498 039506 009508 029735 039869 049901 0010114 0410322 0410604 0310608 0210646 0010895 0311016 0411140 0311157 0411314 0411332 0311337 0011339 0411370 0211383 0211388 0211564 0411576 0311770 0011952 0412008 0412011 0412128 0212132 0212296 0412364 0212385 0312400 0212422 0412462 0312542 0012573 0412650 0212752 0412863 0212973 0413012 0413019 0013062 0013068 0413136 0313163 0013225 0413295 0013311 0013323 0013342 0413446 0413466 0413493 0413540 0313638 0013646 0213669 0213700 0413825 0413892 0013918 0314050 0214109 0314215 0414271 0314275 0414363 0414370 0414384 0414456 0014530 0314634 0014732 0014741 0214817 0414962 0315013 0215034 0415089 0015099 0415233 0015262 0415378 0415408 0415529 0015558 0015752 0215850 0415901 0215907 0315911 0016190 0416191 0416233 0016276 0216294 0016326 0316352 0416425 0316454 0216489 0316559 0316581 0416670 0316716 0016851 0416921 0416923 0016942 0316976 0216981 0017005 0017086 0317154 0017194 0017303 0417354 0017355 0017547 0217663 0217844 0017887 0417968 0417994 0318115 0018143 0018218 0218267 0218288 0318309 0318355 0018526 0018647 0218806 0218838 0018922 0218965 0319054 0019064 0219073 0019195 0419234 0319272 0419397 0019454 0019594 0219605 0219608 0419652 0019680 0419681 0319851 0019860 0219922 0019954 0219974 0319997 0420036 0320041 0320084 0420107 0020114 0020155 0020253 0020257 0420308 0420412 0320442 0020476 0320525 0420543 0420599 0020632 0020731 0420802 0120834 0220845 0421198 0221329 0221372 0421400 0321405 0221438 0021478 0321479 0221527 0121711 0021840 0322044 0022081 0322116 0322179 0022214 0222339 0022417 0222418 0222603 0022722 0322763 0022976 0322979 0223007 0023028 0023050 0323054 0223422 0023592 0423637 0323741 0023922 0023989 0424102 0224105 0024229 0224232 0324259 0224269 0224285 0024301 0324308 0324342 0024353 0024392 0324424 0324437 0024446 0224609 0024635 0324681 0224835 0324849 0024932 0224970 0225125 0425130 0225248 0425265 0425284 0025308 0225382 0225713 0325787 0025799 0025859 0326019 0226143 0226177 0226196 0226514 0326726 0026841 0427020 0227034 0327095 0227155 0027156 0027157 0427319 0227340 0427381 0427458 0427461 0027503 0427589 0227606 0427650 0027810 0427838 0227862 0227918 0028058 0428174 0328318 0028343 0228357 0328587 0428604 0028787 0028794 0228814 0328874 0028889 0228925 0328953 0029050 0329081 0029082 0429093 0229204 0429638 0329682 0229694 0229950 0029953 0230119 0330189 0230200 0430210 0230282 0230328 0430358 0030424 0330587 0230618 0030661 0230664 0330699 0030714 0230739 0230856 0030920 0231135 0231193 0331375 0031403 0031463 0231622 0031654 0031794 0031844 0331994 0031997 0332011 0332035 0032221 0032275 0432303 0232346 0232415 0232421 0032482 0032566 0332625 0332692 0332905 0032948 0432975 0033038 0433071 0033125 0333201 0433276 0033471 0433507 0033513 0033756 0033797 0033820 0033841 0033855 0233909 0033937 0034074 0034086 0034093 0234114 0434357 0034566 0034576 0234753 0434896 0234899 0035005 0035179 0035242 0035488 0035499 0435794 0235796 0335828 0035853 0336008 0336134 0336280 0336411 0036457 0036473 0036567 0036641 0336722 0336746 0036774 0236787 0237034 0037206 0237313 0337401 0237570 0437594 0037612 0337711 0437745 0337788 0237804 0338012 0238060 0438099 0238102 0038109 0338110 0038345 0338398 0238686 0038732 0338797 0438808 0038847 0039082 0039101 0239158 0039221 0239263 0239354 0039404 0239422 0039501 0339509 0039559 0039658 0239715 0039726 0039787 0039818 0039845 0039893 0039917 0040012 0440025 0040089 0240228 0440304 0340310 0240350 0040363 0340369 0240619 0040652 0040718 0040796 0240815 0040890 0040928 0041086 0041152 0441346 0041420 0041485 0341500 0341538 0441612 0241652 0441678 0341742 0241953 0342018 0042040 0042071 0042247 0042280 0042328 0042429 0042522 0442553 0042661 0342799 0442807 0242854 0442882 0042918 0242962 0043006 0043045 0043094 0243125 0343165 0043245 0043304 0043490 0043532 0343627 0043684 0243705 0043786 0443883 0043909 0043972 0044024 0044105 0044111 0044390 0044416 0344427 0444475 0044500 0044697 0044724 0044725 0244892 0044909 0444930 0245114 0045200 0045324 0345503 0345517 0045637 0045653 0045659 0045786 0045801 0345835 0445903 0046050 0046077 0246378 0346407 0346443 0046455 0046615 0246616 0346807 0047145 0247213 0247243 0047339 0347439 0047445 0047480 0047507 0247563 0047582 0047608 0447613 0347628 0247674 0047677 0047812 0047835 0347849 0047873 0248053 0248196 0248266 0048343 0348387 0448437 0048442 0248521 0048738 0248904 0249227 0049410 0449546 0049564 0049591 0049744 0049766 0250042 0350057 0250157 0050179 0050183 0050207 0250215 0050246 0050261 0350586 0050653 0250656 0250708 0050787 0050795 0350847 0050861 0051063 0251111 0351163 0451371 0051420 0251448 0351594 0051616 0051627 0251677 0251730 0251755 0351821 0051909 0051931 0052119 0052148 0252225 0052265 0052421 0352461 0352518 0052542 0352636 0052869 0252882 0352930 0052932 0053006 0453189 0053208 0053218 0053269 0353285 0253345 0053346 0053423 0253429 0253453 0253551 0053584 0053620 0253836 0053837 0253911 0053913 0054006 0354101 0054127 0254189 0254275 0254301 0354420 0054464 0054778 0054787 0454845 0354922 0254938 0254971 0054992 0355087 0355285 0055310 0055346 0055437 0055620 0255623 0055665 0055718 0055722 0055776 0055836 0355871 0055941 0055951 0055976 0256092 0256189 0356204 0056252 0356267 0056390 0056450 0056618 0056734 0057078 0057086 0057185 0057213 0057253 0257300 0057378 0057483 0357542 0057550 0257588 0257642 0057646 0057685 0057717 0457779 0057863 0057940 0058040 0058064 0058084 0058093 0058200 0058232 0358316 0058336 0358347 0358358 0058501 0058538 0058690 0058702 0358883 0058943 0059053 0059360 0059441 0259578 0059714 0059729 0059830 0259875 0459883 0359971 0260140 0060216 0360334 0260343 0360437 0360502 0060519 0060522 0060587 0260606 0060667 0060669 0060691 0360702 0060880 0360933 0060935 0360954 0360983 0061127 0061174 0261270 0061316 0061358 0061550 0061720 0061797 0461798 0361829 0061869 0361914 0261988 0062039 0062111 0362159 0062182 0062183 0262206 0062209 0062245 0362410 0062523 0062563 0262685 0262729 0262847 0262934 0062969 0263016 0063192 0063238 0363259 0263271 0063318 0063377 0363378 0363412 0363438 0063458 0063522 0263581 0063597 0063816 0263927 0264039 0064150 0064204 0064212 0364260 0364311 0264353 0364438 0364538 0064588 0264617 0064669 0264688 0064736 0064831 0064835 0065110 0365193 0265197 0065219 0065331 0265348 0265432 0365523 0065776 0065804 0065853 0365885 0365923 0266099 0366115 0066184 0266190 0366340 0066390 0066395 0066531 0066764 0266915 0266982 0267009 0267051 0067241 0067296 0067343 0267345 0067376 0067395 0067536 0367567 0067601 0067603 0067665 0067747 0067876 0367900 0067901 0067933 0067963 0068005 0368006 0068014 0068057 0068082 0368098 0068115 0068150 0368216 0268270 0268337 0368366 0368375 0368583 0068703 0068758 0268803 0068874 0068888 0368936 0068998 0269072 0069091 0269122 0069181 0069245 0269297 0069346 0069354 0069361 0069365 0369579 0269681 0069700 0069740 0069799 0070035 0370051 0070093 0270301 0270364 0270424 0070443 0370483 0370493 0070659 0270762 0370767 0070797 0370887 0070924 0070974 0071076 0371094 0271188 0071195 0271259 0071365 0071401 0471485 0071565 0271614 0071744 0271787 0071831 0072123 0072151 0072205 0072216 0072221 0372401 0072627 0072708 0372737 0072738 0272808 0072849 0272863 0372977 0273014 0073033 0273132 0373368 0273378 0073419 0073442 0373448 0073630 0373664 0073666 0073698 0373727 0373814 0273832 0073835 0073862 0073919 0074029 0074032 0074039 0374070 0074104 0274148 0074177 0074250 0374265 0074319 0074361 0074439 0074483 0074510 0074530 0074663 0374695 0274788 0274842 0074850 0074911 0075036 0275066 0075102 0075275 0375284 0075488 0375509 0075772 0475797 0075801 0075843 0075890 0375898 0075960 0075963 0075968 0075970 0375979 0076061 0276066 0276200 0076231 0076312 0076384 0276394 0076476 0076478 0076493 0076498 0376578 0076630 0076654 0276696 0076731 0076763 0276767 0076868 0377024 0077053 0077109 0277133 0077221 0077248 0077266 0377288 0077340 0277378 0077410 0277548 0077650 0377686 0077754 0077787 0077821 0377871 0078047 0078062 0078078 0078089 0078124 0278295 0378332 0078374 0078442 0078463 0078633 0078814 0078850 0078868 0079107 0079286 0379314 0079442 0079626 0379662 0380128 0380138 0280155 0280179 0280228 0080229 0080274 0080339 0080367 0080442 0080458 0080553 0280667 0080774 0080818 0280902 0080961 0081037 0081045 0081200 0081332 0081454 0081592 0281707 0081711 0081791 0081794 0081797 0381844 0081860 0081967 0081980 0081981 0082024 0382267 0082280 0282469 0082502 0082528 0082599 0082778 0082799 0082823 0082876 0082884 0082917 0282977 0083164 0283246 0283278 0083301 0083376 0083508 0083762 0083879 0083902 0083903 0083924 0283931 0083934 0083950 0084021 0384063 0084126 0084215 0084318 0084375 0284390 0384401 0084488 0384524 0084558 0084564 0084569 0084874 0084881 0084909 0084925 0084938 0084946 0085076 0085133 0085218 0085343 0085360 0085364 0085371 0085571 0085874 0086035 0086075 0086163 0086229 0086366 0086457 0086484 0286488 0286490 0286776 0086870 0086889 0086922 0086925 0287266 0387293 0087345 0087370 0087408 0387470 0087479 0087521 0087595 0087665 0087690 0387861 0087974 0288127 0088166 0088173 0088201 0088231 0088235 0088239 0488275 0088317 0088340 0088342 0088358 0088452 0088554 0088622 0288647 0088728 0388881 0289121 0089125 0289168 0389238 0089240 0389241 0089374 0089420 0089554 0089560 0089619 0089634 0089692 0089822 0489842 0089886 0089921 0089922 0089931 0089947 0089948 0089951 0289996 0089997 0089998 0090356 0090504 0090630 0090638 0390827 0090916 0090935 0091045 0391047 0091090 0091101 0091280 0091366 0091515 0091527 0091627 0091691 0091712 0091737 0291847 0091863 0391898 0091938 0392051 0092100 0092163 0092297 0092555 0092597 0092615 0092675 0092698 0092785 0092902 0092911 0093052 0093096 0093143 0293153 0093155 0293185 0093316 0093338 0093459 0393489 0093510 0093713 0093755 0093756 0393886 0093977 0294109 0094148 0094220 0094410 0094515 0094631 0094736 0294878 0094880 0094954 0094966 0094986 0095015 0095020 0295025 0095035 0095300 0295308 0095317 0295354 0095366 0295424 0095450 0095469 0095571 0095612 0095613 0095767 0095770 0095981 0096000 0096018 0096142 0296254 0096354 0296426 0096492 0096496 0096535 0096544 0296856 0296996 0097031 0097147 0097156 0097247 0097324 0297335 0097405 0397437 0097515 0097730 0097733 0397776 0097786 0297805 0097831 0397925 0097957 0097998 0098000 0098004 0298035 0098134 0098185 0098198 0098224 0098231 0098297 0098354 0098469 0098912 0099024 0099186 0099242 0099313 0399319 0099410 0099449 0099529 0299617 0099645 0099667 0099880 0099925 0099961 00100120 02100150 00100174 00100389 03100500 00100517 00100623 00100649 00100672 00100675 00100771 03100785 00101260 00101308 00101312 00101366 03101377 02101402 00101420 00101430 00101436 02101444 00101488 00101608 00101721 02101901 00101978 00102312 03102337 00102499 00102897 00103027 00103063 02103125 00103132 00103135 00103173 03103322 00103516 00103525 00103541 00103568 02103670 00103705 00103759 00103843 00103849 00103916 03103963 00104076 00104095 00104289 02104316 00104385 00104428 03104468 00104547 00104561 00104623 00104644 00104690 03104761 00104806 00104939 02105008 00105044 00105057 00105091 00105252 00105289 00105416 02105462 00105500 00105543 03105623 00105705 02105749 00105793 00105888 00105960 02106034 00106096 03106129 03106232 00106350 00106412 00106424 00106505 00106614 00106657 00106766 00106849 00106876 00106960 00107193 00107267 00107376 00107494 00107626 00107794 00107820 00107855 00107861 00107878 00107998 00108035 00108074 00108149 02108200 00108239 00108295 00108319 00108364 00108387 00108417 00108470 00108517 00108667 00108713 00108743 00108754 02108770 02108824 00109060 00109224 00109245 00109255 00109267 00109337 03109386 00109485 03109522 00109666 00109680 03109745 00109893 00109934 00109960 00109965 00110011 00110031 00110092 02110096 00110130 00110151 00110306 00110307 00110513 00110543 00110606 00110614 00110623 00110755 03110944 00110976 00110991 00111126 00111169 00111233 00111241 00111245 00111251 03111304 02111398 00111646 00111785 00111836 00111956 00112220 03112340 00112350 00112375 00112389 00112488 00112666 00112694 00112756 00112816 00112888 00112920 00112965 00113005 00113027 00113088 00113295 00113370 00113408 00113477
91620331 0385 03114 02548 001110 001223 031281 041515 041548 001567 031958 021959 041976 002224 032260 032381 002637 002696 022757 022895 033356 004132 034291 024320 034367 034578 024653 044677 034678 034708 004981 035073 045186 045417 045542 005759 006725 037083 037535 037851 028094 028105 048443 038450 008586 038836 008931 028959 009046 009171 049256 019284 039514 039651 0310002 0010612 0210916 0010930 0411136 0011152 0211204 0011258 0011279 0011286 0011531 0211623 0012190 0212250 0012502 0412646 0312664 0112828 0012899 0313273 0013397 0414171 0414632 0414813 0314914 0014967 0215174 0015438 0215534 0415564 0315987 0016436 0416751 0316758 0217296 0217401 0017834 0218147 0318182 0018326 0018589 0319461 0219467 0219674 0220101 0020231 0020803 0020840 0320844 0021004 0021096 0221099 0321115 0321313 0421530 0021675 0322450 0022484 0222756 0322884 0022954 0223115 0423153 0223168 0223438 0223680 0423701 0023703 0023835 0024193 0024251 0024414 0425136 0325222 0025286 0225378 0225659 0025675 0025870 0026108 0226123 0026162 0226400 0326577 0326683 0026830 0026835 0026875 0326926 0327497 0427744 0228793 0029041 0229190 0029384 0029424 0229430 0029695 0329803 0029809 0029873 0030297 0030326 0230382 0330592 0230785 0230968 0031438 0031515 0431965 0232102 0332191 0232352 0032664 0432773 0032805 0233295 0333365 0433420 0033577 0033604 0033622 0033636 0233952 0234243 0034389 0234506 0334549 0034622 0234648 0235066 0035158 0035192 0235210 0035223 0335245 0235426 0235727 0035783 0235838 0035910 0036184 0036488 0336599 0236698 0036980 0237018 0037257 0037269 0337407 0037819 0338046 0038047 0238458 0038774 0338810 0039155 0239283 0339294 0039682 0239697 0240256 0340325 0040333 0040357 0340535 0240743 0040765 0341056 0041067 0041114 0241116 0041138 0241180 0041587 0042015 0042179 0042487 0242949 0043004 0043039 0043147 0343237 0043287 0243386 0043390 0343712 0343865 0044142 0044419 0044472 0044582 0044755 0044761 0045123 0345685 0046282 0046339 0346641 0246654 0246881 0046977 0047411 0247465 0047572 0047793 0047902 0047917 0347940 0047961 0048070 0048198 0348222 0048441 0348730 0048914 0049074 0349461 0049544 0049895 0250048 0050085 0050106 0050328 0250489 0450593 0050789 0050870 0051258 0251673 0051793 0051796 0051818 0352212 0052807 0052912 0053077 0053156 0253252 0053329 0053712 0453759 0353915 0054213 0054324 0054453 0054528 0454645 0054762 0055073 0255354 0355435 0055714 0055815 0055853 0055870 0056327 0056764 0256766 0056850 0056964 0357183 0057238 0057411 0057763 0257793 0257885 0057890 0058181 0058384 0058860 0358894 0358956 0059112 0259140 0059208 0259281 0059398 0059672 0059890 0059921 0360048 0060096 0060687 0260904 0060958 0060978 0061006 0061007 0061208 0261487 0061559 0061924 0262265 0062496 0062812 0262860 0062873 0262966 0063043 0063211 0363303 0263711 0263784 0263834 0063876 0264092 0064419 0064454 0364662 0064708 0064743 0064900 0064924 0064991 0065064 0065362 0065559 0065749 0066063 0266431 0266634 0066661 0066730 0066839 0367118 0067968 0268225 0268441 0069095 0069134 0369240 0369259 0069430 0269684 0069703 0069735 0069929 0070133 0370194 0270798 0070851 0070873 0070925 0071364 0071602 0271961 0072108 0072156 0072334 0072853 0073073 0073226 0273322 0273334 0273654 0073887 0074638 0074656 0074972 0275055 0275211 0275577 0275648 0076033 0376135 0076648 0076894 0076933 0076991 0077660 0077777 0077954 0078234 0378452 0078576 0078632 0378673 0278771 0078858 0078931 0079059 0279506 0280205 0280478 0080649 0080767 0080804 0080985 0081049 0081313 0281336 0381363 0281416 0281457 0081504 0381764 0082009 0082146 0082381 0082674 0083098 0383175 0083660 0084227 0084487 0084519 0084546 0284615 0384748 0084847 0085215 0085241 0085314 0085380 0085396 0085446 0385626 0085883 0086134 0086156 0086307 0086312 0086478 0086815 0386835 0086853 0287007 0087093 0087358 0087389 0087445 0087768 0087898 0088137 0088168 0088251 0088394 0088448 0088498 0088719 0288768 0288805 0089180 0089321 0289355 0089375 0089765 0089816 0090174 0090201 0090216 0090427 0090622 0290837 0090907 0091078 0091745 0091795 0092116 0092129 0092217 0092810 0292845 0093439 0093729 0094159 0094206 0095426 0095668 0095707 0095902 0096206 0096332 0296377 0096425 0096683 0096711 0096829 0396853 0097591 0297870 0097918 0298419 0098751 0298951 0098976 0099041 0299292 0399342 0099519 0099766 00100288 00100535 00100696 00100928 00100989 00101021 00101104 03101259 00101432 00101538 00101634 00102009 00102351 00102592 00102793 02102841 00103074 00103094 00103506 00103679 02103898 00104255 00104263 00104311 03104725 02104745 00105176 00105287 00105447 00105507 02105651 03105752 00105927 00105962 00106070 00106071 00106892 00106948 00107008 00107043 02107057 00107283 02107354 00107358 00107459 03107589 00108009 00108115 00108138 00108268 00108376 00108677 02108981 00109216 00109428 00109523 03109823 02109866 00109913 00110132 00110177 00110553 00110554 02110711 02110728 03110847 00110873 00111170 02111401 00111557 00111561 00111564 00111586 00111664 00112000 00112387 00112655 00112732 00112832 00112835 00113409 00113445
91620341 00354 03356 04438 03561 00753 041083 021242 041256 041624 041715 021917 042356 042444 022744 032780 002984 033412 003430 043521 043635 043665 033677 023791 003915 033969 044276 044398 004654 034884 024948 025006 045035 005165 005249 045291 025330 045391 025713 036319 046379 046431 006515 006601 036953 046958 027179 047345 037367 007747 028207 038290 038374 038631 008723 048892 029372 009435 039570 039600 049884 0410143 0010528 0210715 0210803 0411004 0411062 0011074 0011328 0111357 0411416 0011444 0011469 0311543 0311946 0212037 0012262 0012548 0212633 0212713 0012796 0413093 0213574 0213808 0014076 0014096 0014099 0314476 0414681 0214705 0314724 0315047 0415104 0315157 0215350 0015351 0415411 0015983 0416163 0416574 0316845 0217047 0417356 0117603 0217778 0418014 0318222 0418276 0318396 0018512 0018915 0418947 0219037 0419349 0419407 0319550 0019577 0419736 0020087 0220237 0420376 0220464 0320466 0320499 0020684 0320711 0420781 0021133 0221151 0021333 0321460 0221804 0321986 0022212 0422394 0022517 0022575 0422814 0022849 0022943 0423188 0423439 0023639 0423644 0324009 0224135 0324170 0324249 0024627 0424980 0325164 0325536 0325637 0325736 0425929 0426071 0226288 0326778 0227051 0027069 0227115 0227409 0227548 0027631 0027659 0327934 0027971 0028023 0428080 0228166 0328267 0328325 0428410 0328453 0028454 0328526 0028584 0028590 0428771 0428992 0229129 0029136 0329282 0329754 0429788 0029881 0230049 0030068 0030170 0030224 0330367 0330659 0230681 0430759 0430838 0330967 0331008 0331059 0331177 0431249 0231592 0431640 0031864 0031985 0332338 0432717 0233051 0033103 0433114 0033157 0333238 0233833 0034096 0234383 0234574 0034732 0234838 0435171 0035187 0235495 0035584 0235902 0335993 0036006 0436017 0336079 0336691 0236738 0236784 0036912 0036965 0036998 0037186 0337282 0437293 0037700 0337912 0437955 0037970 0338154 0038159 0038584 0038709 0439200 0039254 0039416 0039417 0039485 0039624 0039719 0339733 0239853 0339894 0439993 0040120 0340385 0240533 0040986 0441052 0041053 0041206 0041653 0042073 0342099 0342320 0042821 0343149 0343207 0343209 0243579 0044078 0344127 0044512 0044868 0044998 0345025 0345108 0045145 0345347 0045809 0046148 0046207 0346904 0047015 0047048 0047119 0347269 0047359 0047533 0047813 0048047 0048216 0048223 0348438 0048720 0448741 0348866 0448935 0049096 0249236 0449530 0249590 0249671 0449732 0049760 0249987 0350054 0350210 0050225 0450769 0050994 0051011 0251167 0051327 0051380 0351386 0351474 0051670 0051692 0051770 0451816 0351882 0051951 0052210 0452857 0052883 0352906 0052961 0053287 0253367 0253481 0053684 0053878 0353995 0053996 0054041 0054123 0454161 0054633 0354776 0354864 0454936 0055011 0055203 0055324 0055551 0055687 0355757 0055946 0256236 0456271 0056403 0256627 0356987 0057268 0357303 0358242 0058613 0358672 0058759 0258798 0058803 0358824 0058927 0059002 0359320 0059356 0259551 0059616 0359673 0359810 0059818 0259985 0360117 0260217 0060360 0460545 0060770 0260841 0061254 0261860 0062086 0062193 0062524 0262655 0063055 0263195 0263364 0363650 0263695 0064346 0064370 0064546 0064740 0064838 0365336 0065337 0465633 0065715 0265750 0065806 0066627 0066659 0066734 0066830 0066890 0066966 0367015 0067104 0067309 0267342 0067474 0367836 0067883 0067892 0067923 0367931 0367946 0467962 0068081 0268092 0368287 0068789 0068899 0069012 0269118 0069376 0069549 0069669 0069713 0069815 0070185 0370344 0370552 0070630 0070774 0270820 0070859 0071043 0071059 0071249 0371285 0372227 0073026 0373032 0073217 0273219 0373247 0473461 0073831 0073943 0074115 0274130 0074136 0074435 0074620 0074800 0074872 0075007 0375230 0075294 0075544 0075639 0075701 0075762 0075818 0075835 0075965 0276597 0276984 0077174 0377479 0377675 0077805 0077972 0078115 0078122 0078300 0378535 0078543 0378937 0479673 0080048 0080515 0080537 0080815 0080879 0081176 0081252 0081436 0081932 0082287 0082392 0082914 0082971 0083003 0083191 0083310 0083442 0083689 0383944 0283960 0084220 0084265 0384354 0084754 0084805 0085228 0085674 0086117 0286200 0086228 0086243 0086317 0086558 0486663 0086664 0086918 0086977 0087037 0387133 0087162 0087252 0087392 0087495 0088336 0088432 0388703 0089293 0389452 0089607 0089622 0089683 0090168 0090277 0090291 0090304 0090348 0090397 0090516 0090573 0090787 0091380 0091507 0091667 0091709 0091866 0092057 0092436 0092466 0092646 0292651 0092826 0092966 0093297 0093312 0093452 0293604 0093636 0094106 0094125 0094432 0294471 0094561 0094616 0094693 0395095 0095098 0095311 0495523 0095785 0095912 0095931 0096020 0296369 0096622 0096736 0097026 0097254 0097278 0097662 0097678 0097804 0297868 0098108 0098112 0098190 0398254 0098301 0098722 0098739 0299252 00100168 02100182 02100239 00100261 00100277 00100341 00100404 00100604 00100626 03100657 00100780 00100849 00100969 00101000 00101025 00101094 03101099 00101448 00101455 00101475 00101804 02101848 00102158 00102240 02102304 00102348 02102684 00102954 03103045 00103174 00103559 00103562 00103683 00104321 00104456 00104809 00104892 02105156 02105184 00105569 00105696 02105722 00105949 00105994 00106075 00106128 00106277 02106413 00106629 00106714 00106791 00106923 00107213 00107411 00107715 00107870 00108252 00108899 00109038 00109118 00109488 00109870 00109979 00110067 00110155 00110289 00110434 00110552 00110574 00110949 00111072 00111250 02111328 00111347 00111549 00111628 00111799 00112049 02112109 00112211 00112437 00112772 00113050
91620351 00308 04624 04941 001095 031134 031201 021856 002031 042484 002865 023213 033544 023930 004893 035049 045432 045571 005786 025924 047583 008656 039226 0010378 0010428 0311145 0211149 0211582 0211737 0012248 0012849 0213120 0413316 0014970 0015211 0016414 0016673 0016987 0218220 0418503 0018729 0219767 0419854 0020302 0320459 0420753 0421030 0021392 0021416 0421467 0421710 0222396 0223194 0424097 0224164 0224964 0325102 0325470 0426133 0026499 0227865 0228348 0028899 0028919 0229122 0329382 0430322 0130375 0231580 0232577 0033465 0233908 0034199 0334407 0335607 0035991 0036187 0336604 0236679 0037846 0338121 0338284 0039065 0239191 0039743 0040109 0240398 0440501 0040537 0040851 0041702 0242334 0042702 0343095 0243380 0343600 0244070 0345571 0245665 0045775 0346796 0346872 0247254 0047891 0048631 0048796 0349460 0250545 0350600 0050638 0051141 0051485 0051493 0051614 0051690 0052017 0052594 0352960 0454001 0054795 0055302 0255364 0255400 0056921 0357622 0057993 0258962 0059044 0060206 0461093 0061173 0261443 0262211 0262354 0062993 0063859 0265114 0065175 0065355 0065548 0065709 0066056 0066271 0267490 0067599 0067928 0268011 0468629 0269928 0070622 0070844 0070908 0071437 0071620 0072751 0272839 0072925 0073079 0273167 0073928 0374030 0074432 0274829 0074868 0275651 0276671 0276830 0276955 0277113 0277621 0278523 0078742 0078847 0378966 0279184 0280176 0081479 0281538 0281793 0082567 0083101 0283459 0083720 0084350 0084448 0085460 0086896 0087235 0387236 0087258 0087482 0088053 0288399 0089208 0089411 0089845 0490083 0090362 0090792 0291130 0091312 0291361 0292352 0093295 0093905 0093938 0095627 0095861 0295930 0096575 0096587 0097130 0097226 0297338 0297696 0098821 0099612 0399726 0299982 00100069 00100186 00100788 00100857 02101146 03101461 00102257 00102458 02103055 03103326 00104063 00104141 00104152 00104357 00104938 00105099 00105186 00105301 00106299 00107170 00107259 02107408 00107864 00108241 02108410 00108945 00109972 00111454 03111558 00111691 00111942 02112171 00112272
91620361 0354 0476 031807 021852 021886 001994 022005 032024 002487 022970 033017 024083 044155 024247 004467 024574 024646 004985 005217 025769 005901 026400 046981 047089 027144 027161 027891 048029 008149 028524 028902 028921 049039 039301 039397 029529 039885 0310625 0410820 0411277 0211539 0411638 0411758 0412215 0412267 0412362 0412528 0212582 0212607 0412802 0013346 0414083 0214217 0214307 0214526 0214906 0116080 0316897 0216955 0317042 0218238 0318400 0418820 0019554 0219777 0219814 0020246 0420366 0020381 0220494 0421134 0221758 0021944 0322213 0222255 0222370 0223295 0223969 0024099 0324254 0224740 0325303 0025635 0225908 0025922 0326141 0326425 0326809 0226946 0327140 0227237 0327590 0329169 0229182 0429198 0029546 0030115 0230332 0230402 0230492 0031196 0231202 0031274 0032111 0032379 0033036 0333045 0033538 0233779 0034159 0234525 0034745 0034819 0234851 0034971 0235183 0235297 0335345 0235439 0435536 0236511 0237023 0237398 0237832 0237879 0038215 0038306 0238520 0239172 0339183 0039762 0040065 0040329 0240410 0040511 0240939 0041088 0341648 0041696 0241817 0041887 0042418 0242503 0342866 0342898 0343295 0243550 0344188 0044426 0244543 0244618 0244663 0044898 0045621 0345781 0245860 0045896 0046157 0046356 0346527 0046564 0046813 0047413 0247658 0347680 0047784 0247787 0247802 0248310 0248350 0048449 0048900 0449146 0249638 0249655 0249897 0050360 0050778 0350805 0051189 0051411 0051638 0252138 0052171 0052335 0052576 0052595 0053129 0453177 0253382 0253687 0053847 0253976 0054190 0054252 0254581 0054928 0054978 0055029 0255431 0455866 0055905 0056706 0056767 0056784 0056785 0257497 0057621 0357720 0258405 0358452 0258494 0058559 0258898 0059138 0359160 0059176 0259192 0259265 0259609 0059956 0259978 0260950 0061104 0061168 0361217 0261408 0361580 0061752 0061839 0362087 0062427 0062627 0263002 0263094 0063119 0063129 0363152 0063190 0063440 0263543 0063830 0064161 0064263 0264306 0264477 0464698 0064855 0064927 0065710 0265717 0065838 0066133 0066160 0066714 0268045 0368188 0368276 0068544 0068600 0269514 0069541 0069863 0070160 0070388 0070918 0470965 0071121 0071196 0271320 0071351 0071358 0071440 0071674 0071930 0071938 0072083 0072214 0072297 0072757 0072801 0073127 0073163 0273719 0273736 0373765 0373824 0073905 0274539 0074604 0074614 0075239 0075610 0376351 0076525 0076756 0076795 0276824 0076943 0277074 0077752 0077922 0078245 0078330 0278587 0078896 0079378 0079510 0079572 0079845 0079931 0080016 0080280 0280855 0081086 0081271 0381392 0081394 0082837 0283116 0083564 0083889 0084195 0084428 0085181 0085375 0085760 0085861 0285878 0086020 0086119 0286521 0086606 0386745 0086901 0287194 0087431 0287497 0087836 0088037 0288341 0088352 0288618 0088903 0388999 0089315 0089330 0289436 0089687 0089717 0089752 0089977 0090854 0091221 0091427 0091752 0391851 0092061 0292688 0092776 0293162 0093454 0093540 0093904 0093929 0294164 0094196 0094395 0094529 0094958 0095148 0095522 0095538 0095564 0095566 0095754 0095895 0095989 0096036 0296339 0096431 0297011 0097171 0097598 0097799 0298151 0098557 0098659 0098752 0099177 0099490 0299837 0099906 03100203 00100242 00100311 00100502 00101337 00101375 00101629 00101926 00102086 00102264 00102555 00102800 02103146 00103753 00103815 00104429 00104527 00104589 00104702 00104749 00104796 00105053 02105068 00105146 00105601 00105789 02105946 00106390 00106871 00106884 00107275 00107437 00107657 00108090 02108411 00108426 00108621 00108971 00109160 00109534 00109669 00110093 02110227 00110612 00110916 00110923 02111508 00111852 00112035 00112452 00112635 00112866 00113034 00113328 00113341 00113385 00113493 00113552
91620371 04113 03285 02327 00376 02575 04632 04641 03663 02697 03810 02910 04994 031025 031076 001102 031153 021296 031418 021648 041719 041796 041884 041950 001952 032115 022302 042409 042540 043001 043039 023057 043075 043109 023246 023321 043336 043351 033363 033372 023757 043759 043813 023822 003985 044030 034052 044327 004485 034604 034632 034656 024687 044759 034782 034785 034840 034906 024912 044926 045100 005131 045132 045209 045224 045247 035248 005336 025422 045480 025491 025537 025623 035657 005720 046191 046292 036322 036398 026410 026490 026517 026519 026679 036729 026788 037157 027299 007433 047443 047526 007531 027536 047729 007736 047745 027827 027837 047969 028015 028089 048163 028516 048571 038661 008818 048917 039020 039112 029236 009426 009532 029571 039629 029664 039777 029800 009879 0210048 0210227 0010267 0410393 0210450 0210551 0410624 0310656 0310672 0410699 0210942 0210946 0210950 0410975 0011246 0411418 0211480 0111609 0311739 0311903 0211914 0411945 0312016 0412025 0212109 0412164 0412171 0312305 0212382 0312404 0412451 0412560 0412587 0312606 0312636 0312710 0412847 0312894 0212940 0413243 0313465 0213609 0013654 0013768 0214009 0214125 0414180 0414312 0014636 0014782 0315257 0415263 0315275 0415316 0215399 0415512 0315581 0215582 0415631 0315858 0215967 0416034 0416247 0416317 0216363 0416371 0016536 0216539 0216566 0316631 0216666 0416755 0216814 0216919 0217107 0417168 0217395 0217818 0217895 0217902 0418094 0018161 0218208 0318253 0318292 0418340 0418404 0418447 0218699 0218767 0318896 0218907 0419009 0019226 0319460 0419540 0219566 0219599 0219760 0020136 0420179 0220205 0220243 0220295 0020371 0220389 0320429 0320489 0420533 0320547 0020593 0020688 0220730 0320739 0220767 0220822 0220868 0320992 0321111 0321203 0221230 0021280 0421300 0221311 0421323 0321369 0221394 0221494 0421571 0421592 0321641 0221692 0321943 0322099 0022177 0222200 0422262 0222346 0222393 0222405 0022463 0222532 0222560 0022614 0322622 0222633 0422664 0422704 0222770 0422788 0222914 0222983 0422985 0223008 0423077 0223486 0023597 0223609 0023788 0223910 0323959 0224081 0024172 0424258 0224279 0224289 0424617 0324729 0425080 0025205 0225327 0225478 0025521 0025530 0225535 0025553 0225644 0025725 0225822 0425858 0326022 0326100 0226161 0226266 0226325 0026358 0326406 0026757 0026964 0227166 0427203 0027252 0427356 0327392 0327493 0427499 0327508 0227509 0427561 0027592 0427769 0228005 0328215 0228285 0428300 0028430 0028541 0128574 0328616 0028641 0328878 0229025 0229177 0429241 0229310 0029356 0329597 0330038 0030060 0230064 0030091 0230101 0230476 0430571 0030638 0330673 0230818 0330931 0331031 0031167 0231187 0231377 0231432 0431547 0231752 0331858 0031883 0231893 0031910 0431926 0431952 0231987 0032046 0232093 0432249 0032293 0232345 0232490 0232554 0232666 0332713 0332721 0232771 0332793 0432795 0332806 0232937 0232943 0232961 0233082 0433143 0233393 0233474 0233606 0233667 0033788 0233810 0333896 0233925 0234002 0234101 0034118 0234344 0234427 0234502 0334524 0234552 0434616 0234619 0234666 0034689 0034762 0434937 0035051 0335541 0035557 0035658 0235756 0035768 0035813 0235843 0335877 0335956 0236064 0036083 0236163 0236367 0336683 0336701 0236941 0337078 0037141 0237231 0037253 0337302 0237383 0237577 0237693 0037732 0037849 0237852 0037890 0238164 0238323 0038376 0438409 0238449 0238470 0038766 0238803 0238836 0039090 0239272 0339336 0239585 0340009 0240024 0240027 0040155 0340171 0340248 0240300 0240473 0440531 0040589 0240908 0440933 0241080 0041166 0341281 0241419 0241449 0241819 0041837 0241879 0441905 0242153 0242166 0242212 0242276 0042350 0042363 0342577 0242708 0242775 0042936 0043051 0243084 0343322 0043409 0043585 0243598 0243748 0244166 0444233 0044287 0244300 0044733 0344735 0244760 0244808 0044830 0045005 0445011 0245221 0045271 0445336 0445346 0045365 0245492 0245558 0245612 0345706 0045708 0245821 0245967 0346466 0046474 0246492 0346530 0046690 0046738 0046745 0246879 0046902 0346968 0246969 0347154 0247235 0247398 0047462 0247807 0247886 0347889 0247944 0248029 0248031 0048461 0448901 0249161 0349260 0049327 0249535 0049613 0049777 0349888 0049902 0050127 0050197 0350263 0050285 0050336 0050478 0050572 0250584 0050601 0050696 0050739 0050962 0351047 0351157 0051294 0451335 0251439 0251456 0351530 0351533 0251611 0351773 0351797 0251823 0051904 0252053 0252387 0052440 0252470 0352515 0252543 0052674 0352752 0252772 0252947 0052988 0453242 0253418 0353486 0053651 0253694 0253700 0253918 0354008 0354021 0354172 0354238 0454614 0354717 0054805 0054854 0354959 0255041 0055112 0255134 0255151 0055266 0255268 0255706 0255741 0255908 0056001 0356048 0456101 0256262 0056268 0356497 0456567 0256715 0056808 0357040 0257042 0357069 0257111 0057120 0057182 0057219 0257273 0457284 0257289 0057338 0257350 0357366 0357420 0057566 0257637 0257730 0357771 0357907 0357969 0358019 0058042 0058118 0258291 0058353 0358455 0058611 0058713 0258865 0058940 0059168 0059180 0359350 0359617 0259839 0259880 0260249 0260282 0060520 0260547 0260615 0260672 0261074 0361119 0061154 0261284 0261309 0261422 0061502 0061812 0062051 0062189 0062311 0362368 0062383 0062547 0262857 0062986 0363026 0263384 0263609 0263670 0063762 0063957 0264105 0064228 0364301 0364386 0064531 0064561 0364605 0064674 0064677 0064879 0065147 0065201 0065273 0265485 0265736 0265970 0066023 0066097 0066232 0266366 0066371 0066459 0266504 0366709 0066744 0267119 0267131 0067378 0367486 0067593 0067740 0267789 0067861 0067994 0068029 0368228 0368503 0068955 0469079 0269251 0069279 0269318 0369459 0369494 0069697 0269760 0269798 0369804 0069837 0369973 0270248 0070270 0270725 0270732 0270818 0070985 0271036 0071143 0371315 0471696 0271760 0271829 0272431 0072468 0072579 0072799 0072845 0272956 0272997 0073233 0073535 0273589 0273610 0473777 0073794 0374026 0374048 0074142 0074221 0274400 0074476 0074563 0074597 0274613 0074675 0074813 0274835 0074921 0274944 0274984 0075085 0075313 0075372 0075373 0075532 0275538 0375591 0075899 0075983 0376180 0076212 0076872 0076885 0376908 0276919 0077400 0077527 0277532 0277576 0277578 0077653 0077743 0377786 0378144 0478223 0278270 0078288 0078328 0078690 0078880 0079065 0079074 0279196 0079281 0079492 0379624 0280185 0280200 0080473 0280761 0280978 0381242 0081249 0081390 0081410 0081595 0281694 0081916 0082200 0282207 0282210 0082517 0282518 0082531 0082612 0082617 0282800 0082850 0082984 0283302 0083431 0083535 0083685 0083768 0083799 0084193 0084394 0384444 0084469 0284470 0084520 0284869 0284944 0085008 0085099 0285161 0085224 0285397 0085525 0285616 0285823 0086053 0386112 0086350 0086359 0086413 0086548 0286674 0286809 0386822 0087662 0288003 0288169 0088284 0288380 0388477 0088652 0088715 0088976 0288993 0089139 0089654 0289724 0289898 0290038 0290197 0090446 0390496 0390510 0090773 0090838 0291226 0091449 0091537 0091586 0091711 0291774 0291852 0091947 0091972 0092535 0292554 0292560 0092783 0292796 0393130 0093308 0093374 0293433 0393559 0093594 0093689 0093707 0093916 0094097 0394213 0094311 0094362 0094536 0294815 0094896 0094921 0294948 0295204 0095227 0095339 0395755 0095820 0096200 0396367 0096542 0096639 0096705 0096767 0096823 0096824 0096898 0096949 0297065 0297273 0097472 0097668 0297801 0297822 0098181 0098244 0098460 0098537 0098721 0298810 0298841 0098869 0098935 0099322 0299347 0299401 0299441 0099825 00100111 00100942 00101078 00101148 02101263 02101317 02101576 02101589 00101719 00101733 02101742 02101987 00102013 02102128 00102190 00102194 02102246 02102313 02102345 00102432 00102436 00102534 00102696 00102858 00102891 00103252 03103300 00103623 00103629 03103708 00103745 02103821 00104397 00104591 00104679 00104764 02104768 00104943 00105039 00105078 03105263 00105273 00105425 00105519 03105607 00105646 02105721 02105836 00106079 02106258 00106564 02106653 00106716 03106803 00107070 00107079 00107088 02107102 00107157 02107164 02107295 00107306 00107353 02107866 02107894 02107912 03108466 02108504 00108636 03108776 00108957 00109084 00109161 02109670 02109737 02109821 02109897 02109925 00109939 02110025 02110080 00110168 00110197 00110275 00110300 00110423 00110439 00110447 02110530 03110572 00110724 00110904 03111041 00111139 00111354 00111368 00112013 00112016 02112214 00112363 02112814 03112833 00112942 02113243 03113554 00113593
91620381 0255 00176 03180 02827 041085 021091 021116 041221 041445 041593 031661 001700 041727 041846 041850 022590 042638 042940 043022 033040 033285 003322 033466 033485 023898 043967 024001 034450 024454 044469 034625 044707 044800 044989 025293 035373 025632 035634 025788 046534 046617 036693 047068 037171 007258 047437 037702 027862 037943 037952 047999 008031 038373 048650 048686 048812 039328 029381 029477 029577 029618 0410309 0410346 0310364 0210421 0010804 0310870 0311303 0411488 0411640 0011816 0311834 0411927 0012084 0212098 0212257 0012265 0412299 0412308 0012475 0212490 0212842 0312977 0013124 0313184 0213427 0213559 0213582 0213645 0213678 0113761 0313874 0414110 0414124 0214175 0314182 0314288 0414309 0214513 0014611 0314736 0414819 0015048 0015062 0215184 0015273 0415305 0015478 0415486 0215491 0215520 0315527 0215584 0315835 0015846 0016001 0216238 0216278 0216322 0016385 0416554 0416580 0316602 0316719 0216735 0016939 0416968 0217021 0317055 0417209 0417294 0017533 0317560 0217838 0418167 0418375 0018394 0318417 0318458 0418509 0418628 0218753 0218823 0418875 0419324 0019346 0219474 0019475 0319479 0319565 0219732 0419910 0219912 0220178 0320285 0320300 0220306 0420318 0220325 0420394 0320485 0420531 0420816 0220895 0020916 0321347 0221660 0221902 0321930 0322029 0022210 0022285 0222287 0022353 0322385 0422488 0322705 0222786 0322878 0422925 0323014 0423033 0423244 0023496 0323514 0223555 0323581 0423626 0323794 0423875 0024013 0224098 0224185 0324381 0224409 0224427 0325083 0325085 0325258 0025271 0325396 0325526 0325648 0425666 0025768 0425772 0325775 0325825 0325917 0225924 0326136 0026496 0426821 0326891 0226937 0426986 0427016 0227314 0327415 0027525 0327620 0227752 0427759 0327801 0427976 0228158 0428236 0228273 0228381 0328478 0328480 0228549 0328585 0328763 0328796 0329058 0429096 0329172 0229193 0329250 0229255 0229374 0329419 0229458 0329708 0329831 0230043 0030152 0230292 0330645 0430954 0230980 0231065 0431158 0431234 0431303 0231834 0432077 0432223 0032376 0032459 0332471 0432627 0432800 0232807 0433015 0333096 0233138 0433406 0333416 0033917 0034055 0434259 0434356 0434542 0434814 0234997 0335095 0435097 0335252 0235261 0335318 0035603 0235665 0035743 0435924 0436194 0236208 0436526 0436548 0236724 0236756 0036811 0236874 0236898 0236921 0036937 0437039 0337428 0037495 0337573 0237622 0237794 0337809 0037813 0337893 0237913 0237924 0237992 0238108 0238364 0038424 0238594 0239133 0339152 0339234 0039376 0239541 0039546 0239568 0039605 0439618 0239895 0239925 0039976 0039986 0340036 0040125 0040131 0240162 0040328 0340353 0040745 0241045 0241127 0241170 0341213 0241240 0241258 0342285 0442427 0242474 0442528 0342676 0242883 0043255 0243340 0443439 0443474 0443631 0343651 0043717 0443730 0343873 0243963 0344051 0044069 0344398 0244497 0444601 0344990 0245164 0045489 0445541 0345604 0045645 0245657 0446161 0346208 0046228 0246306 0246399 0246523 0246812 0047166 0247206 0047229 0247328 0247343 0347517 0247656 0447758 0347900 0047907 0048167 0048271 0048277 0248368 0248391 0248485 0248709 0048815 0349113 0449123 0449253 0349326 0049337 0349436 0250138 0250155 0250241 0050515 0350776 0450909 0450946 0350952 0251036 0351153 0251218 0051337 0451365 0051675 0351693 0051713 0451996 0252027 0252097 0352155 0052368 0252642 0252913 0453306 0453528 0054102 0254440 0454571 0254897 0255130 0355351 0055449 0255485 0355603 0455611 0355642 0255751 0455809 0056005 0256133 0356506 0256714 0356840 0256844 0456927 0456967 0257044 0057145 0057272 0057333 0257516 0357713 0458037 0258183 0058274 0258651 0358711 0258788 0358829 0058939 0058981 0259066 0359178 0059305 0359661 0059665 0259942 0460052 0060059 0060138 0060515 0260535 0060621 0360696 0060740 0460956 0261004 0061022 0361094 0461384 0361755 0062080 0462228 0062283 0362754 0062950 0362953 0063064 0263089 0263268 0363421 0263519 0363520 0063535 0363560 0063814 0363825 0263956 0264141 0064288 0064366 0264548 0364693 0364807 0364895 0264937 0064975 0265310 0365584 0365691 0065702 0365771 0066025 0066100 0466514 0266610 0266636 0266693 0266700 0266959 0067159 0267180 0367246 0067613 0267619 0067726 0067760 0067792 0368010 0368013 0068215 0468273 0068436 0368943 0069023 0269452 0369530 0369556 0369683 0269687 0369968 0070626 0270813 0271047 0071083 0271441 0071463 0071846 0072166 0372167 0072168 0272244 0272296 0272412 0272655 0273022 0273903 0274014 0074047 0274299 0074386 0474438 0074634 0374647 0374786 0375487 0275574 0075579 0275590 0275702 0076327 0276455 0477147 0077282 0277348 0277359 0277376 0277713 0077797 0077825 0278372 0078565 0279030 0279161 0079218 0279404 0079563 0279579 0079847 0279886 0080270 0080670 0280674 0080837 0281217 0081248 0081268 0281374 0381398 0081488 0381972 0282038 0382057 0382212 0082416 0082457 0282585 0282595 0382608 0382797 0082902 0283248 0283366 0283634 0284135 0284330 0084603 0484940 0384952 0084992 0385112 0385283 0285506 0285529 0085545 0085739 0085892 0086049 0386513 0086649 0086799 0286859 0086905 0086991 0387109 0287187 0087319 0088057 0088237 0088379 0388383 0288530 0088545 0288730 0288753 0088804 0289248 0290099 0090241 0090415 0090467 0090584 0090599 0090744 0091004 0091097 0291428 0091659 0291779 0291825 0391834 0291996 0292025 0292042 0292611 0292980 0093098 0093129 0293527 0093566 0093894 0093959 0094018 0094032 0394409 0094491 0094574 0394675 0394786 0394866 0394931 0095008 0095485 0095610 0295935 0296273 0396290 0396364 0096410 0096468 0297191 0297198 0297313 0097487 0097710 0298109 0098452 0398615 0299072 0099323 0099351 00100127 00100728 00100759 02100858 02101075 02101525 03101647 03101755 02102124 00102220 00102258 03102520 00102559 03102759 00102762 00102833 00102913 02102955 03103031 00103113 03103139 00103635 00104092 03104268 02104329 00104678 00105171 04105292 00106176 02106252 00106320 00106342 02106464 02106523 00106584 00106670 00106740 00106828 00107151 02107958 02108451 03108669 00108807 00108909 00108967 00108980 00109100 02109117 00109126 03109144 00109220 00109469 00109845 00110535 03110547 03110629 02111336 00112021 02112362 00112384 00112395 00112900 03113184 00113329 00113537
91620391 03209 04560 03600 00734 00773 04774 021000 031090 001410 031412 041427 031502 041901 002132 002187 002703 022938 012991 033036 003054 003077 003105 003254 043308 023470 013506 023582 023588 033594 003617 043715 003718 043777 023786 003943 024171 024244 034335 024400 034569 044695 004977 045240 035355 046308 036369 006565 037062 027075 007325 037478 047716 037799 027945 028003 008422 028606 049197 029288 039346 029541 029736 0010231 0010401 0210777 0010812 0011064 0411156 0011238 0011434 0411483 0211671 0311943 0212177 0312714 0312851 0312854 0012989 0013042 0013238 0014205 0414333 0414595 0314797 0214848 0214870 0415036 0315282 0015963 0315999 0316151 0417019 0217308 0217551 0317679 0017710 0017854 0317892 0018499 0318572 0218632 0418664 0418791 0018810 0318864 0019101 0019503 0019789 0219793 0019812 0020172 0320174 0320417 0220718 0220993 0021100 0221537 0321821 0021826 0021973 0022247 0022377 0022482 0322727 0222744 0423038 0323100 0023123 0223229 0023312 0323800 0223915 0024183 0424443 0224530 0224712 0024933 0225093 0025273 0225716 0325840 0426243 0326419 0026488 0026905 0326982 0427150 0027231 0027736 0028421 0328436 0228495 0228583 0028657 0228684 0028757 0228768 0328939 0029175 0229329 0329443 0029755 0329856 0029891 0230013 0030873 0430889 0331103 0031230 0331627 0031959 0033128 0034154 0034209 0034659 0335253 0335311 0335340 0035440 0335680 0035723 0335912 0235933 0035945 0336216 0337259 0037281 0037496 0337706 0037895 0337918 0337991 0038051 0038075 0338506 0338823 0238844 0039252 0039309 0039627 0239877 0039880 0339907 0040160 0340364 0040637 0040649 0040677 0040680 0040744 0241306 0241586 0341602 0341693 0041710 0341866 0242128 0042150 0042284 0042319 0042446 0042485 0042533 0242946 0243347 0343574 0043581 0243687 0244031 0244060 0044424 0044689 0344728 0044917 0045015 0045360 0045493 0045539 0045546 0046092 0046153 0346177 0346255 0346309 0246473 0346722 0346814 0046910 0047082 0247257 0347288 0047936 0048103 0048140 0048220 0048401 0248511 0048607 0048895 0349542 0049745 0449825 0349834 0049900 0050217 0050365 0250423 0250453 0050852 0250969 0251138 0351144 0051344 0051463 0251505 0051613 0051958 0052112 0252114 0052599 0052662 0052894 0052975 0353046 0053377 0253405 0053514 0053594 0353652 0253985 0054141 0354265 0054267 0354443 0054547 0054698 0054818 0454979 0055055 0055104 0355902 0056008 0056291 0356349 0356409 0456551 0056578 0356753 0056776 0057097 0357119 0257317 0057318 0057367 0257650 0057691 0357826 0057847 0358228 0058427 0058545 0058617 0258705 0058771 0058791 0059016 0259069 0259392 0059547 0259613 0359654 0259805 0259972 0060076 0060442 0060553 0060984 0061281 0061331 0361396 0061437 0062233 0062235 0262395 0362489 0062513 0262617 0062683 0262826 0062976 0363352 0263568 0063788 0063843 0063964 0064048 0064075 0064195 0464367 0064744 0064917 0065018 0365094 0065244 0465283 0065388 0065897 0065988 0066356 0266385 0266666 0066908 0067632 0067849 0067879 0067967 0068037 0368178 0068299 0068569 0068616 0368636 0068804 0069070 0069288 0269444 0069448 0069461 0369489 0369512 0070056 0070413 0070423 0070515 0070583 0070663 0270848 0071875 0071965 0072011 0072032 0072225 0072467 0072784 0072957 0073174 0373333 0273708 0073793 0073969 0274238 0074729 0074896 0074964 0075049 0075124 0075612 0375729 0275753 0075971 0076309 0376379 0276532 0076744 0276748 0376810 0276847 0376922 0277057 0077081 0077116 0277499 0277592 0277700 0277753 0077914 0078034 0278056 0278066 0078203 0278344 0278389 0078533 0078726 0078765 0279053 0079324 0279358 0079516 0079570 0279900 0380006 0280058 0080071 0080474 0080726 0380741 0080901 0081603 0081704 0381760 0081766 0081835 0281969 0282386 0082520 0082622 0082651 0082788 0083842 0083855 0084064 0084158 0084202 0084552 0084876 0084917 0084999 0085052 0085204 0085318 0385330 0085671 0085719 0085754 0086278 0286536 0086638 0286695 0086749 0286772 0086895 0087472 0087591 0087963 0088234 0088305 0088343 0088502 0088812 0088836 0089024 0389051 0089269 0089382 0089773 0089902 0290130 0290459 0090587 0290949 0090964 0090979 0091103 0291474 0391502 0291738 0091800 0091808 0091865 0291977 0392118 0092241 0092277 0292403 0092676 0092686 0392725 0092923 0093002 0093204 0093567 0093784 0093997 0094369 0094879 0294937 0094960 0095091 0095385 0095449 0095465 0095478 0095702 0095712 0295844 0295952 0096119 0096133 0096167 0096324 0096394 0096461 0096714 0296929 0297207 0097209 0097507 0297748 0097773 0098045 0098340 0098582 0098929 0099222 0099294 0099451 0099511 0299515 0099660 0299773 0099824 0099910 00100095 00100117 02100231 00100393 00100694 00100812 00101039 00102000 00102122 00102885 00102948 00103010 00103195 00103206 03103211 00103262 00103316 00103378 00103478 00103596 00103689 03103748 00103873 02103911 00104010 00104172 00104273 00104277 00104286 00104304 00104653 02104658 03104797 00105020 04105242 02105955 03106004 03106254 00106590 00106594 00106745 00106889 03106927 00107135 00107221 00107237 00107333 00107387 00107438 00107462 00107628 00107647 03107853 00107868 00108079 00108574 00108597 00108603 00108660 00108903 00108963 02109037 00109105 02109204 00109231 00109261 00109321 00109429 00109529 00109558 00109748 00109766 00109991 00110173 03110273 00110502 00110652 02110760 03110842 03110872 00110931 00110935 00111071 00111359 00111363 00111369 00111498 00111661 00111697 00111856 02111959 00111960 00112051 00112298 00112401 00112538 00112540 00112765 00113143 02113413
91620401 0368 02181 00302 02514 04580 02660 001387 001514 031565 031625 031984 002164 032492 022505 002516 042570 002609 002951 033193 023200 043444 033445 003500 033551 024066 034286 034302 034453 044587 044727 044808 034831 034959 035219 035379 025415 005522 025652 035946 006313 036495 036580 046768 036850 047411 047430 027634 007718 007950 037995 008166 028597 008683 008732 038946 038985 009165 049203 029210 039228 049457 039636 039649 039690 029764 009842 0310079 0410237 0010345 0010451 0310485 0310675 0210683 0010831 0111057 0211217 0411234 0411243 0411385 0011569 0411694 0011944 0412328 0412672 0012771 0413017 0413052 0313192 0313300 0013875 0014054 0314088 0214098 0314306 0014564 0314755 0214993 0015042 0215142 0315367 0215525 0415731 0015804 0015934 0016065 0016174 0316534 0016644 0316711 0216809 0316837 0316910 0416979 0017089 0217133 0217468 0317548 0417616 0017692 0017746 0217821 0017906 0217944 0218213 0018260 0418390 0018438 0318551 0418576 0219040 0319423 0219902 0019993 0320223 0420556 0020864 0021114 0021707 0021723 0021797 0421816 0021940 0022344 0422724 0322867 0223051 0223466 0023542 0223612 0223945 0424004 0324386 0024707 0224927 0024955 0425082 0325162 0025179 0025319 0225558 0025597 0425696 0025714 0025718 0025909 0026002 0026186 0026367 0226554 0026613 0026826 0326839 0426856 0026895 0426909 0427043 0027318 0227872 0327874 0327987 0228037 0428064 0128073 0028093 0428251 0428296 0028321 0328345 0028785 0229149 0029155 0029470 0429711 0230108 0030179 0430457 0330494 0330516 0030522 0330690 0330711 0330760 0230826 0430925 0031048 0031055 0031247 0231342 0031445 0331766 0331777 0032063 0032087 0432371 0032372 0432582 0332750 0432980 0033049 0333087 0033119 0333190 0233306 0433384 0333423 0033511 0433543 0034001 0034091 0034252 0234724 0334794 0034967 0335072 0335857 0036385 0436441 0336732 0036974 0037370 0037807 0038096 0038148 0038231 0438251 0438286 0338340 0038386 0038505 0338566 0438646 0038682 0038698 0238792 0238841 0038879 0038949 0338986 0039064 0239232 0339453 0039504 0339557 0439560 0439645 0039945 0440191 0040194 0440347 0040415 0040447 0240536 0040564 0340607 0040625 0040701 0041003 0341018 0341262 0241274 0441334 0241359 0041372 0041392 0041665 0341735 0042031 0042098 0042157 0042195 0042236 0042282 0042294 0342312 0242384 0042671 0342745 0342749 0342912 0043164 0343371 0043420 0243422 0343515 0243675 0043772 0243937 0043938 0343952 0043991 0043994 0044030 0044488 0445043 0245268 0045404 0245460 0345476 0045799 0045887 0346032 0246241 0246360 0046393 0046638 0346975 0047041 0047312 0047388 0047638 0047670 0048141 0048284 0448349 0048520 0048531 0348547 0248691 0048888 0048893 0048986 0049491 0049589 0449678 0249809 0049907 0049933 0050029 0050102 0050128 0050205 0050267 0050277 0050624 0050813 0250950 0051160 0251313 0051368 0051497 0351625 0052473 0052753 0052940 0053127 0353302 0053303 0253315 0053699 0253730 0053885 0353912 0054094 0054135 0054147 0054414 0054690 0054982 0254984 0355077 0355118 0055281 0055427 0055643 0255783 0055901 0255935 0056174 0056263 0056264 0056284 0056288 0256331 0056354 0056439 0356739 0056798 0057126 0057402 0058072 0358275 0058548 0358770 0359007 0059220 0359259 0059280 0259453 0059689 0059699 0059709 0059801 0059823 0260302 0060332 0060349 0060693 0060744 0261068 0061172 0061953 0361972 0062041 0362237 0062423 0062480 0062593 0362684 0062869 0463075 0063599 0263741 0264211 0064757 0064930 0064969 0065093 0065390 0265413 0265522 0065693 0265741 0065971 0266491 0066551 0066988 0067129 0067263 0267459 0067711 0067897 0067983 0368129 0068278 0068307 0068447 0068526 0068670 0068824 0268894 0069008 0069101 0269179 0269235 0069242 0269360 0069626 0069630 0069647 0369724 0069869 0069954 0069981 0070028 0070139 0070225 0070457 0070510 0370545 0070673 0070822 0070832 0370845 0070973 0271334 0071341 0071576 0071844 0071866 0272224 0072406 0072434 0372577 0072646 0272703 0372740 0272907 0073240 0073245 0273538 0073560 0273731 0073912 0074090 0274215 0074307 0074318 0074437 0074495 0074566 0074769 0074900 0074991 0075120 0075292 0075584 0075691 0075945 0076110 0076171 0076329 0076490 0076559 0076685 0076688 0076734 0276764 0077054 0077100 0077403 0077629 0077747 0377748 0077983 0378041 0078493 0078605 0078758 0078796 0078916 0078987 0079091 0079403 0279498 0079523 0079820 0079866 0079986 0079999 0080057 0080066 0280068 0080184 0080318 0080465 0080477 0081129 0081295 0281340 0082179 0082190 0082324 0082409 0282413 0282495 0282710 0082892 0082980 0383489 0283578 0083618 0383817 0084185 0284268 0084277 0084658 0084680 0084787 0084887 0084888 0285221 0085490 0085654 0085830 0085933 0086210 0086332 0286415 0086480 0386612 0086716 0386760 0286936 0086947 0086955 0087291 0087305 0087572 0287681 0387813 0087856 0087915 0088000 0088267 0388279 0088594 0088608 0388632 0288941 0089054 0089616 0089827 0089865 0089883 0089915 0290222 0090299 0090455 0090623 0390681 0090769 0091034 0091208 0091236 0291352 0091451 0091477 0091606 0091700 0091809 0291844 0092339 0092491 0392492 0092540 0392614 0292654 0092661 0092801 0092806 0393041 0093255 0093405 0093551 0093555 0093624 0093974 0094074 0294209 0294341 0094352 0094381 0094468 0094489 0094628 0094670 0094785 0394807 0094873 0094926 0095106 0095132 0395276 0095320 0095447 0095824 0095852 0096606 0096686 0097351 0297355 0097418 0397548 0097613 0097626 0097752 0097952 0098223 0098741 0098748 0099034 0099172 0099190 0099251 0099278 0099568 0099588 0099644 0399724 0099867 02100170 02100195 00100270 00100683 00100827 00100835 00100885 03100896 03100946 03101109 00101239 00101246 00101359 00101676 00101701 00101729 00102042 00102164 00102295 00102680 00102855 00103104 00103140 00103401 02103497 00103698 00103699 02103734 00103757 02103995 00104036 00104131 00104324 00104418 00104533 00104773 00104827 00104899 00104917 00105098 00105106 00105215 00105254 00105395 00105468 03105640 02105788 00105948 00105964 00106030 02106575 00106656 00106695 00106704 00106809 00106972 00107030 00107396 00107426 00107672 00107822 00108019 00108063 00108188 00108204 00108371 00108415 00108472 00108696 00108794 00108881 00108952 00108960 00109140 00109272 00109295 02109400 00109590 00109705 02109733 00109938 00109969 00109995 02109997 00110280 02110347 00110357 00110360 00110456 00110610 00110653 02110695 00110718 00110793 00110835 00111043 00111063 00111203 00111637 00111640 00111670 00112187 00112198 00112333 00112369 00112464 00112640 00112789 00112846 00112964 00113183 00113242 00113575 00113576
91620411 0540 0258 04602 04771 03857 00898 04959 04969 03978 031141 031232 041238 041430 041452 031488 031620 031756 041881 021997 042393 022438 002536 042721 022905 032982 012986 023065 003201 033256 043260 003374 033499 003589 043704 043709 033749 043762 043849 023914 043954 044421 024546 034553 034659 035015 045166 045236 035251 035549 025556 035716 025740 045756 005921 025931 036052 046059 026083 036312 006779 026798 046842 007012 007039 047045 037077 047173 007366 047374 047489 047493 047538 007701 037735 047755 027768 037843 047884 028077 008086 038365 008388 028407 028428 028437 038547 048583 038608 028900 038980 009089 049303 049306 049454 049562 039576 039585 029694 009750 039772 039960 0010000 0210008 0310255 0310279 0310367 0210460 0010515 0010522 0410610 0310782 0210871 0210977 0211195 0311394 0311471 0411775 0011800 0411874 0212120 0212123 0312142 0312353 0012569 0412584 0212611 0412628 0212699 0412750 0412759 0312830 0212882 0212898 0013114 0213190 0413207 0013369 0013389 0313546 0213550 0013717 0313936 0214143 0214364 0414377 0014522 0414669 0014849 0214863 0015103 0215206 0415292 0215333 0315390 0415449 0015517 0015561 0215683 0215809 0015827 0215877 0416110 0316141 0316192 0016279 0316384 0216388 0016438 0416477 0416674 0016702 0016956 0217311 0217525 0017584 0417919 0417998 0318124 0318133 0418287 0218642 0218786 0418799 0218892 0418951 0018961 0019032 0419077 0019323 0419459 0419476 0019596 0419649 0419834 0419850 0119868 0220085 0020131 0320142 0020217 0320258 0220301 0320478 0420611 0420625 0320800 0021056 0021072 0421204 0021210 0321292 0021317 0021326 0421362 0221435 0321643 0321705 0321761 0421783 0421798 0021810 0321868 0421875 0221991 0022097 0422216 0422269 0222389 0022415 0022448 0022451 0222491 0222538 0422543 0022636 0322789 0422837 0022928 0222961 0422996 0223002 0423010 0423022 0323081 0223177 0223239 0223576 0223630 0323633 0223638 0024015 0024045 0324092 0024110 0324138 0324218 0424408 0324505 0024545 0224624 0224648 0324659 0224779 0024841 0324966 0424975 0025030 0025046 0325188 0225313 0325384 0325580 0325652 0225756 0025887 0325893 0425948 0026017 0026033 0026076 0326078 0026568 0026578 0026587 0326689 0226736 0426751 0226863 0426912 0026947 0326981 0426998 0427085 0227144 0027323 0427500 0427533 0427958 0328050 0228122 0028269 0328322 0428370 0028405 0228434 0028451 0228645 0428909 0228937 0328977 0029202 0429205 0029330 0329457 0029723 0029763 0229935 0230017 0430266 0430323 0030521 0430580 0330636 0430745 0430771 0230903 0430924 0030987 0231125 0331149 0031168 0031321 0031337 0331503 0231519 0031715 0232001 0232104 0232220 0232246 0032257 0032453 0232461 0032491 0432631 0432883 0433037 0333466 0333594 0333599 0033658 0033744 0433766 0233887 0434097 0034445 0334472 0034636 0034742 0334850 0234956 0034974 0235169 0435172 0335230 0235461 0435482 0235639 0335755 0036126 0036213 0036270 0036293 0236307 0436380 0236513 0036525 0436839 0037292 0037659 0437686 0037869 0037888 0338016 0338259 0438268 0238541 0438565 0038782 0238827 0038839 0039120 0339181 0239295 0239358 0339415 0039723 0239731 0039738 0339748 0039752 0439769 0440011 0440118 0040214 0440267 0340381 0240442 0440604 0240648 0340721 0341030 0041220 0241233 0241399 0041400 0041422 0041576 0041593 0041677 0241769 0242094 0442376 0442378 0342420 0242635 0042668 0242742 0043170 0243480 0243533 0343876 0343973 0344058 0044232 0344242 0044301 0044446 0044798 0045073 0345102 0245397 0245443 0045452 0345453 0345507 0045537 0345731 0345870 0346068 0246317 0246401 0346561 0346647 0346785 0446792 0046797 0346820 0246858 0446912 0246991 0047056 0347067 0047274 0047697 0047699 0347743 0448000 0048032 0048050 0048112 0248207 0048422 0048568 0048652 0048665 0448912 0048918 0348919 0349097 0349124 0349130 0249155 0349178 0049363 0349557 0049616 0349735 0449783 0349854 0049896 0449927 0349950 0350340 0250355 0350408 0050467 0050535 0350690 0250911 0350924 0050964 0051009 0251180 0051246 0251504 0051543 0351567 0251708 0251715 0051744 0051824 0051836 0251881 0052149 0052177 0252298 0052320 0252422 0052534 0052659 0053075 0253173 0253248 0053332 0253442 0253444 0053472 0053601 0253660 0253924 0054087 0354249 0054373 0054390 0354418 0454460 0054489 0054541 0054674 0254944 0055180 0355183 0355556 0055589 0055602 0355816 0255827 0055868 0456109 0256250 0256307 0356631 0356823 0056824 0056830 0056889 0057070 0057112 0057281 0357339 0057374 0457489 0057499 0457592 0357733 0257848 0057888 0357985 0358050 0058166 0358212 0258272 0058286 0058595 0358618 0058799 0258841 0058845 0058958 0259333 0059445 0059539 0259618 0259836 0059856 0059922 0360247 0060333 0060768 0060788 0261043 0261166 0061218 0061320 0061401 0061621 0061780 0362009 0062040 0062067 0062099 0262202 0062488 0062511 0262687 0262724 0262900 0363027 0363245 0363298 0063586 0363638 0363758 0263875 0364011 0064027 0264145 0064164 0064327 0064344 0264375 0064391 0064429 0264442 0064489 0064515 0364558 0264772 0064850 0064861 0065163 0265196 0265207 0365298 0365376 0265424 0265448 0265706 0365832 0065843 0266017 0266299 0066314 0066457 0366461 0266530 0466605 0366754 0066789 0066797 0066863 0066876 0067333 0267340 0367437 0067592 0267649 0267820 0267831 0068052 0068118 0368147 0068489 0068787 0069094 0069271 0269484 0069943 0069992 0070157 0070506 0270561 0270629 0070677 0270758 0070876 0070893 0070950 0071026 0071105 0071147 0071153 0071319 0271404 0071574 0471860 0072015 0072024 0072086 0272204 0272418 0272687 0072688 0072821 0073147 0373351 0273428 0073564 0273809 0374147 0074346 0074384 0074762 0074807 0075187 0275363 0075503 0475551 0275748 0375814 0275894 0075982 0076281 0376301 0276746 0376852 0076854 0376998 0277002 0377031 0377229 0377274 0277281 0077371 0077644 0077956 0278071 0278119 0078252 0078323 0078403 0078424 0078432 0078479 0278647 0378713 0078972 0279133 0079254 0079300 0079408 0079435 0379459 0279480 0079630 0079753 0079770 0379815 0079906 0079925 0280143 0080156 0080235 0280457 0280489 0080699 0080723 0280846 0080863 0080884 0081083 0081148 0081222 0081267 0081583 0081639 0381899 0381994 0282013 0382236 0082249 0082484 0082533 0282603 0082670 0282743 0282826 0283089 0383255 0283343 0083688 0083796 0384005 0084032 0084127 0284522 0084622 0084630 0484735 0084756 0384960 0085003 0085166 0285232 0085565 0085570 0085582 0085867 0386106 0086128 0086160 0386203 0386235 0386246 0086466 0086550 0086616 0386842 0087179 0087278 0087501 0087525 0087578 0087716 0087832 0087878 0087908 0088254 0088271 0388416 0388527 0088662 0088699 0088738 0289033 0089065 0289325 0389764 0089785 0389854 0089904 0090029 0090330 0290360 0090477 0090641 0290931 0091111 0091276 0391434 0291443 0091518 0091957 0092205 0293176 0293294 0293475 0093596 0393712 0093813 0094212 0394647 0294673 0295399 0095543 0095579 0095609 0095802 0095850 0095933 0096248 0296323 0396336 0396409 0096478 0096501 0096646 0096681 0096866 0097014 0297240 0097256 0097282 0397321 0397415 0097477 0097663 0097691 0297728 0397772 0097794 0097829 0297958 0397969 0397977 0098700 0298851 0398962 0098970 0099003 0399065 0099130 0099175 0099700 0399758 0099783 0299803 0299854 0099934 00100176 00100275 00100507 02100611 00100729 00100804 00100952 00101176 00101190 03101303 00101415 02101841 00101869 00101965 02102049 00102385 03102506 00102582 02102609 02102739 03103161 00103379 00103513 00103517 00103528 03103669 02103749 00103861 02104309 00104582 00104746 00104988 00105014 00105198 03105429 02105522 02105529 02105615 00105762 02105768 00105812 02105845 00106002 02106043 00106098 00106174 00106194 00106363 00106481 00106533 00106608 00106731 00106739 00106984 00106986 00107412 00107540 00107592 00107595 00107630 03107773 03108182 00108306 02108308 02108407 00108661 00108756 00108762 02108901 00108972 00109138 00109196 00109227 03109242 03109290 00109427 00109544 00109594 02109863 00109891 00110122 00110481 03110705 00110876 00110937 00110992 00111525 00111703 00111751 00111787 00111853 00112129 02112410 00112532 00112537 00112737 00112918 02112929 00113073 00113080 00113132 00113374 00113392 02113458 02113481
91620421 055 0538 0541 02115 02132 02143 04201 03222 02406 02472 03666 04745 04895 02913 031176 031345 041402 021441 021480 041639 021732 001754 041763 021964 031968 022034 032057 032283 002325 022376 002481 002506 032615 032626 042664 022765 032941 033209 033244 023450 033653 023741 023761 023936 023959 004293 024480 044509 004697 004810 034993 035036 025426 005461 045477 045533 036011 006136 036239 026378 026384 006405 006686 036720 006864 036869 046936 036989 037174 037260 047263 037342 047585 007669 047691 007763 008339 048361 038476 038530 028659 048718 038831 039154 039219 009553 039603 009682 0310238 0310473 0210592 0010671 0010995 0211038 0311047 0311150 0011567 0311661 0011787 0311791 0211831 0311842 0311967 0012010 0412018 0312035 0012163 0412533 0012626 0312746 0212783 0212808 0212817 0212833 0312959 0313066 0213328 0413377 0213380 0013406 0213529 0013598 0313603 0313901 0213917 0013970 0014208 0314261 0414296 0014332 0414430 0014537 0314596 0414650 0414673 0215010 0015159 0215246 0015446 0015546 0015548 0215595 0316108 0016254 0016313 0316343 0016367 0416494 0416511 0216617 0416645 0316650 0216884 0016917 0316984 0217409 0017424 0317470 0217766 0317904 0318162 0418415 0318427 0318529 0318746 0018770 0318912 0218968 0419049 0219069 0319105 0219145 0019193 0319253 0019292 0419693 0419864 0219876 0019961 0219967 0220015 0220039 0320100 0020164 0220165 0320252 0420284 0320519 0321014 0021079 0221576 0021687 0221689 0021735 0221748 0321784 0321812 0321882 0321896 0222032 0022138 0322292 0022422 0222810 0422846 0323020 0323069 0223155 0023187 0023321 0023816 0323896 0023933 0023957 0324039 0024180 0024200 0224260 0024345 0224461 0424568 0224664 0024722 0324769 0024859 0025211 0325461 0025495 0325585 0025600 0225694 0325746 0025833 0226016 0026231 0026299 0226394 0026397 0326569 0426581 0326786 0326819 0326877 0226887 0326936 0327228 0027258 0327294 0227376 0027729 0127852 0028109 0028422 0328426 0428545 0428581 0328614 0028627 0028668 0328862 0429137 0029197 0029308 0329386 0329439 0229862 0029897 0329904 0029934 0330073 0330092 0230184 0230217 0230517 0330559 0030586 0330705 0330756 0430811 0030837 0330910 0331111 0031200 0331341 0231397 0431507 0231608 0031667 0331697 0231698 0031726 0131737 0431850 0332019 0032030 0332084 0032194 0232316 0032323 0432485 0232501 0232510 0332526 0332655 0432681 0232741 0333054 0333227 0433516 0233718 0333750 0033872 0033877 0433996 0234228 0234240 0234262 0034418 0034476 0334561 0434799 0034911 0034976 0235053 0335070 0435128 0335357 0235365 0235654 0336060 0336205 0336426 0336575 0336613 0036804 0236914 0037099 0037188 0037226 0037270 0037430 0037512 0237592 0337699 0237906 0238013 0238052 0338198 0038575 0238592 0339000 0039312 0039373 0339381 0339567 0439575 0339587 0339613 0339663 0239739 0439933 0340038 0040468 0240583 0240679 0440700 0040752 0340872 0341137 0441423 0341785 0041795 0441911 0041984 0342177 0342235 0042286 0342470 0342570 0342613 0242704 0042849 0342880 0042904 0243001 0043292 0043373 0243413 0043479 0243678 0443807 0343983 0044029 0044154 0044449 0344536 0044662 0344890 0344993 0045017 0345037 0345153 0045282 0045380 0045562 0245736 0045803 0046063 0046462 0046463 0246468 0346503 0046583 0047035 0247069 0047247 0347252 0347296 0047631 0047908 0047922 0047977 0348076 0348122 0348555 0248565 0048616 0048643 0048782 0048871 0248920 0048972 0249093 0049274 0349632 0050015 0450121 0050268 0250417 0250554 0250641 0250949 0350955 0050974 0251045 0051054 0251146 0051255 0051817 0251862 0351898 0052455 0352634 0052644 0352660 0252728 0252774 0052837 0052838 0352924 0053181 0053366 0053546 0353889 0053953 0053954 0353975 0053986 0054020 0054040 0054179 0054306 0354405 0354433 0354617 0355247 0055395 0355416 0355541 0055565 0255633 0055669 0055767 0255830 0056080 0356176 0056462 0056523 0056526 0356570 0056683 0056713 0056898 0056969 0057060 0057157 0357429 0057625 0357830 0358075 0258253 0058300 0358442 0358479 0258869 0358933 0059083 0259141 0359193 0059302 0059327 0059391 0059403 0059555 0059776 0059838 0059860 0059995 0360016 0260161 0060314 0060356 0060494 0060776 0060843 0060865 0460963 0260964 0061039 0361096 0061520 0061570 0061625 0061679 0061754 0362057 0262116 0062224 0462239 0062343 0062584 0062611 0062700 0062779 0262866 0062965 0063009 0063053 0063145 0363630 0063839 0364123 0064143 0264322 0364326 0064747 0064823 0064921 0065092 0065105 0365120 0465139 0365161 0065210 0065395 0265401 0465472 0065475 0065805 0065815 0266159 0066354 0366359 0066448 0066512 0066768 0067026 0367146 0467236 0067315 0067326 0067350 0267743 0067770 0068038 0068145 0068148 0068174 0368181 0368246 0068272 0068315 0268364 0368442 0368500 0068658 0068749 0368753 0069176 0069261 0369359 0069382 0369496 0069516 0269531 0069562 0069605 0069741 0070045 0270089 0070182 0070316 0070540 0070621 0070829 0370830 0070913 0070951 0071050 0071090 0071092 0071116 0371174 0371258 0271424 0071425 0071466 0071476 0371619 0071694 0371966 0272063 0272265 0272442 0072905 0373017 0273086 0273315 0073403 0273665 0273701 0073774 0073854 0073923 0273942 0074179 0074208 0074291 0074392 0374408 0074443 0074707 0274889 0074929 0074961 0075010 0375141 0375151 0075222 0075401 0075423 0075580 0075751 0075758 0075769 0075997 0076019 0076117 0076182 0276210 0276217 0376219 0076382 0376627 0376639 0276705 0076794 0276914 0076937 0276959 0277122 0377241 0077267 0077277 0077301 0077334 0077425 0377485 0077490 0077581 0077657 0077742 0077746 0077849 0077869 0277884 0278065 0078072 0078282 0078484 0278671 0078830 0378890 0378930 0078993 0079017 0079044 0279146 0279165 0379226 0379234 0079243 0079333 0079337 0079763 0079766 0379833 0080124 0080330 0380413 0080491 0080590 0280805 0080812 0080864 0080933 0080937 0080995 0081010 0081032 0281202 0081241 0381250 0081433 0081567 0081613 0281659 0081834 0081856 0281891 0381979 0082153 0382337 0082675 0082679 0082725 0082727 0082780 0082843 0082906 0082927 0082982 0383059 0083115 0083207 0083218 0083303 0383355 0383421 0383480 0083597 0083643 0083694 0083758 0283929 0084102 0284145 0084200 0084376 0084392 0085038 0085088 0085358 0085363 0085427 0085481 0285495 0085501 0085574 0085614 0385621 0085641 0085646 0085801 0085877 0085944 0086044 0086068 0386081 0086245 0386475 0086492 0286597 0286609 0086689 0086713 0086891 0086920 0387130 0087208 0087288 0087340 0087361 0387383 0087710 0087788 0387874 0088156 0288159 0088263 0088321 0088329 0088574 0088640 0288828 0389332 0089405 0089609 0089614 0089735 0089859 0090003 0290494 0290721 0090735 0290741 0390984 0091083 0091126 0091144 0091556 0291655 0091678 0291841 0391862 0091872 0291915 0092081 0092469 0092493 0292558 0092816 0092927 0092950 0093270 0093570 0093578 0393691 0093724 0293818 0093834 0093971 0094078 0094088 0094147 0394169 0094282 0094367 0094609 0394881 0095005 0095048 0095312 0095435 0295684 0295720 0095728 0095782 0096072 0096115 0096230 0096240 0296358 0096668 0096707 0096831 0396864 0097059 0097304 0097369 0297640 0097738 0297877 0298027 0098099 0098250 0298398 0098539 0098589 0098640 0098678 0098685 0098958 0398965 0098980 0099005 0099082 0099118 0099187 0099583 0099708 0299736 0099833 0099879 02100112 00100206 00100338 02100405 00100451 00100622 00100669 00100758 00100901 00101122 00101137 03101191 02101368 00101445 00101516 00101554 00101605 00101627 00101825 02102213 00102298 00102378 00102382 00102464 02102472 00102536 00102622 02102641 00102779 00102811 02102930 00103040 02103151 00103180 00103204 00103368 00103485 00103583 00103803 02103868 00104046 00104085 02104146 02104166 00104444 00104518 02104664 00104734 00104897 00104997 00105027 00105185 00105187 00105258 00105371 00105413 00105430 00105538 00105677 00105770 00105939 00105956 00106039 00106061 00106171 00106333 00106597 00106754 00106757 02106792 00106826 00106868 00106890 03106945 00106955 02107233 02107310 02107512 00107514 02107694 00107735 00107752 00108013 00108323 00108436 00108528 02108615 00108697 00108954 03109032 00109209 00109356 00109610 00109618 00109887 02110186 00110234 00110254 02110432 00110682 00110764 00110866 00110902 03111065 03111098 00111288 03111421 00111457 00111753 00111862 00111947 00111954 00111963 02111976 00111994 02112277 00112454 00112486 00112512 03112519 00112521 00112552 00112627 02112886 00112921 00112979 00113062 00113136 00113165 02113251 00113463 00113519
91620431 03359 03503 03690 03761 04788 02935 021282 021339 021363 001383 001511 021587 001799 031980 042003 032064 042111 042185 032210 032230 022250 022333 002358 032445 022533 032550 022557 002616 022711 022837 033046 033060 033083 033125 033148 033218 043291 003297 023384 033421 003680 033765 033787 033798 003804 033861 024157 044166 034211 034218 034263 034713 024971 035063 045102 035222 025276 035539 005541 025678 025708 025726 005952 036155 026268 036329 046415 036556 026820 037066 037149 047194 027352 027413 027454 037590 037615 037726 027738 037881 037994 038222 048231 008255 018385 038439 048553 028634 028655 038893 028926 049368 039476 039606 029609 049875 029886 0410189 0310271 0310335 0010365 0210512 0010639 0010667 0310717 0310744 0410827 0011448 0011473 0411550 0411669 0311740 0011757 0311765 0211968 0211979 0012046 0012258 0412398 0012459 0312578 0312596 0212609 0212657 0212772 0312788 0212820 0013005 0313078 0313112 0013152 0313167 0213178 0313235 0313333 0213416 0413555 0313667 0213806 0213986 0014008 0314082 0214102 0014123 0014151 0314161 0214169 0314172 0014412 0014569 0314620 0214644 0314759 0214798 0314823 0314885 0014982 0315190 0015271 0315322 0315379 0015474 0315565 0015646 0315712 0215756 0215806 0415811 0415948 0216201 0316492 0316541 0316545 0216561 0316676 0316689 0416704 0316726 0216794 0216806 0417072 0017075 0017505 0317610 0317649 0317724 0317767 0217883 0217961 0318192 0318217 0318341 0218364 0318480 0218498 0318534 0218674 0318691 0018766 0218793 0018927 0319080 0419089 0219159 0019229 0319242 0319376 0419391 0319455 0319515 0319619 0319642 0319815 0419935 0219949 0220030 0020031 0220046 0020050 0220121 0420153 0320298 0320463 0320503 0020613 0020634 0020694 0420820 0320839 0220890 0320902 0421314 0021523 0321610 0321685 0321851 0021893 0021929 0321946 0322013 0222043 0022172 0422193 0322249 0222331 0422577 0222578 0322627 0322661 0022706 0222730 0322776 0222974 0223236 0223290 0323305 0223410 0223458 0223546 0223552 0323781 0023888 0323944 0324187 0024197 0324357 0324593 0324968 0225022 0325037 0325040 0325209 0025232 0325234 0025247 0225292 0025325 0025354 0425386 0425443 0025548 0325755 0225928 0025947 0326080 0326181 0226205 0226357 0226376 0226443 0326451 0026640 0326919 0227024 0327061 0327107 0227128 0427149 0027280 0027284 0027566 0227583 0227743 0327778 0327832 0027847 0227876 0227881 0027896 0327901 0328030 0328305 0328352 0028400 0328406 0228427 0428501 0328508 0328613 0228619 0228664 0328744 0228799 0328819 0228935 0028955 0229036 0329044 0029061 0029524 0029590 0329600 0429628 0029699 0430000 0230090 0230384 0330475 0330482 0030953 0230962 0031032 0331062 0231076 0231088 0331214 0331285 0331381 0331461 0231485 0231501 0331506 0431518 0231653 0331762 0231797 0231840 0331843 0331880 0331934 0231937 0232010 0032020 0332185 0232273 0232395 0332528 0032848 0332952 0332960 0332986 0333132 0333316 0233421 0333620 0333639 0333835 0033844 0333901 0233915 0334105 0034130 0034142 0234200 0334241 0334282 0334668 0334824 0334968 0235109 0035349 0335406 0335500 0035543 0035830 0036088 0336249 0336265 0036339 0236401 0336885 0036967 0037244 0037338 0237358 0237375 0237522 0037537 0337583 0037630 0337644 0337726 0237812 0337978 0338027 0038057 0038176 0038238 0038272 0238454 0338499 0038559 0238724 0038942 0039004 0239106 0039117 0339136 0439355 0339449 0239486 0339492 0339813 0340161 0340174 0340178 0340224 0240307 0040324 0340419 0240463 0240482 0340528 0340562 0240569 0240601 0340622 0040738 0340898 0340946 0041111 0341227 0441254 0041377 0341504 0241530 0241620 0041646 0241690 0042069 0342096 0042176 0242206 0042555 0242654 0042925 0342967 0243054 0043124 0043141 0243232 0343247 0043268 0243316 0043341 0343379 0243507 0043552 0343649 0043777 0343830 0043921 0243922 0344204 0044356 0244382 0244421 0344447 0344607 0344615 0344778 0244821 0344887 0044907 0344946 0045038 0245144 0345228 0245275 0245312 0245605 0345734 0345915 0246259 0046260 0046285 0046364 0246591 0046660 0046670 0246764 0246819 0246855 0247040 0047064 0447188 0247217 0047227 0047324 0347357 0047438 0347511 0047575 0047596 0247641 0347764 0347791 0347942 0347967 0047993 0248018 0348030 0348188 0048224 0248304 0348367 0248440 0248476 0248688 0348706 0248781 0048787 0348827 0248899 0049045 0049077 0249081 0249417 0349511 0249653 0349758 0049812 0249844 0250036 0350039 0050118 0250148 0250235 0050299 0050315 0050502 0350528 0350568 0250571 0350634 0050707 0350786 0250806 0350821 0350968 0250976 0351195 0051211 0351235 0351363 0351464 0051575 0351676 0351709 0051776 0051855 0251865 0251901 0052299 0252358 0252384 0052506 0252604 0352749 0352841 0052926 0253053 0353128 0253164 0353204 0153347 0253415 0253476 0053482 0353613 0353633 0053693 0053745 0253813 0353844 0253866 0053917 0353950 0253966 0254059 0254382 0354707 0254967 0354989 0355036 0355114 0255300 0055304 0055463 0055515 0355572 0055580 0355658 0055688 0355698 0255812 0055944 0256051 0056081 0056099 0056177 0356178 0356518 0356980 0057019 0057068 0057270 0357328 0257380 0257486 0057647 0357706 0257920 0357927 0357942 0357989 0358126 0058173 0358331 0358351 0058367 0358528 0058599 0358688 0058831 0258960 0059023 0259062 0259131 0259336 0059422 0459477 0359481 0459532 0259546 0059582 0259716 0259916 0359928 0060031 0360080 0060133 0060189 0360240 0060331 0360376 0060456 0260608 0260676 0360764 0260799 0360826 0060853 0060884 0060897 0360927 0261001 0361070 0261301 0361355 0261440 0361481 0061623 0061663 0362074 0062353 0262447 0062519 0362573 0363098 0463254 0063371 0263385 0063444 0063611 0063666 0263692 0263826 0063952 0063998 0364016 0264158 0264223 0264310 0064347 0064357 0364720 0064788 0064978 0265001 0065020 0365126 0365312 0065350 0265582 0065670 0065686 0065751 0065763 0065974 0366004 0066126 0066277 0266524 0266553 0266561 0066710 0066907 0266910 0067052 0267080 0367368 0067790 0267999 0068171 0068213 0368248 0268312 0068333 0268396 0068522 0268531 0268630 0068828 0268951 0268992 0369016 0069136 0069143 0069289 0269379 0369400 0369546 0069772 0370011 0270065 0370162 0270204 0370242 0270326 0070390 0070481 0470513 0070646 0270664 0070728 0270769 0270794 0370817 0270962 0371278 0071322 0071348 0071436 0071458 0071488 0071564 0071740 0271809 0271845 0071964 0372058 0372125 0072162 0072337 0072349 0372358 0272407 0372426 0072464 0072471 0072498 0272506 0072519 0372578 0072601 0072614 0072654 0072662 0072679 0072891 0072971 0273420 0273603 0273703 0073732 0073759 0073882 0073888 0373897 0373907 0073963 0274024 0274212 0074228 0374494 0074496 0374795 0074840 0074959 0374983 0075019 0375020 0275129 0075336 0275340 0275389 0075464 0075643 0075865 0275868 0075941 0076026 0376065 0076081 0076524 0076611 0376645 0276713 0276737 0077007 0277254 0077278 0077463 0277542 0077845 0277919 0278084 0078433 0078527 0078697 0078824 0078829 0078869 0278882 0079040 0279088 0379152 0079317 0279320 0079332 0379666 0079738 0279786 0079825 0079891 0079998 0080159 0080230 0080366 0380554 0380574 0080610 0080802 0280973 0081091 0081100 0381138 0081172 0081377 0381421 0281500 0081558 0081606 0081612 0081814 0082124 0082130 0082194 0082259 0282645 0082819 0083125 0383187 0383237 0083241 0083404 0083415 0383512 0083582 0083640 0083691 0083693 0083774 0083995 0084084 0084387 0084391 0284445 0384528 0284609 0084782 0084911 0085127 0085324 0285379 0085422 0085437 0085673 0285758 0086025 0086184 0086334 0386385 0086414 0086473 0086535 0286618 0086641 0086660 0086710 0087055 0087070 0087092 0087173 0287287 0087515 0087516 0087660 0087866 0087975 0087987 0088021 0088033 0088132 0088134 0288578 0288590 0088869 0088917 0289075 0089141 0089232 0089352 0089423 0089513 0089527 0089537 0389555 0089606 0089756 0089777 0289847 0390155 0390252 0290263 0090319 0090332 0090403 0090416 0090431 0090528 0290614 0090850 0090872 0090878 0091127 0091175 0091192 0291360 0291461 0091735 0091742 0091886 0291894 0292018 0092055 0092392 0092502 0292534 0292680 0092700 0292738 0292962 0093032 0393140 0093205 0093219 0393276 0093366 0093384 0093492 0093605 0093703 0093748 0094000 0094079 0094316 0094359 0094421 0094433 0094479 0094485 0094516 0294759 0094853 0095016 0095089 0095135 0095163 0295534 0295738 0295740 0095814 0296007 0096106 0096144 0096165 0096175 0396277 0096292 0096430 0096463 0396684 0096688 0296718 0097094 0097174 0097399 0297406 0097480 0097565 0097740 0097797 0297810 0397834 0297922 0098358 0098360 0098594 0098710 0398720 0098725 0298883 0299299 0099399 0099508 0099723 0099777 0099973 00100077 00100108 02100422 02100449 03100550 03100676 00100854 00100876 00100964 02101055 00101092 00101320 00101496 00101624 00101673 02101677 02101833 00101851 00101934 00101988 02102179 00102288 00102426 00102453 00102672 00102825 00103068 00103324 00103409 00103441 00103600 00103657 00103681 02103702 03103786 00103887 00103981 03104170 00104199 02104279 00104334 02104361 00104423 00104566 00104573 00104625 00104642 00104715 00105182 00105290 00105351 00105591 03105706 02105966 00106011 00106023 00106076 00106119 00106224 00106301 03106370 00106430 02106836 02107021 02107048 02107118 03107144 00107200 00107241 00107339 00107364 00107398 02107476 02107563 00107601 02107602 00107713 00108071 02108101 00108279 02108540 00108644 00108649 00108680 00108870 00109171 00109177 00109235 00109256 00109326 03109437 00109446 00109708 02109775 03109798 00109822 02109908 00110017 00110127 00110136 00110172 00110279 00110413 00110903 00111463 00111464 00111521 00111554 00112034 02112157 00112190 00112241 00112304 03112370 00112411 02112481 00112528 00112724 00112787 00112933 00112934
91620441 03258 04351 00357 02362 00531 04554 00615 00675 02708 03742 00766 04933 001007 001092 021105 031157 041337 001843 032016 032143 022173 032182 002232 032266 002395 042417 022442 042457 042555 032596 002817 042903 042948 002997 033068 033113 033140 023172 043195 033216 043255 043295 003491 033565 033597 033666 033790 033856 003905 023966 024016 044145 034778 034812 044898 045097 005212 025279 005427 045841 045857 035858 025967 036087 006148 046321 006337 036443 006746 046759 026845 037059 047079 027333 017349 027363 037451 047453 007675 048054 038067 048346 008429 028725 038773 038841 048848 038864 038958 049129 039145 049179 039251 009262 049286 039485 029518 009545 049703 039747 009792 009860 029863 029939 039997 0310046 0210066 0010086 0210109 0410449 0410489 0310548 0210658 0310686 0410787 0410792 0410935 0411056 0211094 0011355 0211578 0211786 0211852 0312319 0012589 0312791 0413026 0413036 0213142 0013229 0413272 0013351 0013376 0413407 0213482 0413647 0013809 0314045 0114200 0314317 0314405 0214926 0214991 0415021 0315098 0015395 0315490 0415493 0415531 0315824 0415896 0316003 0416128 0216230 0416262 0216366 0016446 0216556 0316606 0016640 0016803 0416815 0016914 0317172 0317421 0217481 0417557 0317567 0417627 0217781 0417946 0417964 0417991 0418136 0018183 0318358 0218614 0018663 0318758 0218812 0318946 0318977 0319062 0019107 0219109 0219151 0319354 0019486 0419568 0419628 0219725 0019749 0319783 0319880 0219991 0020026 0320290 0021377 0321424 0321563 0221788 0421795 0221849 0021922 0322096 0322159 0322165 0022647 0322733 0322959 0323088 0423158 0223210 0223218 0023230 0323247 0423269 0023287 0323372 0423378 0323412 0223636 0023796 0223812 0423836 0323837 0023899 0423903 0024041 0424069 0324075 0224121 0224379 0424380 0224572 0024573 0224745 0224755 0324949 0025174 0225228 0325246 0325574 0425641 0425877 0026024 0026178 0026195 0026272 0326644 0426720 0226857 0326913 0426939 0427117 0027192 0327300 0227425 0327427 0327518 0227558 0027587 0027672 0027827 0327897 0027978 0328078 0428344 0028349 0328443 0228466 0328557 0028602 0328605 0428628 0228661 0428665 0228709 0328755 0328856 0028893 0428995 0029016 0229056 0029080 0029105 0229201 0029609 0029653 0029665 0029706 0429810 0329929 0430335 0430377 0330634 0031044 0331186 0431291 0331392 0031455 0231457 0331526 0431668 0231717 0231793 0031818 0331914 0231988 0032017 0032349 0032712 0332904 0232973 0233097 0433165 0333272 0233430 0233662 0033682 0033977 0034179 0034443 0034460 0234562 0334583 0334591 0034669 0034678 0234688 0034903 0335092 0335479 0335532 0035588 0035621 0035990 0436028 0236159 0336245 0436566 0036704 0236717 0036785 0336805 0236858 0036989 0237058 0437176 0237285 0437305 0037327 0237402 0437673 0037696 0237738 0037876 0337901 0238078 0038169 0038186 0238304 0338388 0238612 0438640 0338667 0038820 0338864 0038865 0238871 0038910 0238941 0038950 0039103 0339576 0339638 0339716 0239725 0239728 0039779 0239964 0340208 0040275 0040402 0340412 0040611 0040778 0040811 0040945 0240978 0240987 0041042 0241049 0441095 0341275 0041381 0341685 0041770 0241946 0341995 0241996 0242081 0442278 0242405 0042706 0042837 0042853 0443083 0043161 0043166 0343346 0243383 0343443 0343511 0343643 0043731 0043896 0243932 0444124 0344141 0044161 0344178 0344234 0244274 0344275 0044567 0044627 0244719 0244722 0244742 0044797 0444799 0244834 0045028 0045052 0245356 0045376 0345415 0045428 0245535 0045584 0245597 0045613 0045825 0045901 0045906 0245930 0046108 0046233 0446701 0046754 0246972 0047164 0347190 0047276 0347295 0347310 0047503 0447505 0347540 0047627 0247665 0047683 0247704 0247789 0048045 0248068 0048161 0048298 0048375 0348509 0348632 0048673 0248812 0248828 0048844 0048902 0248997 0049160 0049291 0049559 0449683 0049750 0249859 0049929 0049973 0350000 0450262 0350349 0050389 0050425 0250492 0050581 0250822 0250959 0251443 0051633 0051663 0051769 0051813 0251841 0051932 0452032 0252110 0252127 0252386 0052392 0052581 0052643 0352998 0053203 0053283 0453333 0053460 0053634 0053675 0053805 0053824 0254205 0054293 0354385 0054646 0354650 0454680 0354729 0354933 0055023 0055052 0255212 0055404 0055410 0255575 0055636 0055825 0055949 0355970 0256222 0056225 0056546 0256609 0356636 0056647 0456680 0256899 0056979 0257105 0257283 0357393 0057481 0357505 0257576 0057695 0257845 0057946 0057994 0358058 0258177 0058284 0358737 0258837 0358880 0058885 0059169 0059242 0459248 0059513 0359629 0059694 0059736 0059927 0360041 0060045 0060276 0060277 0060427 0260468 0060564 0060728 0260759 0060875 0260879 0060946 0060953 0061082 0061138 0061139 0061256 0261444 0261472 0261513 0061610 0261615 0061632 0261863 0061864 0261896 0061918 0362100 0062137 0062195 0062495 0062553 0462739 0062743 0362758 0062804 0262863 0063073 0263161 0063191 0263241 0363292 0063295 0063310 0263324 0363688 0063760 0363896 0263989 0364703 0064778 0065011 0265028 0365136 0065188 0365342 0065638 0065746 0065868 0066183 0266304 0366596 0066645 0266812 0066883 0066955 0067068 0067250 0068083 0368113 0068138 0068167 0068176 0368250 0068258 0068293 0068326 0068367 0068431 0368497 0068834 0068840 0069128 0069298 0369305 0069391 0069615 0269711 0269718 0269744 0069777 0069895 0069932 0069962 0069980 0070033 0270295 0370444 0270487 0070679 0270690 0070936 0371060 0071216 0071263 0071572 0371711 0071761 0371915 0271954 0072042 0072057 0372163 0072312 0072598 0272694 0072960 0073023 0273069 0073194 0273298 0273383 0073402 0373415 0073438 0073766 0273772 0073790 0373792 0073864 0074188 0074261 0074285 0274314 0474471 0074703 0374725 0074743 0075016 0075029 0075044 0075252 0075436 0375453 0275467 0075470 0075476 0075498 0075650 0075661 0375726 0075972 0076027 0076232 0276268 0076350 0076454 0076765 0076859 0276977 0077009 0077213 0277409 0077420 0377496 0077678 0377697 0077730 0377816 0277853 0077915 0077989 0078031 0378450 0078531 0078540 0378557 0278732 0078736 0078737 0079076 0279144 0079145 0379176 0079355 0079383 0079764 0079853 0079902 0280151 0380313 0080466 0280770 0080777 0080808 0381309 0081400 0281511 0281573 0081641 0281693 0081778 0281903 0081942 0381998 0282033 0282202 0082308 0282509 0382607 0082820 0082887 0082889 0083053 0083092 0083283 0083454 0083486 0083495 0083517 0383791 0083805 0084082 0284119 0284150 0084536 0284684 0084693 0084879 0084922 0085075 0085147 0085279 0385356 0085482 0085956 0085967 0385969 0086118 0386387 0086600 0086622 0086639 0086662 0386792 0086861 0286954 0287018 0087117 0087125 0087214 0087249 0087475 0087489 0087622 0087628 0087901 0088073 0488195 0288426 0088441 0088483 0088668 0388796 0088856 0088966 0089021 0089043 0389049 0089214 0089243 0389286 0389328 0089565 0089603 0389640 0089674 0089807 0090084 0290160 0090324 0090341 0090589 0090648 0090819 0390896 0091009 0291114 0091216 0291256 0091302 0391566 0091595 0091611 0091696 0091860 0491871 0092033 0092053 0292222 0092255 0092481 0092599 0092608 0092936 0093457 0093641 0093892 0393967 0394042 0094049 0094330 0094591 0094637 0394742 0094848 0094869 0094920 0095066 0095086 0095225 0395234 0095392 0095556 0395655 0095663 0095783 0295847 0096016 0096030 0296123 0096259 0096301 0096309 0096416 0096527 0096665 0096706 0096777 0096887 0096961 0097144 0097217 0097560 0097608 0397742 0097960 0098011 0098076 0098086 0398105 0098163 0298300 0098500 0098711 0098832 0399046 0099356 0099442 0399586 0099689 0099958 0099962 0099989 03100048 00100051 00100052 00100088 00100241 00100333 00100396 00100460 00100510 03100735 00100772 00100779 00100915 00100958 00101304 00101510 00101567 02101587 00101728 00101823 00101853 00101957 00102204 00102238 00102448 00102542 00102588 00102805 00103023 00103033 00103070 00103268 00103276 00103551 00103938 00104035 00104057 02104160 00104435 00104604 00104676 02104726 00104733 00104758 02104784 00104832 00105160 00105179 00105502 00105669 00105804 00105910 00106218 03106223 02106328 00106331 00106829 00107203 00107319 00107337 00107420 00107579 00107812 00107895 00107896 00107956 03108296 00108300 00108654 03109061 00109063 00109189 00109211 00109296 00109597 00109632 00109915 00110085 00110139 00110188 00110267 00110349 00110359 02110469 00110583 00110694 00110915 00111046 00111061 00111178 00111188 00111211 00111431 03111501 00111648 00111756 00111845 00111887 00112503 00112696 03112728 00112889 00112904 00112960 03113024 00113120 00113584
91620451 04195 02203 00466 00661 03687 02737 02796 02870 03884 03909 031039 031191 031338 021486 031869 002144 032146 032186 042312 002387 022636 002644 032919 022946 022973 023034 023080 033104 023299 023409 013461 023657 023667 033859 034299 034395 014429 024592 024802 004807 044934 035001 025130 025232 025399 005510 025938 026301 036318 036348 026553 036666 006716 036736 026743 026921 037049 037279 027317 037714 007809 037887 037890 038293 038334 008391 008566 038577 038743 008888 039130 039242 039719 009827 039902 029927 029976 0310012 0310090 0410187 0010198 0310207 0310217 0410223 0310260 0010284 0010412 0310422 0410440 0310487 0310529 0010641 0310724 0310752 0010763 0310983 0311078 0011159 0211190 0311365 0311396 0311436 0211459 0211500 0411535 0311573 0011579 0211628 0411699 0211760 0311888 0212041 0312082 0312116 0312230 0012333 0212536 0312546 0312617 0012638 0012649 0213220 0313393 0013437 0313789 0313895 0314097 0314325 0214532 0414605 0414831 0314907 0315113 0315349 0015443 0315473 0315658 0015872 0315922 0016186 0016481 0016527 0316653 0316682 0016685 0016712 0317018 0317138 0417237 0317285 0417320 0417367 0017390 0017393 0217437 0317488 0217514 0317529 0317531 0217539 0317580 0317635 0017706 0317901 0218160 0218258 0218289 0218483 0418732 0319139 0319153 0019344 0219426 0419509 0319800 0320010 0020056 0320058 0020143 0320180 0420357 0220358 0220497 0020527 0020598 0320813 0320995 0221010 0221117 0321139 0221178 0321188 0021191 0321256 0421281 0021296 0321312 0021325 0321358 0321548 0021651 0221905 0321941 0322026 0422061 0322139 0222154 0422204 0322235 0422278 0422359 0322475 0322539 0422700 0222753 0322841 0222899 0322908 0022910 0322986 0323146 0023180 0023183 0323234 0023343 0323670 0323705 0223763 0023775 0323829 0423831 0023942 0224006 0024103 0324204 0224394 0324489 0324492 0024519 0024524 0224542 0224716 0024806 0324811 0324866 0324894 0324907 0325001 0025088 0025161 0325216 0225235 0025331 0325389 0325474 0325520 0025528 0325534 0025681 0025743 0325959 0026132 0326399 0326566 0326721 0326749 0326782 0026851 0026941 0027059 0327204 0327251 0027406 0027472 0027507 0327670 0028045 0028089 0328146 0428155 0028249 0228281 0228402 0228502 0328591 0328654 0328895 0328996 0229001 0029018 0329389 0429859 0429932 0030187 0330211 0030277 0330462 0330491 0430624 0330671 0230754 0330893 0031102 0331175 0331618 0231628 0031781 0031918 0431954 0231955 0231992 0332418 0032626 0232759 0233216 0233419 0333464 0033558 0333637 0233681 0033684 0033698 0333861 0034233 0334339 0034484 0034517 0034998 0335529 0335566 0035572 0035599 0035609 0335761 0336214 0336221 0336388 0336645 0336711 0036871 0236919 0337022 0037037 0037115 0337150 0237183 0337419 0037501 0037618 0337626 0337663 0337718 0338281 0238325 0338363 0338372 0338451 0338487 0038652 0038959 0339019 0039127 0339151 0339169 0339218 0339270 0039359 0039396 0239435 0239457 0239505 0239641 0339689 0039809 0439989 0040053 0040273 0340477 0340532 0340597 0040655 0040727 0440788 0040850 0040870 0040905 0240920 0041119 0341410 0041431 0041537 0041662 0041694 0341760 0241850 0241876 0342016 0042246 0342283 0242352 0042649 0042757 0042774 0242835 0042932 0242934 0043007 0343152 0043184 0243405 0343512 0043674 0244002 0044041 0344087 0044098 0044372 0344649 0244729 0245296 0345387 0345494 0045553 0345596 0345633 0345773 0045778 0245927 0345995 0246034 0046244 0046487 0046512 0346521 0046578 0046763 0046805 0047006 0047029 0047049 0047197 0247323 0347410 0347557 0047566 0247761 0347801 0247857 0047912 0048065 0348142 0048259 0048355 0048377 0048459 0048572 0048612 0348681 0248931 0048970 0449226 0049387 0049398 0049598 0349818 0349866 0349890 0449917 0350013 0350258 0350419 0351117 0051202 0251629 0051688 0351698 0252193 0052249 0252279 0052338 0052433 0052494 0353267 0053501 0353821 0353987 0054302 0054585 0054697 0354742 0354850 0354903 0055019 0055027 0355085 0355189 0055197 0355273 0055361 0355412 0355526 0055795 0355878 0055967 0256158 0356228 0456301 0356398 0056459 0056487 0056521 0056533 0256552 0056789 0056875 0256878 0357062 0257234 0057635 0057681 0357951 0258089 0258116 0058511 0058636 0358752 0058856 0358947 0359018 0059081 0259090 0359223 0459376 0359390 0059662 0059715 0259783 0359868 0459872 0360108 0260227 0260327 0060365 0060506 0060823 0060863 0360952 0361205 0261279 0061322 0361354 0361434 0361661 0061850 0061866 0361934 0061956 0361978 0062070 0462317 0062449 0362542 0062717 0262781 0063014 0063110 0063187 0063294 0463297 0363483 0263523 0063613 0063795 0063892 0063984 0264188 0064351 0064485 0064487 0364560 0264579 0264704 0364898 0365099 0365170 0065208 0065277 0065469 0065569 0365807 0065870 0065929 0065959 0366511 0066528 0066620 0066675 0066738 0366904 0066935 0067191 0067192 0267213 0267223 0367432 0267548 0267677 0067712 0067753 0067929 0368053 0068295 0268298 0368320 0068395 0468432 0068437 0368525 0068609 0368671 0069001 0369154 0069196 0069208 0069304 0069332 0069335 0369690 0069853 0269971 0070039 0370052 0370063 0370426 0070431 0070467 0070549 0070839 0270979 0371385 0071510 0071517 0071757 0071924 0072047 0072053 0072097 0072178 0072272 0072398 0272574 0372637 0372651 0072922 0373185 0373621 0273762 0273829 0074034 0374043 0074116 0074169 0274209 0074311 0374329 0074350 0274448 0074534 0274552 0074571 0074572 0074607 0074645 0374669 0074734 0374792 0074817 0074843 0074988 0075011 0375013 0075088 0375089 0075166 0275342 0075455 0075483 0075512 0075593 0075684 0275775 0275844 0075942 0075976 0076038 0376251 0076267 0276308 0376485 0076515 0076663 0076836 0376900 0277372 0077572 0077603 0277844 0077878 0377906 0078075 0078187 0278336 0278416 0078524 0378773 0078861 0078977 0079233 0379321 0079328 0079420 0079562 0379594 0079607 0379637 0079781 0279904 0079983 0280017 0380028 0280036 0080236 0080238 0380262 0080352 0080716 0080876 0080923 0380968 0081188 0081349 0081574 0081789 0081901 0081990 0382026 0382195 0082327 0382745 0082747 0082926 0083104 0383131 0083275 0083446 0083451 0083566 0083622 0083625 0083800 0083802 0083815 0383899 0084306 0284418 0084419 0284481 0084692 0084796 0284924 0085035 0085156 0085168 0385319 0085383 0385656 0085953 0285980 0386000 0086140 0086285 0086369 0086599 0086655 0086690 0086715 0386886 0287064 0087069 0387112 0087150 0087548 0087586 0287684 0087824 0087865 0088056 0288283 0388509 0088801 0088949 0089353 0089365 0089435 0289593 0089685 0289852 0089855 0289990 0090033 0390058 0390139 0090164 0090389 0090625 0090686 0090771 0090901 0090961 0091024 0391093 0091161 0091676 0092002 0092086 0292383 0092514 0092625 0092634 0093178 0093371 0093417 0393441 0093529 0093767 0093789 0093948 0094068 0094117 0094357 0294365 0094377 0394407 0094619 0094625 0094630 0094738 0394994 0095068 0095143 0095154 0295379 0095440 0295475 0095489 0395550 0295619 0095623 0395763 0095907 0495966 0095978 0395998 0096074 0096196 0096204 0096365 0396465 0096480 0396656 0096670 0096885 0096902 0096951 0096962 0097000 0297259 0097367 0297571 0097777 0097809 0098016 0098103 0298138 0298154 0098155 0098278 0398417 0098468 0098516 0098701 0398718 0398901 0098948 0099002 0099102 0099138 0299178 0099206 0099245 0099445 0099502 0099579 0099582 0099601 0099683 0099878 00100013 00100023 00100083 03100090 00100107 00100251 00100430 00100592 00100686 03100790 02100828 00100910 00100993 00100999 03101033 00101314 00101357 00101395 02101534 03101593 00101604 00101610 00101680 00101769 02101807 00102021 03102069 00102105 00102353 00102416 00102569 00102589 00102843 00103193 00103256 00103363 03103390 00103536 00103917 00103936 02103948 00103991 00104080 00104226 02104620 00104705 03104786 00105048 00105101 00105483 00105724 00105799 00105839 00105904 00106272 00106297 00106372 00106402 02106422 02106618 00106781 00106869 00107037 00107092 00107114 00107441 00107548 02107700 00107764 00107824 04107968 02108037 00108211 00108231 00108333 00108491 00108524 00108634 00108789 03108863 00109149 00109188 00109205 00109276 00109412 00109452 00109721 00109927 00109936 00109982 00110225 00110417 00110433 00110634 00111068 00111077 00111103 00111235 02111265 00111412 00111653 00111923 00112196 00112224 00112303 00112320 00112448 00112478 00112561 00112745 00112759 02112829 00112856 00112914 00112922 03112928 02112939 00112984 00113157 00113248 02113290 00113415 00113524 03113591 00113598
91620461 0398 03125 03484 001070 021123 041384 041675 031812 032671 043327 043400 033897 004383 014621 034899 025002 035361 045486 045492 045845 046157 006487 026639 037298 037910 048170 038257 048730 009478 049558 009686 049697 0410398 0210555 0010750 0410990 0311633 0211678 0411708 0012175 0312366 0412403 0412520 0412728 0412738 0312988 0313060 0413434 0313621 0313758 0414031 0414765 0315524 0415915 0415942 0316304 0416311 0416863 0416934 0417017 0418055 0418204 0218389 0018594 0419127 0419147 0319943 0320534 0322380 0422982 0023071 0423277 0323367 0323498 0224494 0324671 0225577 0025956 0226381 0326715 0327450 0327501 0228384 0028950 0329110 0329455 0429696 0230117 0430786 0231672 0332909 0333081 0333385 0433695 0034350 0234782 0335315 0336185 0437676 0337900 0238440 0438607 0038729 0438743 0038793 0439889 0240262 0240947 0441190 0341675 0442619 0442685 0042776 0043384 0343555 0443706 0044493 0345119 0345310 0245737 0446079 0046127 0246142 0346169 0247065 0047071 0347202 0447626 0047956 0348082 0249106 0349606 0350032 0050599 0350670 0351734 0251822 0052031 0352049 0053706 0453733 0253856 0454482 0354672 0254947 0055213 0255861 0357445 0457493 0358565 0062485 0364992 0065762 0066083 0067473 0367622 0367966 0067995 0368105 0068187 0368496 0069149 0069330 0370707 0372626 0073090 0373398 0275111 0376745 0377383 0480278 0380781 0381548 0082951 0283567 0084745 0385508 0386692 0387730 0088136 0391463 0391526 0391987 0092052 0292781 0093251 0094787 0094813 0394891 0095323 0095716 0396938 0097101 0097274 0097307 0298899 0099677 03100970 00102020 03102314 00102435 02103061 00103321 03104688 03104866 02105127 02106140 00107167 00107529 00108573 00108880 00109651 00110443 00111541 00112097 00113380 00113497
91620471 04492 02601 02607 02996 001336 031371 001788 031916 032483 042520 032792 033133 003147 033440 003451 043655 034072 034638 044750 034789 035357 005384 035418 005497 025772 005814 035846 035883 045902 035941 036005 046042 036050 006098 026168 006286 036619 026633 036760 036959 007514 007521 007767 007769 007785 028062 008109 028263 038297 008528 008535 028558 008821 008851 038974 039213 039283 049365 049907 0010080 0010148 0310313 0310382 0410427 0310459 0310492 0310498 0310535 0010643 0010732 0010807 0210873 0310925 0310928 0310960 0210973 0011431 0011774 0312050 0212374 0012446 0312555 0312656 0012801 0212888 0013101 0013191 0013280 0013488 0313543 0313614 0013693 0214007 0214027 0314283 0214434 0314777 0414983 0315061 0315176 0015310 0415475 0015523 0315566 0315574 0415959 0216153 0216204 0416244 0416320 0016715 0317108 0017229 0317292 0017344 0417371 0017740 0217957 0018036 0318466 0018579 0218668 0318984 0318995 0419293 0219308 0019464 0319614 0119647 0319766 0019819 0020240 0020359 0020624 0320804 0320975 0321041 0021157 0321243 0221261 0221355 0221359 0221414 0021447 0221520 0021591 0021680 0421693 0321736 0022010 0022147 0422280 0022857 0022903 0022948 0323078 0023369 0323559 0423696 0323753 0323770 0024154 0024175 0024245 0024295 0424405 0024640 0024690 0024906 0025078 0025103 0025159 0325237 0325391 0225561 0025579 0025624 0025656 0325711 0025751 0425786 0026010 0326119 0026203 0226648 0026885 0327006 0227055 0027180 0027188 0327559 0027649 0327651 0027709 0027823 0027975 0028016 0328307 0328312 0228338 0028482 0328514 0028600 0028609 0328828 0028911 0028948 0028952 0229151 0029270 0329286 0329792 0329858 0029907 0329952 0230010 0030082 0230212 0030950 0231496 0031556 0331677 0031881 0231887 0031912 0332045 0032416 0032487 0332696 0332743 0233124 0033222 0233327 0333346 0333390 0033435 0033472 0433529 0033881 0034263 0034391 0434513 0334612 0334656 0034660 0234842 0034923 0034948 0235163 0235492 0335596 0035735 0035798 0335887 0035981 0036000 0036019 0336086 0036152 0336267 0236524 0037621 0237662 0037781 0037989 0038289 0038521 0238661 0038828 0339097 0339237 0039267 0339333 0039343 0039440 0039470 0039593 0039885 0239908 0040608 0340609 0240639 0040709 0040785 0040913 0440922 0040988 0041026 0341034 0041309 0241370 0041454 0041477 0041764 0242109 0242113 0042164 0042458 0042994 0043062 0343298 0243306 0343326 0343446 0343471 0043881 0043964 0043995 0344499 0344691 0044873 0344937 0044988 0345230 0245512 0245649 0045656 0345894 0046069 0246357 0346435 0046595 0347000 0047074 0047093 0347141 0347239 0347318 0047527 0047549 0047604 0047692 0047854 0247980 0048077 0348394 0348507 0048662 0448771 0048840 0048843 0349012 0349205 0049413 0050021 0350141 0250434 0050654 0050897 0451055 0051119 0051260 0051356 0051563 0451564 0051595 0352130 0052189 0052273 0052341 0052589 0052745 0052818 0053182 0253233 0053321 0053359 0253380 0053392 0253427 0053446 0253839 0054192 0354199 0354551 0054759 0254806 0354813 0054875 0354878 0054993 0255103 0055208 0355518 0055525 0355553 0055608 0055635 0255703 0355959 0056168 0056232 0356375 0056421 0056482 0056888 0056944 0057010 0257342 0357356 0057389 0057453 0057583 0257648 0057670 0057748 0057752 0057753 0057817 0057960 0458065 0058077 0258111 0058204 0058373 0358463 0058497 0358590 0058637 0058999 0359120 0059348 0359568 0059652 0059705 0059840 0259864 0060131 0060156 0060273 0060299 0060505 0060779 0060790 0060851 0060894 0261112 0061877 0461888 0262241 0062432 0262512 0062576 0062678 0262806 0262844 0062897 0062906 0363194 0263201 0263500 0063656 0263794 0063899 0064013 0264142 0064193 0064233 0364303 0064434 0064514 0364574 0064661 0064738 0064816 0064828 0064852 0064989 0065069 0365112 0065466 0065474 0065520 0065568 0065753 0265779 0065854 0265862 0065924 0165982 0065998 0066119 0066212 0266228 0066334 0066351 0066442 0066525 0366925 0066942 0067027 0067393 0367409 0067885 0367950 0068243 0068373 0068696 0068893 0069156 0069239 0069277 0069317 0069396 0069600 0069603 0069641 0069720 0069739 0069901 0070048 0070106 0070135 0070145 0370346 0070494 0070703 0270713 0071131 0371208 0371280 0071281 0071311 0071390 0071409 0071448 0271454 0071484 0071489 0071716 0071816 0272092 0272341 0072430 0072486 0072521 0072549 0072564 0072641 0072684 0072699 0272741 0273006 0073288 0373376 0073875 0073981 0074412 0074549 0074686 0074799 0275233 0075263 0075270 0075334 0075343 0075400 0075592 0075602 0075611 0075734 0075886 0075889 0076111 0376125 0076239 0076494 0076877 0076949 0076976 0077017 0077078 0077142 0077190 0077287 0077321 0077670 0078208 0378326 0078341 0078390 0078593 0078775 0078798 0378918 0378939 0279294 0079508 0080203 0080454 0380496 0280508 0080511 0080541 0080647 0080847 0380907 0080910 0080952 0381226 0381466 0281611 0281661 0082017 0082166 0082396 0082541 0082630 0082715 0082731 0082760 0082828 0082964 0282998 0083078 0083234 0083238 0083269 0083288 0083368 0083416 0083460 0083484 0083487 0083684 0083751 0083809 0083883 0083982 0083993 0084095 0084165 0384398 0084617 0285067 0085185 0285463 0085491 0085695 0085751 0286019 0086124 0086149 0086267 0086315 0286469 0086507 0386932 0086993 0087040 0087441 0087469 0087692 0087760 0087857 0087964 0288119 0088430 0088444 0088596 0088758 0088787 0088880 0088890 0088918 0289160 0389184 0089504 0089595 0389629 0089719 0089792 0089825 0090034 0290043 0090204 0090275 0090462 0090555 0090699 0391018 0291087 0091147 0091334 0091875 0092021 0092080 0092084 0092087 0092174 0092321 0092465 0092979 0093034 0093244 0093252 0093377 0293499 0093505 0093610 0093788 0093802 0093925 0094168 0094258 0094279 0094285 0094370 0094496 0094532 0394761 0094797 0094889 0094941 0395109 0095169 0095240 0095242 0095559 0095570 0095586 0095589 0095642 0295673 0095753 0295836 0395862 0096006 0096013 0296205 0096222 0096330 0096663 0096687 0096861 0296879 0097019 0097220 0097368 0097522 0097625 0097645 0097727 0097757 0097875 0097894 0097972 0098166 0098275 0098502 0298536 0098611 0098638 0098799 0098833 0399054 0099334 0099379 0099509 0399609 0099733 00100025 00100210 00100218 00100256 00100372 02100381 00100477 00100615 00100753 00100852 00101065 00101221 00101235 00101419 00101564 00101594 00101753 00101948 00102138 00102182 00102214 00102231 00102263 00102356 00102368 00102636 00102911 00103143 00103450 02103490 00103994 00104070 00104109 00104132 00104203 00104506 00104634 02104692 00104911 00105113 00105149 00105206 00105383 00105411 00105542 03105638 00105683 00105779 00106018 00106038 00106228 00106234 00106245 00106293 00106313 00106574 00107107 00107196 00107224 00107301 00107342 00107577 02107629 00107832 00107843 02107876 00107877 00108060 02108223 00108303 00108623 00108624 00108640 03108678 02108706 00108731 00108833 00108905 00108950 00109043 00109285 00109327 00109401 00109542 00109789 00109892 00110448 03110533 00110644 00110907 00111017 03111060 00111219 00111297 00111373 00111396 00111547 00111594 00111667 00111683 00111706 03111791 00112039 00112313 03112418 00112739 00112792 00113219 00113269 03113349 00113459
91620481 0373 04130 02219 02248 02269 03297 02315 00726 00770 02820 04822 021199 001477 041478 031516 041560 021572 041686 041694 021861 021969 021972 022010 002103 022183 002194 042271 042319 042429 022449 042503 022627 002628 042652 022862 032915 042944 042958 042976 023037 043132 003134 043205 043284 043316 043320 043329 043439 043468 023545 043649 043694 033880 023952 044067 044460 044473 024725 034794 024900 025064 025087 045088 005090 025094 005307 045334 025337 045356 025407 045436 025450 045809 045849 045854 035948 046038 046069 026080 046093 046128 046137 026259 016316 046386 046401 046445 036486 046528 046739 046868 046912 047162 047228 027288 047446 037487 027549 047725 047780 047889 047988 028145 048160 048208 048224 048303 008360 038499 028542 038588 048619 048678 008919 048989 049004 009110 049279 029354 049560 039759 029833 049848 039878 049909 029988 0410064 0210074 0410131 0410208 0210211 0410254 0410371 0410538 0310575 0010696 0310836 0410914 0210934 0311037 0011079 0411182 0411360 0411481 0411788 0411815 0411857 0012197 0412211 0112251 0412439 0012516 0412551 0012565 0412590 0312653 0412658 0312667 0412689 0212707 0312730 0412754 0412912 0313086 0313098 0413147 0213155 0413187 0313195 0213198 0313227 0413230 0413312 0413343 0313357 0413402 0013594 0313607 0413690 0413723 0413728 0413814 0313826 0413913 0213964 0413980 0213991 0014000 0214072 0214577 0214700 0414719 0014768 0214778 0214891 0014897 0214941 0015127 0415299 0415321 0415372 0015430 0315434 0315563 0415612 0215708 0015843 0215887 0415940 0215962 0416285 0416447 0216449 0016562 0416652 0216731 0316782 0416785 0216788 0216797 0216893 0416899 0017046 0017129 0017150 0017170 0417179 0417250 0017325 0217339 0017410 0217431 0017458 0217561 0217568 0217575 0217605 0317747 0417820 0417900 0417958 0218225 0218323 0218419 0018435 0218535 0218784 0418848 0418872 0218883 0319034 0019063 0219260 0019300 0419360 0419686 0419700 0219855 0419963 0219971 0420144 0420195 0420251 0420351 0220379 0220386 0320579 0220681 0420697 0421253 0221418 0021425 0021495 0021551 0021553 0421577 0421831 0022056 0422115 0422141 0422433 0422499 0322534 0222583 0022597 0022663 0322673 0022686 0422828 0422920 0322936 0422971 0423224 0223268 0023301 0223490 0423497 0023521 0423545 0423569 0223582 0223654 0223751 0423754 0223795 0223825 0423921 0224126 0424155 0224241 0324287 0224387 0024417 0424451 0224551 0324567 0424599 0224605 0424625 0224697 0424760 0024865 0224925 0425003 0425113 0225128 0425245 0325477 0325483 0225569 0425609 0325642 0225804 0026054 0226065 0426135 0426359 0326408 0226492 0226528 0026883 0227169 0327193 0027358 0427384 0027464 0227466 0027486 0427541 0227552 0427660 0327676 0227687 0427688 0427907 0427993 0028097 0428137 0428250 0228667 0228769 0428801 0329271 0029288 0229445 0429645 0029745 0429800 0429802 0029839 0029958 0330016 0430250 0330565 0330595 0330678 0230792 0230799 0030972 0330989 0430993 0031066 0031081 0031098 0231406 0031411 0231431 0231555 0231802 0031931 0031964 0032074 0032097 0232100 0432206 0432470 0432699 0332701 0432730 0432922 0433042 0333294 0433351 0033376 0233386 0233391 0033412 0033644 0433669 0433999 0034113 0234454 0034467 0334585 0234821 0434912 0435174 0235256 0235258 0035397 0235424 0235431 0335466 0235476 0035571 0235675 0035803 0236139 0336370 0336381 0236406 0436414 0236461 0036626 0036710 0036713 0336843 0436971 0237030 0037067 0237079 0437144 0237175 0037232 0237405 0437679 0237820 0038072 0338152 0338383 0038517 0338678 0038716 0239289 0239656 0239685 0239735 0439918 0239940 0340070 0040180 0340299 0040308 0440375 0240429 0240467 0240558 0040591 0340650 0341010 0241325 0241389 0241446 0041447 0441452 0241858 0042209 0442356 0242417 0242433 0242439 0342978 0443059 0443103 0243156 0343174 0343179 0243225 0043227 0043261 0043429 0243505 0243526 0243601 0243771 0343775 0243903 0343914 0243920 0343924 0243969 0443977 0044071 0344083 0244176 0044276 0444353 0044415 0344646 0044669 0444741 0244847 0044929 0044958 0345022 0445048 0245121 0445198 0045284 0245350 0445386 0445396 0445518 0445624 0345681 0045700 0445723 0245883 0046012 0246073 0346174 0046182 0246770 0346860 0247070 0047181 0447238 0047251 0047526 0247607 0247678 0247765 0247792 0047874 0048147 0248231 0248292 0048303 0048614 0248645 0048650 0048728 0449023 0249316 0449318 0249358 0449411 0249572 0349636 0449796 0249972 0050025 0350188 0250206 0250211 0250273 0050291 0350318 0250462 0050507 0450697 0250715 0350718 0050874 0450913 0250940 0250956 0050980 0251135 0051186 0251510 0251576 0251626 0451791 0051861 0051944 0051991 0352140 0052179 0252195 0452244 0352245 0052336 0052344 0052548 0052580 0452612 0053163 0353168 0353178 0053312 0253313 0053555 0053718 0453727 0253767 0453802 0054230 0054314 0054432 0254535 0054638 0054676 0354803 0254842 0254925 0054951 0254960 0355096 0055141 0055153 0055216 0355217 0055360 0255384 0255466 0255514 0055552 0255664 0055693 0056140 0156157 0256183 0056199 0256208 0256404 0256517 0256600 0456605 0256612 0056710 0456856 0256918 0456943 0257075 0057082 0257129 0457168 0357414 0357459 0257503 0257690 0057725 0057737 0057767 0457819 0257943 0458237 0458246 0058266 0058464 0058508 0058519 0258612 0058955 0059143 0359174 0059630 0059764 0259794 0259851 0259892 0259929 0059937 0059979 0260050 0060073 0060119 0260466 0060513 0260748 0060775 0260785 0460794 0060852 0260869 0260911 0261475 0061511 0261540 0261733 0261746 0061771 0061968 0062110 0462146 0262164 0462333 0062344 0262356 0362362 0262510 0062825 0462904 0062918 0262930 0262995 0263178 0263189 0263277 0263463 0463499 0063532 0463601 0063737 0363807 0463917 0063979 0064058 0064144 0364159 0264227 0264299 0264380 0064575 0464665 0065098 0065133 0065368 0065467 0065713 0265765 0066057 0066309 0266323 0066476 0066655 0366689 0366774 0266926 0266944 0067066 0367079 0067081 0067151 0267331 0267377 0067391 0067493 0267591 0367600 0067638 0267955 0368076 0068097 0068104 0268168 0268217 0068422 0268540 0468565 0068615 0068668 0268739 0268958 0069285 0469460 0069618 0269955 0269986 0270140 0470238 0070478 0470492 0070636 0070640 0270678 0070772 0070816 0070831 0070885 0270896 0471148 0371411 0071430 0071468 0371469 0071532 0071765 0071886 0271929 0371934 0072051 0272081 0072096 0272236 0272328 0272390 0472399 0072649 0072763 0272792 0072807 0373024 0473157 0273343 0273536 0073618 0073779 0074071 0074098 0274105 0074204 0074280 0074290 0274370 0074519 0274558 0074666 0474815 0074846 0075052 0275185 0375224 0275245 0375257 0275278 0275293 0075429 0275737 0075793 0375977 0076176 0276241 0276324 0376336 0076443 0276511 0076677 0376780 0376844 0076849 0277052 0477148 0077264 0377448 0077758 0277782 0377794 0077850 0277948 0277981 0277995 0278004 0078036 0078153 0278240 0278310 0078315 0078571 0378946 0078955 0278973 0279020 0079140 0279352 0079567 0379568 0079573 0279619 0379625 0379643 0279713 0379732 0279876 0280085 0280341 0280530 0080756 0080776 0281709 0081769 0282049 0082164 0082264 0082375 0082649 0282815 0282949 0082976 0083034 0483068 0083281 0283606 0283613 0083727 0283780 0083886 0384047 0284086 0084263 0284295 0084600 0284771 0084871 0384894 0285208 0085212 0285240 0385595 0385763 0085767 0085914 0285931 0086022 0086197 0286652 0086691 0286818 0286904 0087061 0287118 0287137 0087292 0087400 0087557 0087613 0087656 0287948 0088028 0288298 0088569 0088660 0088863 0288894 0089278 0289361 0289364 0289455 0089508 0089556 0289770 0089798 0289875 0289905 0089933 0390207 0090351 0090472 0090479 0090942 0091142 0091432 0091495 0291542 0391591 0291598 0091618 0391757 0291783 0091849 0092063 0092167 0092183 0092443 0092450 0092480 0092566 0092604 0292707 0092880 0293024 0293049 0093110 0293227 0093736 0093814 0393981 0094054 0294082 0494165 0094263 0094293 0094438 0094504 0094644 0094752 0494922 0095030 0495067 0095442 0095521 0095666 0095699 0096235 0296295 0296402 0396455 0096783 0296868 0096927 0097100 0097111 0097125 0297221 0297485 0097592 0098067 0098365 0398391 0298404 0098420 0298926 0099203 0099532 0099584 0299651 0299764 0099790 0099871 00100121 00100190 02100267 00100453 00100487 00100584 02100840 00100891 00100936 00101140 00101335 02101360 00101449 00101781 02101870 00101884 00102048 00102177 00102187 02102276 02102350 02102512 00102593 00102612 00102642 00102691 03102705 00102750 00102788 02102828 00103288 00103323 02103353 00103394 00103408 00103425 03103449 00103466 00103508 02103529 00103611 00103649 00103720 00103823 03103928 02104270 03104291 00104407 00104660 00104687 00104848 00105017 00105165 00105255 03105259 00105315 00105400 00105423 00105509 04105647 00105813 00105825 00106063 00106133 02106241 02106315 00106325 02106338 00106339 00106452 02106545 00106553 00106644 00106741 00106975 00107039 00107116 00107331 00107336 00107722 00107771 02108365 00108774 00108848 00108886 02109098 00109213 00109284 02109350 00109425 00109470 00109504 00109553 00109712 00110037 00110156 00110458 02110459 00110492 00110701 00111062 02111142 00111160 04111223 00111343 00111383 02111495 00111604 00111841 02111892 00111937 00112045 02112372 00112594 00112685 00112910 02112949 00112954 00113115 00113122 00113158 00113428 00113471 00113602
91620491 03237 04317 04358 04445 02684 02973 041298 001494 031546 031632 001933 002052 002160 042215 032301 002548 032608 022714 002885 002907 033958 034207 005230 005260 005458 035518 025519 045554 005595 025750 026109 026170 006590 006710 006733 006972 047120 047153 027779 007854 047906 008065 008348 048415 008546 008573 038666 038670 048923 028978 049348 039527 0010103 0210474 0010499 0410594 0310638 0010730 0410751 0410764 0011068 0211424 0411625 0212221 0012708 0213014 0013057 0213067 0013517 0313685 0413855 0313909 0313953 0414057 0414418 0314544 0014677 0314843 0014954 0015169 0015507 0415794 0415831 0315943 0116193 0416296 0016402 0416544 0016553 0216739 0316820 0016880 0317119 0017643 0217811 0218049 0218216 0218303 0418661 0018988 0419158 0019370 0319501 0319592 0420490 0021023 0021138 0321167 0021410 0021690 0021805 0021965 0222117 0222192 0222308 0322504 0322685 0022738 0023003 0023006 0423632 0323665 0023874 0324034 0024068 0324107 0424195 0024222 0024231 0424273 0324313 0024457 0324654 0224982 0225220 0425467 0025475 0425510 0325582 0226188 0426308 0326363 0326371 0026551 0026619 0426696 0226760 0226775 0326940 0427089 0327168 0427198 0027224 0027282 0227434 0027562 0027666 0027797 0327828 0427972 0028071 0428737 0028764 0428887 0329085 0229516 0029560 0329580 0030058 0030168 0230553 0330841 0330842 0431046 0031050 0431080 0331198 0031252 0231387 0331473 0031551 0031617 0031796 0231890 0031977 0032004 0032006 0232517 0332745 0432779 0232791 0132873 0332972 0433159 0033210 0233506 0333557 0333804 0033934 0033995 0234230 0034462 0334690 0334714 0035010 0235309 0235835 0036049 0036078 0036122 0036155 0336162 0236176 0336316 0336387 0036433 0436586 0037075 0037308 0037434 0337531 0037545 0037653 0437872 0337922 0037947 0238104 0038301 0338320 0238405 0038446 0038668 0038728 0039107 0039150 0339349 0439363 0239369 0039529 0339958 0040229 0340320 0440835 0041074 0041415 0041558 0441560 0341625 0041674 0241736 0041784 0441931 0042311 0042377 0242563 0042609 0242622 0042740 0342844 0042885 0242951 0442992 0343002 0043052 0343430 0043534 0343612 0243901 0343956 0444506 0344818 0045033 0245223 0245234 0045295 0245302 0045516 0245763 0045824 0045898 0045943 0246070 0346224 0246338 0246951 0047037 0047152 0447210 0047263 0047264 0347714 0347933 0048204 0348409 0048428 0448551 0248601 0048637 0448708 0248776 0348792 0348963 0049059 0049554 0049692 0349850 0049923 0249961 0050187 0050281 0050292 0350342 0350733 0050770 0050785 0450788 0050809 0050916 0050965 0051205 0351237 0051273 0451317 0351347 0051400 0051731 0051803 0051980 0052038 0252068 0052246 0052448 0052787 0052850 0053011 0053065 0053139 0053195 0353350 0053378 0453483 0053491 0353507 0053575 0253827 0053873 0054031 0054055 0254061 0254073 0054266 0254410 0054784 0354932 0255050 0055075 0355421 0455425 0055511 0055899 0056012 0256015 0056029 0056219 0056760 0357046 0057074 0057092 0057109 0357115 0057134 0057370 0057517 0057719 0057774 0057867 0058137 0058628 0058747 0059015 0059173 0059276 0259298 0259351 0059660 0059862 0059865 0060036 0360132 0060266 0060312 0060418 0260589 0060653 0360694 0060810 0360856 0260961 0061033 0061118 0061134 0061143 0061224 0061340 0361366 0061386 0261533 0061604 0061759 0061846 0062270 0062307 0462321 0062322 0262325 0062349 0062582 0262727 0062923 0062941 0063050 0063234 0063423 0063528 0263715 0363752 0063894 0263942 0064298 0064432 0264481 0364601 0064654 0064752 0064842 0264853 0064979 0065053 0065162 0065176 0265180 0265537 0065565 0065740 0265752 0066031 0066106 0266376 0366407 0266537 0266631 0066886 0367058 0267149 0067228 0067671 0067877 0067940 0068031 0068242 0368271 0068400 0368405 0068541 0068584 0068625 0268695 0069499 0069525 0369675 0069858 0070058 0270142 0070219 0070318 0070391 0070615 0070656 0070702 0070917 0071157 0271190 0071245 0071407 0071435 0071514 0071530 0071558 0071652 0271678 0071807 0072019 0272046 0072078 0072283 0072338 0072470 0072862 0273088 0073460 0073508 0073526 0273583 0073796 0073807 0074389 0074763 0074875 0275152 0075191 0075204 0075329 0075416 0075424 0075633 0075877 0075927 0276119 0076430 0076963 0077020 0277247 0377283 0077538 0377693 0477858 0077976 0378095 0078394 0078462 0078474 0078709 0078756 0079213 0079315 0079466 0079479 0079597 0079754 0079817 0080095 0080130 0080135 0280287 0080419 0080538 0080765 0080771 0080799 0080987 0081001 0081650 0081761 0081896 0082137 0082149 0082243 0082340 0082693 0082922 0082925 0083041 0083105 0083716 0083941 0083942 0083974 0084098 0084134 0084141 0084255 0085203 0285249 0285294 0085299 0085347 0085458 0085486 0085569 0085742 0085773 0085824 0086101 0086296 0286393 0086483 0086553 0086587 0086704 0086855 0287234 0087369 0087524 0387621 0087702 0087859 0088270 0088604 0088661 0088979 0289055 0389078 0289097 0089118 0289210 0089233 0389487 0089511 0289631 0089863 0289969 0090154 0090522 0090669 0090702 0090723 0090734 0091164 0091321 0091330 0291379 0091414 0091668 0091899 0291955 0091982 0292398 0292660 0092668 0092762 0092782 0092821 0093013 0093387 0093438 0093509 0093635 0293663 0093690 0093865 0293877 0094077 0094184 0094364 0094416 0094894 0094925 0294973 0094976 0095027 0095237 0095315 0095481 0095872 0095941 0396029 0096033 0096101 0096284 0096513 0096774 0296952 0097275 0097349 0097371 0097813 0098092 0098106 0098346 0098486 0098547 0099108 0099129 0099321 0299330 0099493 0099864 0099874 0099911 0099923 00100220 00100476 00100685 02100905 00101330 00101352 02101353 03101961 00102015 03102134 00102286 00102376 00102469 00102531 00102615 00102628 00102785 00102790 02102985 02103237 00103301 02103616 02103658 02103714 03103830 00103910 00104116 00104245 00104383 00104425 00104568 00104597 02104655 00104720 00105032 00105169 00105314 00105330 00105408 00105482 00105917 00105945 00106191 00106206 03106519 00106627 00106779 00106800 00106857 00106906 00106922 00107327 00107389 00107500 03107810 00108119 00108280 00108366 00108462 00108591 00108671 00108806 00108940 02109233 00109445 00109612 02109648 00109785 02109832 00109905 00110029 00110035 00110112 02110256 00110928 00111309 00111375 00111442 00111472 00111512 00111579 00111809 00112022 00112027 00112055 00112223 00112445 00112446 00112617 00112619 00112730 02112875 00112893 03112953 00113359 00113441 00113472 00113505
91620501 0518 0619 00194 03304 04638 04754 04804 03844 04939 041133 041143 021166 001569 041606 021629 021657 041658 031699 031792 041854 022008 032105 002174 022257 032280 032427 042511 022580 012661 022672 032683 042704 032756 002790 032829 032833 022844 022868 032995 003025 023111 033271 003381 003537 033542 033584 033660 043743 044008 024079 034088 034108 034203 024251 044285 044378 034457 004463 034686 004776 044818 004897 034935 035175 005314 035332 005526 035569 035687 035694 045698 026179 036304 036427 036461 046494 006549 046562 026707 026811 046814 036822 026894 036915 026960 036985 047058 027130 037251 027321 047368 037496 007776 027813 028025 038153 008240 028455 038523 008627 048925 048977 028991 009072 029106 009192 009208 029257 029387 039394 039442 009462 009565 049569 039815 009940 0210270 0410731 0210745 0010772 0210866 0210888 0410959 0011035 0411046 0311326 0211658 0311858 0211908 0411998 0412162 0212405 0312413 0012425 0212474 0312581 0312613 0312629 0212669 0212690 0212950 0413022 0013121 0013242 0313252 0413718 0013778 0313868 0213923 0313931 0314024 0414047 0014067 0014423 0314519 0014734 0314805 0314847 0214939 0314957 0315023 0315029 0015199 0015265 0415340 0215599 0415699 0415764 0415841 0215842 0016335 0316407 0216663 0216684 0216874 0217126 0017188 0217268 0217387 0417391 0017449 0417572 0317587 0417652 0217656 0217661 0217669 0417675 0217700 0017782 0017812 0418026 0018031 0318338 0218359 0218367 0218428 0018715 0218776 0218861 0018879 0319046 0219075 0019076 0319102 0319307 0419330 0219362 0319518 0019755 0220005 0020283 0220296 0220440 0420504 0020569 0120571 0020578 0320594 0020970 0421200 0221216 0021227 0021351 0221613 0221636 0321834 0221843 0221864 0021883 0321901 0422012 0222075 0322121 0322412 0222427 0222505 0222520 0322769 0322848 0322861 0222880 0222902 0223005 0323171 0023536 0023606 0223658 0023759 0223792 0223881 0323889 0223901 0324032 0224055 0024077 0324230 0224322 0024377 0024421 0024528 0224727 0324879 0424884 0324994 0025008 0025251 0025279 0025338 0025471 0025679 0326129 0026185 0326249 0326284 0026555 0226634 0026655 0426717 0026722 0326728 0226879 0426945 0327033 0427048 0227130 0427153 0027219 0327257 0427277 0227480 0227489 0027584 0227658 0027671 0227718 0427746 0327970 0028129 0328217 0028294 0028403 0028580 0328674 0028724 0328748 0328759 0028891 0028997 0229066 0329091 0229251 0429385 0029480 0029482 0329526 0429553 0229663 0229796 0329927 0229998 0030040 0030088 0430149 0330226 0030242 0230271 0030515 0230541 0030555 0230570 0230908 0230921 0231262 0031270 0431281 0031324 0431404 0031613 0331666 0231669 0231757 0431963 0231984 0232029 0032061 0232130 0032133 0232159 0232193 0432382 0332736 0032792 0032843 0032945 0033140 0233256 0233341 0333349 0433488 0233504 0233567 0233589 0433736 0233805 0033808 0233866 0033874 0233876 0433933 0334026 0234161 0234191 0034208 0334293 0234366 0334373 0034555 0234737 0435091 0035138 0335348 0035408 0435502 0035528 0035645 0235701 0435741 0335769 0435782 0435817 0335846 0335986 0035987 0036090 0236188 0236232 0236297 0236371 0236629 0336658 0236765 0336795 0436807 0336942 0237031 0037227 0337255 0237265 0437345 0237361 0237366 0237439 0237532 0037712 0237714 0238330 0038562 0338609 0038653 0038714 0038725 0338890 0038892 0238906 0038968 0439042 0039104 0239195 0039537 0039625 0039713 0239775 0039900 0239930 0040035 0240043 0040138 0440390 0240577 0440657 0040666 0240769 0040914 0340937 0041055 0341063 0341065 0241129 0041305 0041319 0041380 0041383 0241476 0241492 0041559 0041608 0241616 0341950 0242014 0242241 0042386 0242964 0343044 0043202 0243248 0043302 0043647 0043711 0043793 0243815 0243819 0043821 0344312 0344406 0344429 0344494 0344546 0044680 0444732 0044842 0044850 0345032 0345067 0245610 0345760 0045839 0345845 0045917 0046000 0246147 0246335 0046388 0046425 0046493 0346575 0246663 0046686 0246687 0346746 0346783 0047091 0247191 0247270 0047558 0247685 0047769 0047895 0347947 0447976 0348241 0348291 0248385 0248395 0248617 0248699 0048835 0049015 0249364 0249705 0049717 0049820 0049858 0049941 0250084 0050094 0250110 0350218 0050383 0050422 0050479 0050644 0050814 0250883 0050886 0051087 0451278 0051296 0251425 0051433 0251542 0051572 0351706 0051739 0052052 0452408 0252409 0052503 0352562 0252639 0252704 0052710 0352754 0052763 0052778 0252832 0252895 0052909 0353078 0353187 0253742 0253775 0053853 0053939 0054084 0254207 0254233 0054328 0054333 0354346 0054436 0054459 0054573 0254673 0354699 0054730 0054958 0255064 0055143 0055401 0355455 0355523 0255606 0055676 0056139 0056393 0056399 0256413 0056522 0056619 0256846 0357094 0257405 0457464 0057465 0257548 0057565 0057571 0257618 0057775 0057810 0357843 0257858 0057870 0057935 0458112 0058240 0258621 0358662 0058718 0259148 0059282 0059331 0059421 0059486 0259541 0359634 0259681 0059722 0059834 0359889 0359977 0060226 0060275 0060414 0060438 0060487 0360546 0360705 0360795 0060839 0260936 0061005 0061189 0061311 0061421 0061685 0061696 0261726 0062000 0062152 0062232 0062238 0062342 0362428 0262606 0062609 0262796 0062809 0062854 0062870 0062945 0363022 0263163 0263230 0063274 0063315 0063334 0063442 0363857 0063907 0063920 0063973 0063981 0063990 0263993 0064512 0064608 0264610 0064616 0364686 0264739 0064903 0064934 0264957 0065259 0065371 0065649 0365784 0365850 0065948 0266085 0066135 0066157 0366198 0066346 0066513 0266622 0066656 0266680 0066687 0466795 0366884 0066898 0366957 0067098 0367125 0067211 0067556 0067707 0067817 0067823 0067839 0368015 0068044 0268244 0068429 0368478 0368691 0068860 0068944 0369080 0269104 0069120 0069146 0469266 0269290 0269302 0269401 0369827 0069833 0069844 0069877 0269910 0270031 0070092 0270138 0370188 0070190 0270392 0370403 0370436 0070452 0070538 0270560 0070644 0070731 0071338 0371431 0371798 0272031 0072037 0072198 0272299 0072454 0072532 0072582 0072586 0272716 0072836 0072843 0072889 0372984 0073220 0073228 0373396 0073423 0073480 0073607 0073740 0273760 0073856 0073968 0374033 0274162 0074243 0074332 0074409 0074515 0274755 0074839 0074863 0074999 0075101 0375218 0075229 0275396 0075697 0475698 0275711 0075773 0075923 0075935 0076095 0076313 0276322 0076330 0076718 0077061 0077256 0077265 0077394 0077456 0377511 0077689 0077947 0077994 0378444 0078568 0078582 0378639 0278658 0078807 0078837 0078906 0079105 0079177 0279345 0079373 0079457 0079505 0079712 0279801 0279864 0079878 0079937 0380178 0080514 0080790 0280930 0081194 0081325 0281366 0081399 0381418 0081442 0081598 0081688 0281812 0381830 0082012 0082111 0082119 0082136 0082215 0082233 0082269 0082310 0282428 0082442 0082527 0282553 0082586 0082618 0082737 0282786 0382810 0082877 0083226 0083253 0283293 0383359 0083456 0083488 0083570 0083629 0383663 0083695 0083698 0083822 0084124 0084294 0084426 0084436 0484818 0084858 0385268 0085274 0285316 0085362 0085399 0285634 0085729 0385746 0085787 0085817 0085837 0385894 0285976 0085994 0486161 0086213 0086247 0086313 0086316 0086339 0086409 0086646 0086838 0086939 0087230 0087519 0087551 0287706 0087807 0087820 0087876 0087920 0087928 0087994 0088155 0288255 0288287 0088424 0088454 0088487 0088549 0088782 0088986 0089009 0389017 0289025 0089048 0089155 0089363 0089371 0289542 0089645 0089668 0090101 0290117 0290179 0290317 0290651 0090774 0091102 0091134 0391336 0391426 0091565 0091609 0091699 0091806 0091838 0091986 0092088 0092127 0092182 0092362 0092380 0092528 0092613 0092744 0092748 0392759 0092774 0392893 0092972 0093015 0093055 0093094 0093171 0093180 0293191 0093275 0093365 0093501 0293508 0093817 0293960 0294012 0294239 0394242 0094289 0294291 0294382 0094498 0094652 0094830 0094950 0095064 0095172 0095200 0295210 0095244 0095330 0095372 0095490 0095631 0095680 0395722 0095747 0095769 0095913 0096073 0096162 0396194 0096257 0096318 0296595 0096655 0096858 0096899 0096912 0096955 0097113 0097115 0097172 0097229 0097391 0097440 0097446 0097648 0297661 0297722 0297947 0097987 0098303 0098338 0098577 0298619 0098636 0098765 0098790 0098818 0098916 0099124 0099216 0099236 0099332 0099603 0099731 0099835 0099850 0099921 00100202 00100212 00100234 00100273 00100370 03100411 02100412 02100440 00100492 00100612 02100751 00100843 00100879 00100960 00100971 02101130 02101195 00101286 00101443 00101603 00101754 02101771 02101819 00101828 00102241 02102256 00102260 00102266 00102401 00102574 00102610 00102791 00102798 00102870 02102991 02103165 00103692 00103929 00103952 03104004 00104113 00104244 00104269 00104317 00104341 00104391 00104539 00104546 00104595 00104667 00104693 02104766 00104823 00104921 03105071 00105076 00105085 00105363 02105490 03105531 00105534 00105545 00105597 00105614 00105723 00105861 00105941 00105974 00106062 02106085 00106143 00106177 00106554 00106634 00106793 02106963 00106980 02107155 00107286 00107356 00107469 00107490 00107546 00107609 00107673 00107913 00107964 00108010 00108034 02108170 00108184 00108240 00108347 00108398 00108515 00108732 00108768 00108812 02108907 00109017 00109029 00109151 00109168 00109698 00109888 00109907 02109958 00110009 00110056 02110084 00110160 00110212 00110226 03110298 00110372 00110608 02110615 02110630 00110746 00110798 00110806 00110809 00110823 00111066 00111168 00111179 00111202 02111271 00111424 00111562 00111662 02111767 00111824 03111848 00111898 00111961 00112041 00112312 02112400 00112536 00112721 00112788 00112917 00112977 00113099 00113207 00113221 00113303
91620511 041672 021783 042209 002222 002830 033650 033997 004799 045072 035156 005311 005709 036008 006647 016721 046747 036753 036876 037123 027211 007584 007724 037749 047757 007938 007977 028527 008600 009830 009856 0410015 0410025 0210314 0310605 0210628 0411206 0011209 0211381 0211491 0212049 0012104 0312723 0312823 0012906 0213649 0013886 0013912 0013955 0014459 0214610 0414879 0014953 0214978 0015480 0015555 0015704 0015869 0016056 0216537 0216764 0016778 0016846 0216866 0017115 0017363 0417414 0017433 0018294 0218600 0318641 0018910 0019302 0019348 0019528 0219744 0019857 0020194 0220647 0020795 0320825 0021019 0021482 0221489 0021786 0022004 0022358 0022494 0023052 0023112 0024018 0224770 0025662 0226051 0026345 0026378 0026598 0027122 0027195 0027609 0028066 0428246 0028379 0028428 0028905 0029055 0329680 0029971 0030447 0030628 0430814 0031380 0031751 0232648 0032672 0033050 0033068 0033235 0033501 0033517 0033828 0033979 0034470 0035102 0235186 0335744 0436108 0436373 0036407 0036694 0036904 0037063 0237256 0037944 0038129 0038143 0038277 0038486 0038500 0038835 0239053 0039379 0039732 0039774 0039955 0040426 0040830 0040896 0041744 0041751 0041822 0041839 0041997 0042332 0042642 0042968 0043096 0243557 0243930 0044163 0044210 0044261 0444542 0044552 0044620 0044948 0045158 0045751 0045853 0245863 0246220 0046297 0046499 0246735 0046839 0046966 0046967 0047089 0048229 0048723 0048731 0048791 0049216 0049300 0049708 0049792 0050324 0050444 0050481 0050673 0050912 0050919 0351307 0051915 0052077 0052214 0052237 0052372 0252391 0252419 0052667 0252675 0052798 0052843 0053030 0053037 0053133 0053145 0353433 0053455 0053512 0053604 0054475 0054493 0055122 0055297 0055680 0356085 0056447 0356712 0057280 0057308 0057337 0357544 0057563 0257683 0057702 0057772 0057892 0058056 0258285 0058437 0259070 0059075 0059150 0259201 0059537 0059674 0059814 0160172 0060344 0060435 0360641 0060673 0060701 0060833 0060982 0061185 0061210 0061226 0061459 0061624 0061644 0061758 0061772 0062169 0062314 0062759 0062971 0063057 0063473 0063815 0063991 0064035 0064056 0364104 0264181 0064359 0064425 0064496 0064503 0064749 0365199 0065316 0065405 0065511 0066280 0066597 0066767 0066864 0067063 0067451 0067514 0067555 0067656 0067741 0267815 0067852 0068251 0368674 0068914 0068948 0069044 0069313 0069334 0069339 0069695 0369870 0070029 0070476 0070503 0070791 0371251 0071384 0071797 0071921 0072117 0072149 0072323 0072546 0072633 0272690 0072736 0073212 0273311 0074158 0074391 0074405 0074776 0074877 0075067 0075084 0075210 0075232 0075237 0075599 0076031 0076158 0076456 0076502 0076624 0376804 0076841 0076866 0077159 0077351 0077388 0378375 0078410 0078494 0078500 0278530 0078595 0079201 0079720 0079790 0079819 0079974 0080065 0080226 0080406 0080695 0080913 0080950 0081046 0281143 0081261 0081384 0081443 0081467 0081481 0081965 0082105 0082244 0082673 0082682 0383199 0083284 0083339 0083402 0083642 0083723 0283864 0083972 0084044 0084717 0084838 0084981 0085129 0085584 0285868 0086136 0086746 0087366 0087415 0087558 0087719 0088161 0388218 0088293 0088825 0089040 0089122 0089300 0089413 0089427 0089460 0089468 0089690 0289778 0089784 0089795 0089937 0090759 0090795 0090829 0090967 0091444 0091813 0091831 0092133 0092400 0092420 0092586 0092836 0092913 0092967 0093018 0093095 0093881 0093908 0093919 0394020 0294071 0394118 0094161 0094193 0294300 0094428 0094626 0095458 0095828 0095887 0095940 0095962 0096211 0096287 0096493 0296594 0096609 0096776 0396865 0096883 0096920 0097097 0097208 0097377 0097386 0097395 0097459 0097514 0097643 0097743 0097765 0097865 0098122 0098162 0298274 0098386 0398412 0098428 0098451 0098549 0098580 0098717 0098732 0098852 0099279 0099394 0099474 0099517 0099793 0099974 00100278 00100482 00100570 00100682 00100693 02100851 00100866 00101034 00101139 00101296 00101447 00102140 00102155 00102333 00102414 00102429 00102914 00103000 00103227 00103309 00103595 00103737 00103761 00103894 00104313 00104343 00104431 00104451 00104516 00104549 00104575 00104624 02104626 00104639 00104712 00104791 00104948 00104971 00105061 00105266 00105300 00105307 00105470 00105745 00106414 00106431 00106549 00106787 00106843 00106983 00107249 00107362 02107525 00107621 00107627 00107661 00107818 00107826 00107874 00107893 00107934 00107975 00108111 00108394 00108467 00108725 00109262 00109531 00109589 00109856 00110318 02110555 00110577 00110716 00111008 00111408 00111574 00111829 00111980 00112001 00112020 00112179 00112202 00112391 00112426 00112472 00112872 00112909 00113011 00113082 00113210 00113447 00113565 00113604
91620521 02286 04391 04458 00505 03574 03578 00668 00838 001004 031270 001307 041320 031415 001439 031467 041519 001554 021615 021802 041862 021974 032070 042145 032159 002472 042634 032680 022809 042918 032922 012927 033095 003243 003283 023480 043543 003567 023607 023696 013783 023892 003911 004209 034281 044396 034430 004605 024657 004673 034699 044744 044869 005085 045408 045520 045731 045839 035908 045940 045963 026473 036598 026599 026608 046762 046809 046920 047212 007277 037467 047628 027656 037722 027730 047737 047855 007911 028012 008182 038341 008398 038444 038551 018699 038708 008721 008747 008775 038797 048896 029156 029164 029500 029787 029810 049845 029897 0410306 0410325 0010496 0210504 0310692 0010741 0211041 0311059 0311135 0411824 0011863 0211919 0411963 0211990 0412079 0012342 0212449 0012450 0212477 0312480 0312525 0312563 0012717 0312799 0413226 0213320 0213396 0213457 0013663 0413785 0313798 0313824 0013921 0013957 0414196 0014213 0314329 0314371 0414508 0014585 0314587 0414709 0414733 0214924 0014972 0314977 0015065 0315075 0215323 0215487 0015616 0215652 0315737 0415743 0015760 0215785 0315813 0015928 0315937 0216072 0016356 0316478 0316495 0316520 0216575 0316643 0216687 0316762 0016865 0317007 0217139 0017140 0317215 0017233 0317462 0017556 0017597 0217908 0317931 0218134 0018315 0318423 0218455 0018528 0418580 0018655 0218750 0218802 0218993 0019381 0319544 0419664 0319827 0019920 0220437 0020514 0320565 0420743 0220764 0020812 0320874 0020920 0220951 0021009 0421350 0321594 0021627 0021640 0021718 0021749 0021830 0221910 0421953 0021960 0422015 0022048 0022149 0322264 0422286 0322310 0322465 0422479 0022501 0222594 0022873 0022897 0023219 0323330 0323396 0323453 0023505 0323524 0323589 0223647 0223713 0323731 0423877 0024088 0024267 0024270 0424331 0324356 0424363 0024372 0324456 0024476 0024670 0224706 0224830 0024861 0024902 0324959 0325018 0325306 0325501 0025757 0025869 0225900 0025966 0226113 0026149 0426237 0226271 0226298 0026340 0326444 0226629 0026977 0327108 0227202 0027266 0027327 0027377 0027449 0327636 0227711 0327785 0027789 0228001 0428095 0428211 0028263 0028289 0028301 0428347 0428487 0228509 0428696 0428840 0428915 0329164 0029180 0229219 0429326 0029371 0029710 0029730 0229748 0029793 0429944 0229968 0230067 0330171 0230355 0430405 0030450 0330545 0230548 0030552 0030584 0030601 0330613 0030680 0230715 0230717 0030836 0230974 0030982 0031116 0031120 0031203 0331425 0331544 0331700 0031788 0231817 0332000 0032277 0432313 0032403 0332432 0232479 0032502 0232558 0432605 0432620 0032622 0332662 0232687 0332718 0433196 0033202 0233324 0033359 0333418 0033552 0033571 0033632 0033819 0233829 0334016 0034082 0234099 0034204 0234340 0234388 0034413 0034637 0234710 0234916 0335019 0035050 0035142 0035164 0035231 0035293 0335332 0035363 0335395 0035429 0035516 0235538 0335759 0035764 0035913 0036425 0036486 0236733 0236855 0337077 0337080 0337216 0037276 0037399 0337765 0037774 0037793 0037836 0238056 0038085 0038369 0038394 0038408 0238417 0338448 0238544 0338664 0038689 0038694 0338726 0238977 0339006 0339113 0239248 0039365 0039421 0039623 0039662 0339718 0039746 0440000 0040057 0340076 0240190 0340279 0440399 0040525 0240547 0040584 0240808 0440817 0340847 0041048 0441163 0041181 0341210 0241272 0241575 0041585 0441597 0341613 0041706 0241796 0241992 0342021 0042126 0242410 0342471 0442476 0442603 0042610 0042767 0442871 0242958 0342988 0243201 0243246 0343366 0243402 0043530 0243544 0243564 0343694 0043753 0043834 0344076 0244145 0044149 0244265 0244443 0244466 0244502 0044750 0244767 0044860 0044920 0245068 0045161 0245484 0045556 0045595 0245741 0045764 0045768 0245802 0045908 0046238 0246245 0046541 0246585 0346608 0046786 0346800 0046850 0046864 0047073 0047132 0447180 0047402 0047408 0047468 0347473 0047496 0347537 0447588 0047600 0347731 0347825 0248451 0048578 0048581 0448783 0348870 0348965 0448975 0449025 0049026 0049043 0049100 0049225 0049440 0349451 0349563 0049610 0049799 0049802 0049835 0049887 0049934 0049966 0050038 0050123 0050322 0350451 0250471 0250516 0050524 0250660 0350662 0050757 0050827 0250842 0450975 0051052 0251097 0051139 0351225 0051271 0051552 0051582 0351586 0451619 0351647 0051877 0051893 0051902 0051970 0052093 0252122 0352288 0052324 0252481 0052493 0052914 0252915 0353033 0353105 0053115 0053132 0253176 0253217 0353273 0053373 0353449 0053499 0353519 0053531 0053563 0053619 0053627 0353760 0053778 0253803 0253928 0053973 0054045 0054100 0054448 0454654 0054664 0254892 0054915 0255149 0055415 0055586 0055597 0355692 0055772 0055841 0355881 0056175 0056190 0056297 0056318 0056385 0356481 0256527 0256540 0056591 0056652 0056669 0056947 0056990 0057050 0057067 0057152 0057256 0057341 0257435 0057436 0057479 0057578 0457634 0257760 0057807 0057872 0057931 0057974 0358017 0058041 0258127 0058225 0058456 0458462 0258597 0058634 0258635 0358691 0258912 0058916 0059013 0059142 0059340 0059439 0059471 0059479 0059572 0259581 0259739 0259820 0060082 0060127 0060167 0060218 0260293 0060350 0060353 0460366 0260389 0460391 0260446 0360471 0260472 0360561 0260801 0060887 0060994 0061102 0061447 0061751 0061836 0362015 0062046 0062072 0062121 0262148 0062252 0062452 0062566 0362640 0262644 0262802 0062841 0062959 0062975 0063067 0363262 0063279 0063375 0063397 0063557 0063577 0063590 0063628 0063632 0363828 0263878 0264047 0364053 0064067 0264072 0264175 0064349 0364565 0364634 0064690 0364750 0064901 0264986 0265179 0065378 0065406 0065452 0065544 0265546 0265600 0065610 0365672 0065687 0365716 0065852 0065874 0365920 0066148 0066216 0066293 0066322 0066434 0066447 0066490 0266626 0266703 0066760 0066964 0066975 0266999 0067123 0267265 0267348 0067534 0067826 0067975 0367976 0067977 0368040 0068132 0268231 0268467 0068591 0068598 0068606 0268667 0068717 0068978 0069078 0369113 0069175 0069197 0069214 0369224 0069352 0269472 0069561 0069566 0069569 0069731 0069771 0069834 0069841 0069916 0069935 0270113 0070121 0070606 0370706 0270875 0071102 0071266 0071270 0071317 0271335 0071520 0371739 0071775 0371847 0071937 0272079 0072080 0072136 0072281 0072316 0372583 0372621 0072750 0072791 0372942 0073269 0273369 0373439 0073611 0073675 0073791 0073980 0074046 0274236 0074249 0074271 0374308 0074511 0074650 0074682 0074876 0374951 0075063 0075110 0075220 0375392 0275415 0075617 0075619 0275761 0275830 0275918 0076209 0076266 0076315 0076340 0076425 0076486 0276643 0376721 0076820 0276862 0076927 0076995 0377300 0077528 0077605 0377705 0077939 0277942 0077992 0278007 0278093 0078141 0078260 0278308 0278319 0078600 0278689 0078834 0078846 0078855 0078881 0078893 0278895 0078942 0079092 0279094 0079169 0079195 0279362 0079402 0279518 0079602 0079726 0079812 0279921 0080025 0080069 0080225 0080407 0080415 0080439 0080447 0280470 0080529 0080543 0080596 0080625 0280630 0080976 0381036 0081113 0081269 0381453 0081615 0081663 0381702 0081779 0082047 0082077 0282173 0282205 0082271 0082307 0082321 0082436 0282688 0383026 0383112 0083231 0083385 0083545 0283858 0083946 0084112 0084156 0084197 0084214 0284300 0084304 0084440 0284465 0084542 0084563 0084581 0084811 0084849 0084994 0085001 0285104 0085135 0285198 0085227 0285290 0085334 0085497 0085499 0385652 0085679 0285851 0386034 0086198 0086269 0086288 0086291 0386333 0286377 0086448 0086511 0086516 0086635 0086820 0086852 0086912 0086950 0086952 0086953 0087017 0387071 0087111 0087138 0087174 0087391 0087410 0087455 0087583 0087592 0087629 0087949 0088006 0288104 0088125 0088384 0088396 0088425 0088439 0088645 0088744 0088851 0388855 0088899 0088955 0289147 0089169 0089267 0089303 0289390 0089440 0089515 0389566 0089706 0089749 0089821 0089880 0090100 0090137 0090166 0090269 0090286 0390314 0090583 0090716 0091107 0091128 0091433 0091538 0091593 0091656 0391675 0091775 0091895 0292144 0092160 0092295 0092329 0092517 0092537 0092618 0092641 0092736 0092745 0092802 0092850 0393224 0093258 0393296 0093424 0293431 0093682 0093913 0293988 0094114 0094152 0094252 0294337 0094431 0094563 0294575 0294718 0094875 0094895 0094914 0094932 0094980 0395246 0095286 0095292 0095592 0095880 0095991 0096092 0296118 0096139 0096151 0096237 0096341 0096456 0396485 0096515 0096703 0096998 0397173 0097277 0397364 0297481 0097520 0097533 0097616 0097618 0097644 0098104 0098203 0298226 0098260 0098262 0098287 0098350 0098382 0298525 0098552 0098921 0098988 0299036 0099076 0099080 0399123 0099259 0099389 0099738 0299858 0099930 0099940 00100039 00100094 03100222 00100229 00100303 00100383 03100384 00100530 00100813 00100832 00100847 00100925 00100945 03101017 00101290 00101310 00101343 00101464 00101511 00101520 00101600 00101768 00101837 02101862 03101883 00102034 00102036 00102088 00102212 00102428 00102513 00102827 00102862 00103198 00103380 00103480 02103502 02103543 00103547 00103655 02103672 00103791 00103825 02103888 00103893 00103896 00104107 00104301 00104306 00104457 00104458 00104613 00104757 02104771 00104929 03105302 00105370 00105572 00105750 00105900 00106163 00106165 02106173 00106391 00106405 00106748 00106760 00106842 00106949 00107100 00107111 00107139 00107208 00107239 00107344 03107347 00107440 00107492 00107524 00107578 03107587 00107744 00107793 02108002 00108028 00108105 00108125 00108169 00108177 02108232 00108267 00108276 00108332 00108464 00108486 00108733 00108739 00108892 02108911 00108966 03108996 00109042 02109104 02109148 00109234 00109406 00109448 00109455 00109463 00109491 00109515 00109741 00109788 02110016 00110039 00110148 00110327 03110366 00110560 00110684 00110779 00110839 00110952 00111134 03111227 00111229 00111237 00111430 00111450 00111467 00111515 02111536 00111544 00111588 00111707 00111951 00112030 02112060 00112075 00112124 00112209 00112227 02112251 00112501 00112524 00112542 00112683 00112700 00112734 00112762 00112803 02112819 00112863 00112982 00113240 00113286 03113289 00113305 00113367 00113397 00113406 00113419 00113431 00113450
91620531 0381 01213 04329 03364 00579 03673 03715 02769 00799 04836 04839 02885 00928 03934 001041 031144 031210 001230 041354 031459 001722 002048 032050 032175 032192 002234 002588 002613 032698 032764 032912 032966 023047 043048 033317 033337 003394 033438 003464 043583 003644 033740 033760 033769 033802 043843 043879 044179 034192 034339 024475 024508 034527 014564 044580 034602 024611 004615 034716 034722 004753 024783 034848 024879 034965 035070 035129 005158 035245 035312 005448 035471 035508 045583 035735 005808 035923 035986 026032 046067 036094 036267 036300 036377 036446 036611 036757 036765 006938 036945 007004 037074 007252 027280 047281 037390 037426 027471 027488 037505 007705 007923 037975 008173 008234 038338 038517 048610 038611 038620 038682 038845 048901 009131 039198 039331 009399 039406 039480 049495 039808 009900 0310016 0310065 0410150 0310561 0310564 0310589 0010677 0310701 0410720 0010778 0310801 0410808 0310858 0311034 0011086 0411166 0011196 0311289 0311293 0211324 0411460 0311557 0011599 0011689 0211707 0411716 0311818 0411839 0411886 0312001 0312129 0312168 0012402 0012436 0312553 0312698 0412701 0312720 0312848 0012971 0413050 0413162 0213218 0313281 0013301 0313439 0013458 0213480 0313526 0413528 0313664 0413887 0313929 0314020 0014134 0414302 0014311 0314334 0314359 0014442 0314581 0314803 0314959 0315055 0315086 0215136 0315154 0015318 0315343 0315376 0415451 0015596 0315643 0315705 0315723 0215839 0315861 0315982 0316055 0016075 0016142 0316145 0316297 0316427 0016473 0116496 0316509 0216533 0216714 0416873 0316881 0017152 0317289 0317382 0417590 0017623 0317625 0317671 0317715 0217748 0317770 0317841 0317935 0317952 0318022 0318121 0318129 0318145 0318219 0318291 0218314 0318360 0018448 0318773 0418801 0218874 0218905 0319125 0319238 0419296 0319321 0019333 0419347 0219553 0019634 0319637 0319763 0219769 0320149 0320197 0320211 0320377 0320510 0320576 0320656 0320883 0320896 0020909 0220937 0321057 0321186 0221252 0321354 0321390 0221513 0321519 0421619 0321701 0421712 0321907 0321919 0021926 0022109 0422223 0022230 0222332 0422513 0022531 0322701 0322850 0322904 0323060 0323151 0023329 0223368 0323503 0323557 0323575 0023635 0323840 0323843 0323845 0023927 0423965 0323987 0324306 0324435 0324479 0324674 0224913 0224940 0325342 0325347 0325397 0025525 0225540 0225708 0225764 0325793 0325814 0325888 0325903 0326008 0326232 0326265 0326321 0326491 0226612 0226934 0327208 0027229 0027247 0027380 0327668 0027720 0327722 0027723 0027806 0327822 0027925 0027962 0328148 0028210 0328245 0428366 0328573 0428576 0328693 0028712 0328962 0329004 0329102 0029178 0429487 0329655 0029808 0029917 0229963 0329979 0330213 0330240 0330412 0030461 0330487 0330533 0330581 0030607 0230639 0330731 0431173 0331216 0331254 0231257 0031355 0031539 0331576 0231616 0031629 0431671 0331681 0031689 0231722 0031753 0231913 0332179 0032192 0032230 0332278 0032290 0332325 0432333 0032335 0232458 0032467 0432504 0332519 0032541 0332680 0332808 0232895 0332979 0033217 0033259 0033278 0033311 0033442 0333591 0433610 0333691 0033799 0333878 0034066 0334311 0034345 0334424 0034439 0034608 0334679 0034687 0034695 0034744 0334898 0334941 0435001 0035035 0035039 0035209 0235301 0335335 0335373 0335475 0035477 0335671 0035696 0335707 0335795 0035836 0335861 0035866 0335938 0035970 0336119 0236133 0336458 0036462 0036476 0436529 0336686 0036712 0036714 0336830 0336985 0337204 0337339 0337403 0037517 0237610 0237703 0237799 0237815 0337831 0337996 0338208 0338274 0238327 0238359 0338735 0339171 0339177 0339606 0039686 0039797 0239811 0040159 0340274 0040436 0440490 0040958 0341036 0341112 0041388 0341568 0341645 0341802 0241829 0041877 0342080 0342322 0342500 0042506 0342549 0042591 0042614 0042627 0342650 0342692 0042816 0042942 0043029 0343185 0043206 0043215 0343666 0343755 0443928 0043951 0343993 0044091 0044108 0344198 0044241 0044269 0344277 0044310 0344379 0044518 0044551 0344566 0044630 0244717 0044739 0044806 0044846 0044941 0045088 0045148 0045187 0245211 0345413 0045477 0045548 0045608 0245758 0345831 0346082 0346258 0346296 0046351 0046385 0346489 0346516 0046741 0346776 0346913 0347117 0047201 0047352 0247358 0347450 0347622 0047703 0447750 0347851 0047875 0047929 0347970 0347974 0348069 0048184 0048221 0348276 0048329 0248408 0348457 0048539 0248621 0248626 0348648 0348663 0348684 0048727 0048850 0348890 0048934 0348945 0048995 0049144 0049193 0049270 0349332 0349336 0049462 0349561 0049586 0349665 0049701 0049726 0049958 0049988 0049990 0049993 0350173 0350239 0350247 0050260 0050305 0350323 0050410 0350501 0350532 0250604 0250629 0050680 0350713 0350833 0350887 0250982 0051050 0051112 0051194 0451280 0351378 0251441 0251498 0351516 0351555 0051612 0351644 0351651 0051737 0051831 0352165 0052240 0352263 0352334 0352350 0052403 0052529 0052624 0052801 0252881 0052938 0252984 0253016 0053052 0353183 0053229 0253440 0353451 0053536 0353547 0353615 0053648 0053784 0054080 0054166 0354312 0054344 0054351 0354480 0054522 0354639 0054682 0354740 0054861 0255115 0055284 0355336 0355433 0355480 0055639 0055657 0355746 0055877 0355915 0355974 0056006 0056032 0356194 0356248 0056274 0056428 0356465 0356548 0056589 0056725 0056893 0056922 0056968 0057017 0057071 0057100 0357127 0057132 0057173 0057228 0357322 0057331 0357452 0357502 0057831 0057896 0058128 0358187 0058221 0458417 0058484 0058563 0058591 0058729 0358754 0358760 0258761 0258767 0058930 0259077 0059146 0059296 0359384 0359643 0059667 0360047 0060079 0360151 0060199 0060238 0060362 0060396 0060528 0060625 0360644 0360692 0060892 0060928 0060986 0061073 0061220 0461268 0061298 0061381 0361436 0361477 0261558 0061599 0361633 0361782 0061907 0061977 0062029 0262082 0362102 0062170 0062196 0062231 0062391 0362462 0362475 0062744 0062746 0062820 0062920 0362991 0063038 0063515 0363587 0363614 0063639 0063649 0063867 0063996 0064127 0364149 0064446 0364544 0064557 0364619 0364624 0364804 0065200 0065221 0265317 0065419 0365458 0365631 0065797 0065983 0066052 0066072 0366125 0366196 0366207 0366217 0066219 0066301 0266361 0066381 0066493 0066571 0366578 0066625 0066650 0066776 0066831 0267028 0067047 0367127 0267210 0067261 0367394 0067504 0367570 0267612 0367686 0067700 0067828 0067845 0067954 0368065 0068143 0068268 0068313 0068334 0268424 0068505 0068515 0068801 0068866 0068867 0268897 0068925 0069024 0369125 0369155 0069283 0069415 0069458 0069490 0069632 0069719 0069734 0069794 0069899 0269956 0070081 0270210 0370438 0070488 0070593 0070599 0070681 0070687 0370724 0370739 0071033 0071034 0071202 0071217 0371225 0271301 0371330 0271397 0371550 0071601 0071611 0271636 0071857 0071883 0271884 0372025 0072050 0372069 0272105 0072161 0372212 0072238 0072345 0072363 0372405 0072544 0072664 0073007 0373113 0073235 0373266 0273340 0073350 0073405 0073409 0373411 0073462 0073715 0073753 0374117 0374185 0074202 0074517 0374521 0374526 0074913 0474954 0375027 0075132 0275133 0075140 0075163 0375240 0075530 0375548 0075666 0075730 0375975 0376004 0076005 0076071 0076107 0076152 0076214 0076305 0376400 0076537 0076603 0276689 0377006 0377099 0377143 0077152 0077319 0077380 0077433 0077442 0077507 0077509 0077549 0077575 0077620 0077692 0377759 0078030 0078092 0078116 0378163 0078259 0078262 0078275 0278360 0378396 0378417 0278583 0078584 0078638 0278720 0078740 0378770 0378804 0078821 0378891 0078892 0079077 0079125 0379367 0079426 0379482 0379504 0379628 0379724 0079771 0279777 0079832 0379879 0079918 0279940 0080046 0080250 0280426 0080468 0080617 0380663 0380671 0080783 0380793 0080819 0080831 0281244 0081614 0381712 0081742 0081757 0081810 0381815 0081948 0281951 0082046 0082079 0382117 0082151 0082206 0082211 0382261 0282278 0082384 0082450 0282491 0082566 0082578 0382579 0082749 0082955 0083045 0083205 0283267 0383314 0383316 0083324 0083644 0083664 0083732 0383756 0383872 0383926 0084062 0084349 0084587 0084822 0084914 0084977 0384983 0084989 0284993 0285010 0085047 0085089 0085122 0085264 0085381 0085433 0085753 0085764 0085866 0085901 0086036 0086091 0086105 0086115 0086181 0286283 0086306 0086353 0086360 0086458 0086872 0086949 0087023 0087087 0387219 0387349 0087541 0387576 0087647 0387736 0087752 0087997 0088007 0088019 0088085 0088281 0088300 0088434 0388488 0088504 0088626 0388671 0088684 0288718 0088833 0088886 0088981 0389060 0089109 0089174 0089175 0089266 0089492 0089503 0089530 0389563 0089650 0089711 0089794 0389823 0089844 0089878 0090066 0090124 0090149 0390295 0090303 0390346 0090347 0390369 0390447 0090495 0390663 0090788 0090989 0091247 0091257 0091298 0291329 0091493 0091640 0092326 0092541 0292621 0092635 0092685 0092710 0092741 0092892 0092974 0093037 0093223 0093259 0093332 0093382 0093516 0093577 0093730 0093832 0093869 0093903 0093961 0094001 0094033 0094058 0094111 0094600 0094638 0094666 0094794 0394834 0094839 0095050 0295054 0095123 0095410 0095414 0095434 0395745 0095833 0095860 0096267 0096331 0396338 0096387 0096585 0096722 0096734 0096769 0096781 0096893 0096926 0096934 0397015 0397030 0397052 0097117 0097127 0397149 0397169 0097214 0397499 0097513 0097792 0097803 0097854 0097899 0097911 0097921 0398034 0098072 0098191 0098312 0298445 0098476 0098518 0298573 0098628 0098677 0298738 0399001 0099227 0099233 0099266 0099310 0099335 0099669 0399768 0399924 00100042 00100079 02100165 00100441 00100635 00100647 00100716 00100744 02100746 00100894 00101024 02101386 00101392 00101470 02101506 03101574 00101684 00101761 02101843 02101947 03101972 00102057 00102079 00102294 03102545 00102677 00102742 00102803 03102821 00102883 00102972 00103008 03103058 00103108 03103275 02103348 00103376 00103432 00103452 03103656 00103723 00103746 00104026 00104089 00104271 00104370 00104412 00104490 00104521 00104616 00104648 03104663 00104843 02104924 00105080 00105117 00105284 00105412 00105431 02105596 00105619 00105659 00105833 00105895 03105914 00106192 03106419 00106493 00106593 00106681 00106897 00107009 00107063 00107160 00107206 00107718 00107726 00107777 00107831 00107886 00107905 00107972 00108163 02108230 02108320 00108421 00108560 00108611 00108693 00109157 02109346 00109613 00109620 00109734 03109962 00109976 00109978 00110027 00110091 00110291 03110302 03110351 00110365 00110401 00110408 02110505 00110527 00110545 00110599 00110772 00110802 00110983 02111039 02111140 00111212 00111332 00111355 00111371 00111399 00111420 00111577 00111675 00111719 00111730 00111828 00111835 00111928 03111992 00112278 00112334 00112489 00112558 00112709 00112766 00112773 03112804 00112905 00113070 00113072 00113083 00113177 00113255 00113279 00113434 00113592
91620541 03172 02353 03417 02656 04741 041634 021637 041649 031683 021880 021949 002096 042384 032514 032535 042827 002913 043211 033457 043492 023570 003981 004007 024189 034221 004420 034927 004963 005099 025192 035531 036062 046492 006554 047168 007190 007230 047306 007420 007545 047734 007792 047874 048017 048106 048123 048259 048311 038520 048663 038676 028862 009074 039091 009342 009373 009382 029555 009578 009867 029870 049880 0010053 0010375 0310521 0010540 0010546 0310740 0011575 0411793 0012320 0312549 0012660 0312853 0012941 0413009 0213072 0313382 0313467 0413486 0313807 0014091 0414314 0014365 0314389 0014429 0414460 0214623 0214635 0014818 0014866 0314875 0015147 0015286 0315319 0015747 0016060 0016323 0016453 0316532 0016765 0216838 0317621 0317745 0417801 0017993 0018058 0418406 0318736 0019180 0419198 0119315 0019419 0019556 0019627 0419669 0020460 0020482 0020535 0320763 0220807 0320848 0020903 0221053 0021131 0421417 0021445 0221536 0021703 0321857 0222176 0022781 0223076 0323193 0323347 0023902 0324374 0424636 0424646 0025010 0026180 0126293 0326660 0026790 0027245 0027532 0027576 0327632 0027747 0227870 0027923 0028708 0328711 0229210 0029225 0029468 0329476 0029702 0329724 0030065 0230163 0030418 0030844 0230852 0030867 0430949 0031424 0231656 0032052 0232248 0032420 0032422 0032731 0032732 0233213 0033422 0033428 0033578 0333739 0333763 0433954 0333991 0034184 0234247 0234415 0334483 0234532 0034719 0234750 0034989 0435682 0036114 0436294 0336472 0436474 0036856 0037134 0037288 0037463 0037660 0237969 0038001 0038389 0038456 0238563 0438681 0039148 0039186 0039215 0039684 0339864 0239944 0040054 0040149 0040530 0040539 0040621 0340663 0240812 0040856 0040900 0041097 0241191 0041301 0241573 0041712 0041737 0341968 0042227 0342281 0042292 0042604 0042612 0042665 0042812 0043167 0343168 0043800 0343813 0244033 0344036 0344252 0044351 0344399 0044915 0244955 0245135 0045231 0045377 0445389 0045963 0245983 0246020 0046223 0046445 0246596 0346755 0246781 0446938 0246947 0347135 0347372 0047474 0047911 0047999 0448042 0048466 0048541 0349482 0049639 0349676 0049872 0050051 0050161 0250251 0050266 0250350 0050461 0050559 0050613 0050837 0051373 0051475 0051610 0051815 0051917 0051927 0251985 0052289 0352333 0052489 0053007 0053376 0353741 0053880 0253968 0054203 0054232 0054359 0054990 0055335 0055460 0355854 0355911 0056065 0056093 0356164 0056167 0256581 0056919 0357169 0057199 0057201 0257498 0057530 0057726 0057887 0258004 0058533 0358560 0058945 0059065 0359396 0059658 0359720 0059781 0259876 0060002 0060064 0060387 0360409 0260566 0460626 0060822 0360987 0061088 0361339 0061819 0261857 0062038 0062293 0062345 0062474 0362766 0363382 0063439 0063446 0063468 0363513 0463591 0263640 0363658 0063832 0064192 0064201 0064651 0364810 0264859 0064911 0065352 0365629 0065808 0066034 0066394 0066902 0066996 0367000 0367033 0067108 0467262 0067270 0067436 0067580 0067583 0067630 0067717 0267730 0067771 0367775 0067829 0268021 0068049 0268103 0068210 0068317 0068322 0268464 0068577 0069053 0069131 0069222 0069429 0469456 0069706 0069714 0369769 0069884 0069913 0270016 0070040 0070071 0070249 0370422 0070519 0070691 0070721 0071164 0071268 0071568 0271708 0071752 0372119 0072193 0072266 0272391 0372444 0072496 0072581 0272921 0073347 0073585 0073725 0074017 0074022 0074083 0074460 0074475 0074529 0074679 0374857 0075130 0075202 0075529 0075655 0075750 0076015 0076449 0076471 0376547 0076637 0076781 0076802 0076808 0377055 0277065 0077236 0077375 0077706 0077831 0378211 0078294 0078470 0278532 0278660 0378927 0079083 0079164 0279398 0279691 0079862 0079895 0380022 0080516 0080548 0080576 0080577 0080607 0080620 0280645 0080648 0381019 0081465 0081469 0081477 0281562 0081823 0081880 0081907 0382002 0082054 0082171 0082221 0082537 0082549 0082772 0082783 0382883 0282890 0382894 0082974 0083063 0283261 0083358 0083373 0083389 0083491 0083556 0083558 0083560 0083835 0084464 0084749 0284837 0085004 0085032 0085116 0085344 0285388 0085605 0085689 0085703 0085822 0085990 0086141 0086270 0086284 0086386 0086442 0086481 0086495 0086520 0086545 0086976 0086996 0087074 0287341 0087890 0087926 0088067 0288101 0088687 0088821 0089045 0289246 0089346 0289501 0089532 0089543 0389740 0090004 0090361 0290400 0090430 0090537 0090732 0090757 0090862 0091022 0091326 0091636 0091716 0091821 0091848 0092221 0092302 0392310 0092312 0092515 0092575 0092758 0092772 0092867 0392920 0093000 0093291 0093381 0093460 0093793 0094173 0094246 0094283 0094656 0094681 0094684 0094712 0094929 0094991 0095056 0095284 0095390 0095444 0095554 0095574 0095953 0096012 0096055 0096114 0096180 0096218 0096262 0096421 0096427 0096636 0296770 0096917 0096948 0097010 0097142 0397298 0097401 0097416 0097442 0297620 0097647 0097654 0097763 0298038 0098157 0398345 0098351 0298477 0098544 0098749 0098822 0098931 0099053 0099168 0099358 0099591 00100147 02100724 00101076 00101252 03101282 00101333 00101548 00101617 00102135 00102185 00102777 00102806 00102926 00102960 00102988 00103052 00103053 00103209 00103469 00103847 00104114 00104124 00104348 00104508 00104520 00104548 00104728 00104949 00105499 00105524 00105594 00105728 00106136 00106278 00106465 00106603 00107035 00107244 00107401 00107539 00107917 00108225 00108341 00108839 00108869 00108999 00109367 00109411 00109413 00109506 00109653 00109753 00109755 00110230 00110260 00110310 02110371 00110485 00110570 00110626 02110631 00110886 00110929 00111102 00111165 00111200 00111291 00111308 00111400 00111480 00111696 00111818 00111877 00111936 02111957 00112026 00112054 00112076 00112104 00112234 02112379 03112397 00112467 00112758 03112983 00113029 00113151 00113192 00113301 00113354 00113515
91620551 0516 0617 00116 00120 03218 03279 03289 03310 04326 04377 04407 00419 00538 02636 00784 03801 031043 041469 042021 032043 022197 042255 022477 002720 032805 002822 032828 043135 033177 033233 043343 033463 043729 033869 033933 034379 034493 044500 044613 044664 004670 044748 034967 045227 035429 005431 035587 035865 035867 005978 036046 006224 006278 026285 036390 046434 006451 006462 026530 036532 026538 046672 036700 036723 036940 026986 007091 037095 007152 007169 047500 037512 037631 037916 008009 038111 028230 028302 038304 008469 038578 038596 049067 009069 029244 039270 029338 029398 009484 009667 009771 049918 0410034 0310128 0310203 0310220 0210275 0010434 0010482 0010823 0410991 0011133 0011311 0411393 0311406 0311492 0411548 0211560 0411690 0011718 0411817 0212152 0012186 0012242 0312245 0312270 0312280 0412380 0212681 0013070 0413077 0313100 0413159 0313390 0013476 0413478 0313497 0213716 0413776 0314142 0414156 0314256 0314266 0214369 0414413 0314437 0214472 0214521 0014675 0314720 0214855 0214889 0015022 0415046 0315066 0015161 0015210 0015214 0215301 0415325 0415360 0315420 0415504 0315755 0415772 0215866 0015886 0315933 0016104 0416136 0316188 0316314 0316451 0316852 0316958 0216994 0417090 0017267 0317445 0017472 0017648 0418178 0318180 0418321 0318507 0318521 0419071 0319088 0019150 0419202 0019281 0319284 0219299 0219579 0320232 0020250 0320313 0020330 0020555 0420567 0020654 0020823 0020878 0420983 0320989 0321241 0421334 0221401 0221598 0421600 0021760 0322052 0422095 0322322 0022348 0422464 0322487 0222511 0322637 0222783 0323102 0423181 0223248 0323262 0323448 0023574 0023712 0024011 0224048 0424215 0224433 0224525 0324586 0124608 0224618 0324626 0224951 0425017 0025042 0225075 0225429 0225689 0225720 0025750 0325951 0026304 0026439 0026481 0326732 0426852 0327143 0427190 0027260 0327343 0427471 0228044 0328132 0328368 0328461 0028511 0328669 0029092 0029170 0429249 0029298 0029359 0229490 0029644 0329667 0429707 0029804 0229909 0329973 0430135 0030201 0030350 0430408 0230622 0030685 0430686 0330787 0430958 0231038 0031113 0231465 0031477 0231659 0031814 0331851 0231935 0032128 0032219 0032301 0432440 0332511 0032623 0332878 0432963 0033034 0233066 0033198 0333336 0433364 0333404 0333651 0033862 0233894 0033945 0234494 0034582 0034909 0034921 0035016 0035144 0035259 0435638 0435779 0436156 0036191 0036251 0036322 0436343 0236382 0036437 0036583 0436615 0036802 0036897 0437060 0037103 0237163 0337189 0237473 0037587 0237620 0337751 0237885 0037910 0238190 0338401 0038536 0038620 0038660 0438707 0338762 0238818 0039002 0039021 0039431 0439788 0039938 0440002 0340031 0440047 0340135 0040421 0340427 0040448 0240475 0040516 0340823 0440829 0040907 0041362 0241459 0041567 0041729 0341788 0241894 0342030 0442062 0042066 0042307 0442567 0042718 0242815 0342820 0242826 0242861 0242917 0243003 0043019 0043175 0043208 0043424 0043472 0443584 0243718 0043887 0444101 0244254 0044371 0344412 0444529 0444705 0144740 0344804 0244845 0045069 0345177 0045467 0045591 0445627 0045757 0046420 0346550 0346742 0046831 0347020 0047524 0247890 0047989 0348012 0348033 0048100 0048250 0048305 0348399 0248571 0048735 0248846 0249046 0049107 0349194 0049369 0249392 0449556 0049878 0050132 0050175 0050236 0050311 0250490 0050622 0350699 0250914 0050934 0250985 0251003 0351394 0051402 0051431 0251451 0051515 0251924 0251966 0352004 0052012 0052054 0052080 0252090 0052098 0052205 0052310 0452475 0252593 0352762 0352786 0252969 0453090 0353122 0253155 0053228 0353240 0253409 0053669 0353963 0054011 0354294 0054488 0054619 0454792 0054844 0354924 0055001 0055116 0055165 0355420 0055544 0355583 0055737 0355750 0055765 0055768 0055823 0355926 0056172 0056414 0056454 0056541 0056569 0056661 0457077 0357177 0057524 0357864 0258153 0058223 0058466 0058743 0058819 0258910 0058963 0059079 0059122 0059252 0259267 0059315 0059332 0059334 0359536 0360110 0260234 0060279 0360401 0060403 0260479 0060607 0360738 0360816 0061032 0061061 0261215 0061240 0061600 0061601 0361671 0261704 0061713 0061964 0061995 0062054 0062062 0062120 0062254 0062560 0262668 0062751 0062763 0062805 0062851 0062917 0263013 0063074 0263185 0063394 0063510 0063722 0263746 0263759 0064020 0064136 0064261 0064474 0064771 0065012 0065253 0365254 0065655 0065689 0365711 0466073 0066089 0066311 0066392 0366769 0366856 0366901 0066924 0067032 0067046 0067112 0267154 0067278 0067294 0067483 0067549 0067582 0367811 0067868 0067878 0367880 0068009 0068028 0368051 0068265 0368392 0068501 0068533 0268581 0368650 0068927 0269017 0069303 0069312 0069394 0069509 0269704 0370067 0070206 0270386 0070421 0070546 0371009 0071058 0071086 0071100 0071126 0071230 0071260 0071302 0071366 0271434 0371474 0271523 0271561 0371713 0071864 0072169 0072261 0072320 0072378 0072609 0072833 0273076 0073096 0373361 0073436 0273465 0373499 0073544 0073696 0373956 0073976 0074589 0074680 0274756 0074801 0074945 0275200 0075533 0375721 0076062 0376238 0476297 0376375 0076383 0076386 0376477 0276487 0076575 0276666 0376857 0376886 0076911 0076934 0076965 0277293 0377324 0077327 0077399 0077837 0077873 0077926 0078070 0378105 0078127 0078133 0078149 0078214 0078247 0278283 0078504 0378623 0078779 0079147 0079187 0079215 0379305 0279417 0279513 0279689 0079916 0080013 0380104 0080163 0280209 0080275 0280505 0080601 0380731 0080826 0480841 0080954 0081030 0081077 0281149 0281323 0081412 0081683 0381799 0281818 0381926 0082460 0082687 0082741 0082758 0083090 0083113 0083223 0383304 0283510 0083540 0083882 0083996 0084246 0084544 0084557 0084575 0084682 0084785 0084835 0384986 0385301 0085585 0085720 0385818 0085833 0085904 0086122 0086227 0086234 0286319 0086453 0086812 0286836 0087002 0087047 0087056 0087083 0087178 0387254 0287499 0087554 0087634 0087784 0387795 0087829 0087849 0087932 0288081 0088328 0088346 0088694 0088958 0089099 0089123 0089354 0289483 0089633 0089860 0090052 0090091 0090417 0390499 0290536 0090647 0291096 0391214 0391277 0091315 0291445 0391497 0091553 0091739 0091793 0091940 0092041 0092060 0092109 0092337 0092620 0092754 0092912 0293115 0093349 0093500 0393518 0293776 0093870 0094182 0094335 0094508 0094559 0094565 0094729 0294747 0094781 0094935 0094988 0095003 0095273 0095309 0095417 0095540 0095617 0095660 0295696 0095713 0095829 0295884 0095910 0095934 0095972 0395975 0096062 0096283 0096350 0096393 0096506 0296591 0096766 0097299 0297503 0097610 0097968 0098007 0098206 0298245 0298283 0098356 0098473 0098491 0098493 0098756 0098994 0099346 0099614 0099630 0099653 0099809 0099943 0099947 0399963 00100047 00100066 00100139 00100214 00100402 00100416 00100511 00101012 00101013 00101119 02101192 00101261 00101268 00101270 00101283 00101731 00101817 00101818 00101868 00102092 02102189 00102228 00102247 00102370 00102611 00102702 00102741 00102829 00102879 00103255 00103334 02103337 00103355 02103601 00103824 00104082 00104167 00104359 00104374 00104462 00104867 00104883 00105217 00105265 00105303 03105354 02105367 00105555 00105613 02106146 00106188 00106199 00106499 00106568 00106638 00106673 00106691 00106724 00106778 00106996 00107045 00107049 00107133 00107370 00107418 00107538 03107616 00107684 00107920 00107961 02108000 00108257 00108294 00108576 02108587 00108613 00108676 00108715 00108913 00109014 00109214 00109579 00109774 00109812 00109943 00110402 00110449 00110451 00110523 00110737 00110743 02110816 00111338 00111535 00111665 03112135 00112254 00112301 03112323 00112518 00112958 02113189 00113372 00113478
91620561 02594 00842 041046 001366 001537 041965 002717 002727 002851 033339 023976 004337 004608 045162 005626 035661 045695 035812 006016 046174 007275 007572 047614 027922 007996 048289 038557 038929 049026 009173 009584 0310147 0010180 0010257 0010362 0010573 0310634 0010817 0311717 0311736 0012110 0312317 0112416 0412990 0013182 0013426 0313760 0314016 0014764 0015195 0015281 0015629 0016138 0016316 0416649 0316966 0417125 0017243 0017875 0018131 0018156 0018555 0418598 0018637 0319291 0219758 0019807 0019924 0020094 0020722 0420918 0021083 0221265 0022548 0022581 0022651 0423053 0023127 0023249 0023387 0023487 0023528 0023567 0023600 0023739 0224368 0024531 0024815 0024976 0025126 0025204 0025385 0226411 0026740 0027116 0027206 0027306 0227902 0028527 0028588 0028686 0029199 0429285 0329290 0329461 0029500 0030056 0030459 0031373 0031803 0231878 0432053 0432073 0032148 0032271 0032606 0032682 0032879 0032959 0033521 0034090 0034229 0034288 0034381 0034702 0034708 0334999 0035518 0035553 0036169 0036295 0036397 0036621 0036740 0036939 0137053 0337479 0037576 0337730 0037967 0038081 0038228 0038253 0338296 0038333 0038748 0038862 0039083 0039458 0039691 0039996 0040045 0040095 0040285 0240828 0040944 0440951 0041550 0041591 0041916 0042010 0042095 0042326 0342443 0042472 0443289 0043299 0243744 0343863 0043894 0043985 0044345 0044503 0044679 0344696 0044974 0045071 0045137 0445420 0045457 0245590 0045790 0045965 0046278 0346427 0046782 0046861 0246923 0046964 0047253 0047326 0047682 0247726 0247998 0248755 0048874 0248981 0048989 0049207 0049399 0049868 0049985 0050219 0050224 0050384 0050393 0050421 0050442 0050488 0050649 0051100 0051262 0251282 0051672 0052724 0052727 0053207 0053585 0053729 0053777 0053807 0254067 0054187 0054193 0254329 0054371 0054394 0254446 0054691 0054754 0055062 0055228 0055582 0055749 0055764 0056131 0056438 0056491 0056900 0057088 0057948 0057978 0058007 0058025 0058035 0058344 0058355 0058357 0058541 0058644 0059118 0059798 0360179 0360297 0060381 0460422 0360605 0060729 0060819 0360998 0361081 0061221 0061289 0061529 0061670 0061688 0061767 0061801 0062315 0062889 0062903 0063021 0263086 0363661 0063709 0063858 0063932 0064009 0064185 0064417 0064559 0065121 0365431 0065459 0065526 0065698 0066003 0366247 0066329 0066577 0066779 0066784 0066960 0367093 0067155 0067284 0367476 0067552 0067734 0068233 0068253 0068388 0068460 0068582 0068683 0068689 0068752 0068792 0068800 0068841 0068878 0269022 0069524 0069702 0070013 0070023 0070057 0070134 0070144 0070259 0070559 0070628 0070834 0071134 0271360 0071416 0071495 0071649 0072150 0072285 0072451 0072887 0072904 0073010 0073258 0073314 0073575 0073596 0073818 0073846 0373911 0073986 0074234 0074431 0074543 0074704 0075117 0075261 0075628 0075682 0075804 0376223 0076317 0076741 0076787 0077096 0078176 0278197 0078325 0078541 0078684 0078699 0078735 0078911 0078912 0079022 0079087 0079326 0079351 0479429 0079450 0079728 0079735 0080021 0080092 0080277 0081335 0081370 0081405 0081415 0081563 0081674 0081771 0081910 0081924 0082186 0082228 0082437 0082851 0083084 0083137 0083165 0083184 0083502 0083586 0083638 0083662 0083666 0084030 0084381 0084547 0384640 0084773 0084956 0285320 0085694 0085797 0085951 0085985 0086016 0086322 0086405 0086841 0086927 0087085 0087618 0087798 0087873 0087887 0088025 0088064 0388083 0088196 0088215 0088309 0088368 0088714 0088939 0089333 0089449 0089579 0089716 0089722 0089725 0089919 0090020 0090039 0090150 0090242 0090497 0091258 0091397 0091846 0091944 0092034 0092068 0092581 0092683 0092769 0092809 0093025 0093080 0093104 0093157 0093273 0093281 0093325 0093401 0093616 0093660 0093670 0093673 0093794 0094086 0094189 0094215 0094221 0094261 0094320 0094358 0094470 0094735 0094760 0295110 0095495 0095988 0096701 0396721 0096772 0097510 0097574 0097689 0097812 0097886 0098176 0098329 0398581 0098591 0098834 0099050 0399503 0099504 00100022 00100087 00100157 00100192 00100312 00100314 00100376 00100824 00101042 00101197 00101289 00101292 00101327 00101355 00101550 00101577 00101599 00101724 00102250 00102282 00102300 00102543 00102922 00102925 00102998 00103029 00103050 03103154 00103215 00103415 00103511 00103685 00103901 00104047 00104165 00104191 00104659 00104710 00104830 00104996 00105153 00105359 00105489 03105907 00106047 00106282 00106361 00106487 00106528 00106642 00107050 00107115 00107207 00107219 00107304 00107321 00107456 00107622 00107658 00107852 00107943 00107977 00108179 00108301 00108350 00108420 00108469 00108724 02108831 00108835 03108925 00108988 00109005 02109223 00109461 00109683 00109896 00110073 00110079 00110124 00110346 00110462 00110693 00110834 04110887 03110911 00110959 03110960 00111012 00111093 00111438 00111537 00111634 03111815 00112112 00112169 00112205 00112427 00112618 00112781 00113274
91620571 00109 04230 03442 00779 03876 03942 02987 001001 041042 041107 031147 021524 031594 041701 041823 001877 041878 042032 042063 042104 002446 002495 042496 002741 042818 032999 033012 043331 003377 033418 023527 043722 003724 043751 023763 023766 004188 044233 024371 034385 004442 044594 044630 004667 044685 004704 044891 045042 025054 035115 035194 045281 005419 035572 045780 035855 005916 046000 006048 026073 026121 036142 046317 036437 006540 046560 006771 046786 007051 027183 007233 027268 027499 047522 027567 007739 047783 007896 047919 037970 048058 038128 028176 048216 028353 008363 048423 028462 038487 048509 008750 048852 009034 029042 039094 009215 039320 009326 049352 039353 049417 049441 039567 039579 009630 029644 009725 029953 0210070 0010130 0410167 0210433 0210590 0010619 0110626 0010661 0210713 0310754 0310811 0010961 0010971 0011106 0411128 0311137 0211208 0011213 0011547 0011631 0311830 0011895 0211957 0212051 0012115 0012127 0312256 0212341 0012379 0312418 0312737 0312983 0413006 0313030 0013090 0013292 0313487 0413513 0413600 0013632 0313651 0013783 0013910 0314061 0014120 0414130 0214162 0014353 0214385 0414560 0414586 0014616 0414769 0014842 0414867 0014931 0015012 0015014 0415125 0315170 0015503 0315577 0315625 0415637 0315781 0315856 0215879 0216020 0016195 0416327 0016331 0016377 0316480 0316551 0416619 0016681 0316742 0416888 0016933 0316972 0016978 0017008 0017012 0417076 0217193 0017270 0217369 0417384 0217429 0017441 0317443 0017520 0017569 0017685 0417769 0217829 0218018 0018042 0018068 0418086 0018277 0318546 0418743 0018804 0318821 0318825 0318934 0018956 0018994 0319005 0019008 0019213 0019219 0319244 0019440 0419441 0019499 0219711 0019778 0019798 0019838 0019852 0319878 0019881 0019944 0319946 0420207 0420260 0020345 0120361 0020502 0220549 0020614 0320644 0020780 0020956 0020960 0420971 0020979 0221031 0221059 0221190 0021451 0221477 0421509 0221528 0021605 0321621 0021624 0021656 0321807 0321817 0021913 0222001 0022144 0022155 0022203 0022227 0222229 0022279 0022510 0222540 0022601 0222669 0022697 0422916 0422931 0023079 0323126 0223311 0023483 0023553 0223578 0023590 0423591 0223599 0223698 0223702 0323811 0223948 0423978 0024085 0424152 0024244 0024248 0424294 0324610 0024660 0024710 0424738 0424754 0024764 0224798 0024876 0225193 0025409 0025465 0325468 0025766 0225857 0026014 0226144 0326209 0026310 0026337 0026534 0426592 0026630 0026646 0026649 0026661 0026677 0026692 0226806 0326850 0226892 0026908 0027001 0027145 0427154 0227374 0027554 0027594 0027754 0227811 0227829 0027952 0427955 0028133 0328138 0028168 0428288 0028409 0428542 0428624 0028766 0028855 0028860 0028882 0029084 0429217 0029336 0329338 0029343 0029368 0029483 0429544 0029620 0029762 0029769 0029797 0030041 0030122 0330234 0330236 0030246 0230320 0030354 0030383 0430389 0430520 0030589 0330609 0030691 0230779 0230978 0030992 0231101 0331282 0031287 0031466 0131472 0031520 0331770 0331892 0031951 0031953 0232041 0432070 0032083 0032095 0432129 0232170 0432258 0032635 0032802 0032882 0032997 0033026 0033224 0233446 0033491 0033494 0233527 0033646 0433748 0233840 0433921 0033926 0333963 0234025 0234083 0334115 0334245 0434681 0034915 0034958 0235159 0335198 0035249 0035325 0435329 0335361 0035375 0035484 0235567 0235845 0035847 0035856 0036129 0036186 0036227 0036264 0036285 0036287 0036353 0036499 0036553 0036574 0036579 0036644 0336697 0336790 0436957 0037017 0037043 0237178 0037273 0037324 0437342 0037362 0237422 0037423 0337471 0037472 0437524 0237553 0037678 0037725 0237758 0037787 0037962 0038022 0038093 0438236 0238321 0038498 0038502 0038595 0038671 0038730 0038731 0238778 0038817 0338829 0039028 0039079 0439111 0039134 0339185 0339286 0039296 0039597 0239706 0039876 0039906 0039926 0040013 0340204 0340302 0440366 0040380 0240485 0040656 0040659 0040764 0240772 0040954 0041115 0341135 0041239 0041267 0241361 0441448 0041497 0241589 0241607 0041680 0041698 0241705 0042100 0042110 0242223 0042314 0342342 0042505 0242674 0042711 0242876 0342922 0043129 0043219 0043291 0043367 0043527 0243560 0043606 0043652 0043672 0043708 0043829 0043934 0043960 0244014 0044184 0044285 0044358 0044457 0044469 0044477 0044520 0044718 0044894 0044970 0045029 0045090 0045124 0445128 0045210 0045435 0045481 0045598 0345697 0045724 0045796 0045970 0045976 0045986 0046022 0046045 0046199 0246217 0046246 0046370 0046381 0046451 0046456 0046478 0046534 0246593 0346862 0046893 0047012 0447123 0047153 0047291 0047298 0047362 0247451 0047452 0047578 0047640 0247878 0047972 0048063 0248078 0348126 0048128 0048200 0048411 0048486 0048658 0048717 0048824 0048977 0049078 0049151 0049352 0249373 0049490 0449519 0049785 0049837 0049982 0050373 0050463 0050464 0350486 0350594 0250667 0350743 0051037 0451084 0051101 0051145 0251155 0351249 0051364 0351427 0051499 0451628 0051648 0051689 0351787 0051969 0051977 0052001 0252042 0252075 0052222 0052251 0052266 0052275 0252382 0252630 0052671 0052679 0052740 0052945 0052999 0053231 0053239 0053417 0053530 0053573 0053713 0353932 0254010 0054028 0054077 0354168 0454451 0054908 0054942 0054976 0054996 0055129 0055419 0355473 0055567 0055986 0056044 0056075 0056132 0056143 0056217 0056296 0056370 0456380 0056477 0056539 0056608 0056626 0056644 0056769 0056962 0357091 0057218 0057299 0057345 0057438 0357668 0057790 0257900 0057941 0058046 0258080 0058095 0258132 0058329 0058385 0058406 0058436 0058575 0458658 0458701 0059076 0059184 0259206 0059213 0059446 0059504 0059626 0259642 0060022 0060063 0060098 0060113 0060158 0360196 0060241 0060256 0060296 0060319 0060342 0060473 0060507 0060584 0360623 0360636 0060781 0060871 0060873 0061040 0061042 0061629 0361690 0061714 0061824 0261893 0061944 0061961 0062049 0362153 0262175 0062176 0062271 0062357 0362407 0062465 0362472 0062619 0262646 0362776 0062837 0262894 0062948 0062970 0362972 0363138 0063307 0063322 0063574 0063699 0263754 0063833 0063841 0263882 0063955 0064019 0064242 0064334 0264379 0364426 0064564 0064695 0064782 0064800 0065302 0065343 0065505 0365516 0065614 0065651 0265663 0465768 0065857 0066037 0066059 0466139 0066287 0066438 0266456 0066469 0066481 0066505 0066586 0066664 0066667 0066672 0066743 0266759 0066836 0066847 0266865 0066866 0066940 0067013 0267062 0067084 0067182 0067200 0067349 0067722 0067766 0067906 0067965 0067985 0068054 0368149 0068427 0068534 0068554 0068669 0268677 0068686 0268688 0068702 0068729 0068780 0068877 0069065 0069140 0069221 0069310 0069314 0069411 0069607 0269616 0269628 0069694 0069781 0069886 0069945 0070217 0370353 0070449 0070505 0070542 0070607 0370612 0070623 0070638 0271025 0271028 0071044 0071114 0071123 0071267 0371406 0371421 0071438 0071505 0371570 0071861 0072251 0072347 0472384 0072440 0072531 0072709 0072723 0073019 0073189 0073230 0073382 0073440 0073458 0073543 0073595 0473684 0073837 0073908 0073946 0374056 0074087 0374126 0074294 0074324 0074587 0074627 0274808 0075086 0475176 0075386 0075623 0075754 0075824 0075856 0275907 0075908 0075915 0375948 0076211 0076323 0076395 0076488 0076531 0076563 0076740 0076884 0076948 0076957 0076985 0276989 0077084 0077126 0377176 0077226 0077231 0077307 0277329 0077338 0077365 0277553 0077735 0077750 0077790 0077819 0077864 0077866 0377952 0077958 0077997 0078005 0078011 0078015 0078025 0078046 0278059 0078107 0078113 0078183 0278195 0078224 0078251 0078298 0078318 0078418 0078477 0078688 0078866 0078967 0078971 0079290 0079370 0079448 0079554 0079575 0079615 0079686 0079740 0079836 0079888 0079979 0279994 0080180 0080196 0080210 0380361 0080499 0380563 0380580 0280633 0080654 0080660 0080679 0080705 0080753 0280755 0080839 0080844 0280867 0080871 0080881 0080992 0281306 0081311 0081449 0481493 0081604 0081652 0081738 0081739 0081805 0081943 0082007 0482056 0082150 0082204 0082284 0082558 0082613 0382692 0082782 0082803 0082891 0082916 0282997 0383004 0083132 0083197 0283212 0083228 0283333 0383457 0083598 0083651 0083704 0083721 0083827 0083875 0083948 0083968 0084043 0084118 0084125 0284153 0084163 0084173 0084413 0084477 0284493 0084599 0084733 0085030 0285065 0085068 0085296 0385418 0285434 0085435 0085544 0385811 0085893 0085915 0086116 0086196 0086403 0086465 0086486 0086512 0286626 0086769 0086773 0086843 0386961 0087068 0087107 0087164 0087315 0087336 0087412 0087440 0087457 0087492 0087511 0087536 0087547 0087630 0087718 0087748 0287771 0287781 0087817 0088060 0088117 0288228 0088242 0088397 0088428 0088455 0088600 0088630 0088702 0088704 0088710 0088868 0089220 0089309 0089391 0289410 0089428 0089454 0089596 0089720 0089974 0089978 0090011 0090013 0090095 0090142 0090254 0090280 0090292 0090342 0090396 0090409 0090414 0090426 0090436 0090452 0090493 0090520 0090578 0090690 0090712 0090834 0090874 0090883 0390895 0390933 0090938 0091019 0091110 0391119 0091288 0091498 0091789 0091859 0392077 0092090 0092124 0092200 0092215 0092367 0092368 0092376 0092626 0092677 0092689 0092705 0092778 0092794 0092800 0092831 0292908 0092983 0092999 0093068 0093085 0093121 0093329 0293513 0093521 0393546 0093681 0293686 0093804 0293806 0393862 0093915 0094043 0094305 0094317 0094375 0094417 0294522 0094627 0094636 0094658 0094791 0094803 0094828 0094939 0095137 0295232 0095238 0095283 0095299 0095525 0095777 0095798 0095805 0095821 0395924 0096079 0096086 0096143 0096310 0096457 0096556 0096561 0296596 0096630 0096691 0096795 0096918 0096992 0097035 0097151 0097187 0097340 0097443 0097465 0097545 0097624 0297658 0097759 0097781 0097864 0097924 0097933 0097959 0097967 0098031 0098052 0098093 0098095 0098110 0098357 0098394 0098644 0098917 0099183 0299195 0299215 0099423 0099444 0099531 0099556 0099631 0099750 0099755 0299820 0099926 00100034 00100075 00100209 00100391 00100432 00100472 00100536 02100574 00100631 00100633 00100645 00100646 03100888 00100935 02101030 00101111 00101354 00101384 00101403 00101411 00101559 00101562 00101563 00101842 02101896 03102053 00102065 00102343 00102446 00102470 00102655 00102850 00102971 00103141 02103229 00103406 00103448 00103581 00103610 00103794 00103828 00103831 02103834 00103990 00104048 00104112 00104210 00104426 00104437 00104643 02104743 00104826 00104890 00105088 00105150 00105200 00105204 00105210 00105241 00105260 00105461 00105493 00105505 00105517 00105746 00105754 00105795 00105797 00106015 00106122 00106200 00106222 00106276 00106308 00106329 00106371 00106379 00106382 00106482 00106514 02106517 00106527 00106609 00106620 00106645 00106702 02106703 03106799 00106844 00107019 00107087 00107214 00107271 00107273 00107379 00107432 00107466 00107510 00107518 00107716 00107840 00107985 03108017 00108076 00108114 00108141 00108304 02108318 00108547 00108618 00108629 00108638 00108656 00108819 02108847 00108889 00109125 00109141 00109289 00109333 00109407 00109451 00109530 00109568 03109593 00109727 00109780 00109959 00110054 00110116 00110214 00110322 00110334 00110635 00110766 00110803 00110860 00110875 00110918 00110921 00110957 00111004 00111011 00111045 00111084 03111201 00111320 00111345 00111349 00111361 00111376 00111500 00111560 00111608 00111619 00111658 00111688 00111693 00111911 00112063 00112085 00112219 00112229 00112353 00112377 00112399 00112409 00112482 00112620 02112630 00112634 00112785 00112822 00112884 00112897 00112995 00113022 00113071 00113090 00113227 00113311 00113378 00113400 00113432 00113457 00113520 00113568
91620581 04134 04154 02368 02418 04467 04512 00640 04686 02747 04757 04791 04825 04864 041071 021078 041373 021379 021660 041831 041864 041970 042248 002469 042537 042690 022779 043067 023251 023563 043618 043848 033909 023956 043957 024050 034144 044280 044310 034328 024393 004478 044634 044718 034836 044919 024932 034970 005061 005338 045752 015894 035966 046004 036014 006058 046248 036258 046341 006394 026432 006514 046585 026616 046643 026656 026701 046706 046878 047023 037208 007382 007653 047660 047764 027844 037973 048042 048060 038072 008115 048205 038244 038626 048660 048727 048800 039033 009146 039324 049469 009705 029821 0410170 0210182 0310232 0210320 0410458 0410647 0310852 0211111 0211198 0011230 0411259 0111263 0211269 0411368 0411632 0411746 0211822 0311827 0211932 0412029 0412144 0212226 0412292 0412376 0212532 0312691 0412938 0312953 0413001 0013130 0213516 0013843 0314055 0214264 0014298 0414323 0314488 0314739 0414767 0214894 0215163 0215217 0215557 0215833 0415888 0415905 0016149 0216472 0216503 0216514 0316611 0216926 0017214 0417347 0317368 0417452 0317640 0417670 0217736 0417808 0417873 0217889 0017972 0417988 0218008 0418224 0218369 0218379 0218608 0018649 0418710 0318752 0418866 0218900 0019058 0419083 0219480 0419653 0019670 0419887 0419932 0320019 0420175 0020312 0420446 0020631 0220925 0321226 0021454 0421505 0421806 0221999 0022069 0222168 0222483 0422678 0423116 0223222 0323310 0423316 0423531 0323806 0223818 0323998 0324161 0224207 0024236 0324321 0424434 0324467 0424601 0424615 0024643 0024717 0025027 0425184 0225270 0325360 0225450 0025709 0025854 0225889 0425988 0326015 0226130 0426274 0426319 0026418 0426428 0026432 0426599 0426636 0026659 0026797 0227272 0027299 0327337 0227498 0427638 0027708 0427793 0027813 0227815 0228183 0428191 0028279 0428284 0328497 0028807 0229069 0429076 0429659 0029681 0029718 0029739 0229867 0429997 0230131 0330333 0430394 0030433 0330575 0230614 0030630 0230719 0430775 0230808 0030918 0331256 0231356 0431378 0031391 0431479 0031590 0031786 0231824 0031974 0232054 0332118 0332264 0032464 0332553 0332628 0232746 0232777 0332876 0032951 0333023 0433029 0333048 0233345 0233366 0033437 0433572 0333596 0433608 0433628 0433656 0333699 0333904 0334006 0434069 0034212 0434319 0434331 0034773 0034870 0035168 0235278 0235341 0235480 0235487 0236101 0436183 0036189 0236262 0336274 0236346 0436360 0336494 0036585 0236616 0036718 0236721 0036854 0437061 0237295 0337364 0037409 0437503 0437558 0037762 0437769 0038103 0338264 0038353 0038515 0038556 0238851 0238927 0438947 0239345 0339446 0039604 0039661 0339675 0339812 0239814 0239985 0240132 0040186 0240235 0040450 0040462 0040691 0341032 0241113 0241335 0241391 0241862 0241978 0242054 0042057 0442065 0042138 0342335 0242380 0342388 0242859 0443005 0043016 0043061 0443121 0043157 0243199 0443573 0043595 0343689 0343757 0343954 0443978 0044146 0044155 0044293 0444321 0044490 0044492 0244495 0344575 0044579 0344642 0044748 0244791 0045134 0245157 0245469 0045487 0345488 0245561 0445642 0045858 0046137 0046151 0046158 0046196 0246480 0446484 0246486 0246870 0246917 0247316 0047319 0247391 0047404 0247587 0247681 0047702 0047734 0047775 0247866 0347945 0347957 0248374 0048404 0448417 0048566 0048623 0248829 0048896 0049090 0249283 0049317 0249341 0249466 0449473 0049646 0249795 0049983 0450049 0250164 0050182 0050446 0050947 0050989 0451224 0051622 0251674 0052082 0052194 0052280 0252492 0052736 0052828 0053002 0253372 0053448 0053680 0253845 0054013 0054131 0054208 0054608 0054661 0354669 0354745 0254836 0055003 0055234 0055288 0255418 0055432 0055696 0055747 0355774 0056052 0256243 0456437 0256493 0056665 0057065 0257320 0257344 0057501 0057507 0057731 0257899 0057959 0058141 0058157 0058208 0058245 0258361 0058382 0058421 0258428 0358665 0058807 0058984 0058993 0259085 0059147 0459308 0059466 0059691 0259727 0260168 0460476 0260639 0061605 0261668 0361718 0361826 0061916 0362097 0062221 0262319 0062329 0063140 0063305 0363431 0063494 0263594 0063617 0063723 0363962 0063988 0364131 0064180 0264217 0064437 0064457 0064553 0264663 0464862 0264870 0264941 0065022 0065060 0465079 0265153 0265223 0265306 0265876 0365878 0266096 0066164 0466201 0366209 0366241 0266297 0266508 0066892 0267056 0267762 0067969 0268306 0068416 0068661 0268811 0268856 0068902 0269003 0269025 0069319 0069491 0070059 0070337 0070350 0070455 0370642 0370796 0070803 0070895 0070916 0270938 0071006 0071256 0071286 0371427 0371573 0471869 0071940 0071978 0072038 0072342 0072588 0272819 0373155 0073259 0273319 0073477 0073679 0073752 0073848 0073933 0074456 0074485 0074490 0074547 0074770 0074782 0074990 0075097 0075253 0075331 0075468 0075504 0275542 0275546 0275649 0075819 0076130 0276248 0276376 0476448 0276472 0076481 0076564 0276903 0076980 0077308 0077476 0077556 0077674 0277684 0077950 0077986 0278353 0078399 0078437 0078539 0078581 0078823 0078996 0279035 0079045 0279114 0079310 0079323 0279693 0279785 0080074 0280245 0380653 0281190 0081270 0281371 0081517 0081566 0081671 0082069 0382263 0082268 0282300 0382475 0082637 0082654 0082879 0082985 0083265 0083280 0083382 0083383 0083509 0083831 0083877 0283906 0283958 0084260 0284386 0284631 0084683 0084714 0284797 0084923 0085154 0385175 0085202 0085214 0085238 0085255 0085306 0085401 0085518 0285562 0385657 0285707 0285722 0085810 0286335 0386505 0086522 0387454 0087950 0288445 0388456 0288536 0088541 0088725 0289061 0089073 0089153 0389227 0089268 0289280 0089344 0089507 0089738 0290019 0390257 0091453 0291564 0091720 0291740 0091749 0091751 0391911 0092161 0092212 0092226 0092300 0092440 0292452 0092619 0492720 0092862 0392922 0092961 0093586 0093710 0293757 0094480 0094484 0094620 0094767 0294827 0294962 0094999 0095149 0295519 0095813 0095839 0095853 0295925 0096003 0096058 0096152 0096188 0396815 0096819 0097116 0297143 0097295 0097504 0097553 0097558 0097657 0297841 0098037 0098060 0098121 0098290 0298349 0098375 0098698 0098736 0298857 0098927 0499223 0399257 0099548 0099887 00100146 00100375 02100458 00100554 03100590 00100937 00100955 00100966 00101059 00101242 00101254 00101267 02101349 00101417 02101648 00101688 00101918 00102018 00102152 02102334 00102475 00102688 00102755 00102893 00103114 00103233 02103289 00103290 00103663 02103778 02104005 00104360 00104479 00104656 00104670 00104719 00105193 00105224 02105318 00105345 00105356 00105386 00105537 02105792 00105829 02105866 00105908 02105957 02106027 00106448 02106534 00106685 02106794 00106832 00106880 00107001 00107069 00107262 02107498 00107502 00107516 00107600 02107634 02107663 02107918 00108091 03108372 02108512 00109004 00109345 02109361 02109385 00109635 00109738 02109814 00109819 00109881 00110277 00110285 00110311 02110341 00110801 00110936 00110962 02111143 00111335 00111413 00111533 00111776 02111883 00111945 00111984 02112062 00112089 00112270 00112273 00112283 00112587 00112593 00112830 00112948 00112962 03113061 02113234 02113298 00113513
91620591 03402 00403 03606 02904 001243 031321 031650 031676 021762 031885 002502 022646 032713 042733 033110 033242 033309 033979 004047 044345 034549 004712 034822 024861 005423 005650 045689 035696 035989 036209 006595 006833 007032 007237 007284 037438 007805 037859 037965 037979 038331 008456 038482 028572 008680 038993 039041 049162 039309 009655 049765 0410516 0010588 0010703 0310845 0210919 0011032 0211099 0011170 0011295 0011347 0211354 0311409 0311423 0011456 0211929 0311931 0012156 0012158 0112203 0012236 0312489 0212547 0012685 0312687 0312763 0212970 0013158 0313368 0413565 0013736 0214187 0114300 0414458 0414624 0014628 0314901 0015092 0015202 0315452 0316070 0016198 0016301 0316661 0316700 0316889 0316993 0017031 0017069 0217073 0317106 0017479 0317743 0017832 0417891 0018123 0318139 0019707 0020097 0220256 0220317 0320334 0020520 0320900 0221444 0321463 0221472 0421540 0021608 0321713 0321950 0222671 0322681 0022883 0323098 0023371 0023485 0223671 0023716 0024129 0024498 0324576 0324823 0025051 0325141 0025171 0025240 0025602 0025912 0025945 0326030 0026055 0026063 0326101 0326354 0326477 0326561 0426702 0026708 0226727 0026814 0327111 0027147 0327361 0327396 0327432 0327578 0227612 0027683 0228276 0228407 0328519 0028572 0028612 0028623 0028880 0329273 0029300 0029407 0029475 0329570 0229573 0329854 0329923 0029962 0030014 0030379 0330458 0330658 0330663 0030878 0231246 0031642 0031739 0231945 0032361 0032559 0032703 0032985 0332996 0333226 0333247 0333373 0333392 0333487 0033532 0233824 0333997 0034084 0334203 0034254 0234292 0034628 0034683 0334763 0034811 0035057 0335555 0335624 0035646 0435692 0335791 0335963 0336055 0036140 0436306 0036311 0036328 0036332 0336344 0336663 0036800 0337044 0337187 0337274 0337309 0237325 0037417 0037421 0337455 0337814 0038120 0038256 0238432 0038583 0338759 0039164 0039337 0039637 0339871 0040003 0040311 0040388 0041011 0041012 0041353 0041574 0041836 0341849 0241937 0042146 0342190 0042364 0042566 0343046 0043072 0043392 0043445 0343500 0043506 0343587 0043667 0343794 0343980 0344072 0344283 0344305 0244350 0044368 0244423 0344754 0044841 0344912 0344954 0045311 0045357 0245530 0045735 0045793 0245914 0045969 0346116 0046176 0046236 0046507 0046545 0046681 0046979 0047032 0047039 0047110 0047329 0047590 0048512 0448603 0048785 0048797 0348857 0248947 0049271 0049441 0049475 0049513 0349660 0049903 0049976 0050159 0050399 0050521 0351002 0051068 0051228 0251435 0051650 0351657 0051658 0051827 0051838 0051930 0351993 0252016 0252033 0352095 0352158 0052393 0052840 0053280 0353893 0454126 0054244 0254326 0254370 0054391 0354407 0054653 0055251 0055316 0255394 0055493 0255527 0055781 0056456 0056458 0056641 0056675 0056920 0056995 0057181 0057232 0057329 0257875 0057980 0058458 0058549 0258601 0358603 0258638 0358640 0258951 0259097 0059226 0359251 0059358 0359573 0059778 0059837 0059918 0060066 0360212 0060254 0060637 0060690 0060931 0360981 0061091 0061157 0061490 0061715 0361948 0362028 0362037 0062063 0062618 0062626 0062791 0062912 0062958 0263099 0363325 0063343 0063380 0063414 0063437 0363652 0363714 0263756 0063848 0064371 0064537 0064547 0064702 0065034 0065450 0065667 0365778 0065864 0065941 0365965 0265972 0066080 0066186 0366187 0366268 0366387 0066389 0066458 0066468 0066507 0066844 0366917 0066936 0067204 0067275 0067528 0067626 0367715 0367942 0067991 0068063 0368086 0068124 0068197 0068420 0068463 0368488 0368509 0068535 0368627 0368698 0068934 0068937 0069055 0069057 0069420 0369451 0069543 0469554 0069660 0069958 0070017 0070046 0070187 0270464 0070470 0270528 0070651 0070862 0070934 0070980 0370984 0071219 0071819 0071836 0071984 0072027 0372077 0072195 0072548 0072686 0073037 0073280 0073291 0073393 0273592 0073747 0074190 0074317 0074430 0075038 0275161 0075182 0075576 0075795 0075846 0075888 0275925 0076076 0376104 0076234 0076326 0076489 0376505 0076522 0076556 0076864 0276918 0076923 0076939 0277118 0077162 0077341 0077504 0077681 0077785 0077835 0078468 0078594 0379224 0079311 0279368 0079497 0079555 0079703 0079779 0079991 0380032 0080053 0080072 0080121 0080189 0380232 0280316 0080391 0080448 0080836 0080889 0080956 0081012 0081035 0081115 0381208 0381684 0081748 0081806 0081831 0081855 0282165 0082255 0082270 0082524 0082529 0082683 0082818 0383007 0283162 0383235 0083321 0083336 0083411 0083735 0083772 0083825 0284190 0084297 0084312 0084378 0084474 0084553 0084578 0084675 0084711 0084740 0084762 0085058 0085248 0085459 0085636 0085865 0086029 0086063 0086066 0386074 0386231 0086259 0086330 0386401 0386601 0086942 0086963 0287053 0087054 0087142 0287160 0087281 0087298 0087811 0387945 0088012 0088497 0088537 0088563 0088586 0088727 0088876 0088933 0389084 0089262 0089358 0389536 0089599 0089610 0089934 0089942 0089968 0090268 0090271 0090439 0090541 0090722 0090894 0091233 0091629 0091651 0091724 0291768 0091902 0092243 0092406 0292409 0092455 0092563 0092915 0092949 0092960 0093031 0093047 0093145 0093344 0093523 0093842 0393884 0393928 0093968 0394223 0094422 0094654 0094819 0094857 0094985 0095152 0095474 0095503 0095537 0295687 0096203 0096300 0096315 0096335 0096741 0096756 0096981 0096997 0097017 0097119 0097228 0097439 0097464 0098139 0098583 0098853 0099044 0099084 0099091 0099173 0099232 0099234 0099316 0099598 0099697 0299843 0099996 00100011 00100349 00100610 00100619 00100634 03100644 00100807 00100900 00100983 00100997 03101007 00101051 00101090 00101199 00101217 00101250 00101388 00101528 00101529 00101580 00102032 00102056 00102234 00102289 00102310 00102403 00102418 03102449 00102556 00102561 00102575 00102632 00102726 00102816 00102907 00102978 00102982 00103156 02103283 00103339 00103350 00103385 03103387 00103392 00103419 00103712 00103922 03104039 00104187 00104347 00104365 00104486 00104652 00104685 00104729 00104972 00104979 03105173 00105203 03105205 00105228 00105311 00105321 00105355 00105382 00105463 00105667 00105822 00105973 00106035 00106144 00106305 00106417 03106558 00106647 00106686 00106729 00106768 00106848 02107041 03107052 00107383 00107417 00107526 00107666 00107740 00107825 00107858 00107882 00107901 00107995 00108026 00108029 03108157 02108219 00108289 00108353 00108985 02109092 00109344 00109622 00109797 00109808 00109839 00109883 00109902 03109973 00110050 00110140 00110166 00110463 00110518 00110564 00110770 00110821 00110933 03111122 00111447 00111482 03111585 00111804 00111807 00111819 00111895 00112006 00112199 00112225 00112563 00112606 03112701 00112774 00112895 00112912 00113111 00113125 00113127 00113135 00113402 00113455 00113479 00113484 00113581
91620601 0523 0624 0449 04434 00587 03655 04739 04852 04883 001113 021135 001175 021211 001638 041668 041744 041808 031889 032022 042117 042229 002251 022543 042699 042835 002917 022923 042971 003114 043153 003204 003410 003414 023523 043538 023595 043659 023857 043881 043916 044210 024215 044230 034260 004270 004279 004324 044369 044412 024441 044452 014491 004761 024873 045055 035200 045308 045443 045449 045538 005717 006003 006197 036249 026399 006466 036475 046523 036589 006689 006901 006957 037022 007073 047272 007286 007364 047377 027381 007410 007483 007560 027608 027626 037637 027860 007992 048292 008320 008508 018582 008664 048672 029011 049153 049158 009234 029285 029314 049383 049482 029523 039551 029696 029720 049970 0410104 0410127 0410139 0410250 0010472 0210609 0410879 0410905 0211021 0211169 0011186 0211192 0211257 0311413 0011614 0011856 0411960 0411969 0012153 0112238 0412266 0012348 0412437 0412675 0012773 0413183 0213285 0213597 0013620 0413703 0313725 0413752 0413816 0014129 0014203 0314399 0214483 0014484 0014845 0314975 0014999 0015259 0215303 0015403 0015600 0315777 0015782 0415973 0216125 0016357 0216546 0016607 0216680 0416694 0216911 0016954 0416998 0417105 0217221 0417399 0017454 0017512 0417660 0417828 0417882 0417922 0418034 0418231 0318378 0418395 0318407 0318622 0418656 0018759 0018819 0418945 0218974 0419095 0019236 0419313 0019402 0219489 0419576 0219617 0019668 0319672 0019703 0019913 0019981 0019982 0020040 0220410 0020752 0020768 0020974 0021045 0221104 0021108 0321116 0221121 0221147 0221264 0421269 0021397 0321407 0321468 0021533 0021612 0021855 0022050 0222083 0022102 0422106 0322110 0022164 0422221 0222334 0422335 0022457 0022525 0422569 0222643 0422820 0322926 0023385 0423470 0423833 0023951 0424052 0424086 0324299 0424367 0424447 0024486 0224668 0224736 0425095 0225372 0425440 0225568 0225616 0425710 0225975 0426124 0026127 0026220 0426234 0026373 0026544 0226849 0427124 0427222 0027234 0027505 0027572 0427841 0427954 0027969 0228139 0428177 0228190 0028206 0028336 0028419 0328490 0228507 0028761 0228851 0228868 0228947 0029027 0029237 0229261 0329296 0429360 0029406 0029537 0229606 0029660 0329848 0030110 0330312 0030386 0230413 0330506 0430656 0230692 0330718 0430825 0230896 0231130 0031183 0331212 0031228 0231239 0431308 0031367 0431491 0331508 0031509 0031543 0031549 0431564 0031595 0431678 0231822 0032157 0032263 0232265 0032390 0032488 0232552 0232597 0032912 0033170 0433218 0233352 0333846 0033907 0034071 0034335 0434347 0034421 0034451 0034453 0334471 0334514 0434527 0034638 0334709 0034731 0435077 0035090 0035228 0035240 0035404 0235509 0035708 0035718 0235734 0035903 0036011 0036237 0036375 0036416 0036522 0436557 0036572 0036630 0236634 0337199 0437215 0237277 0037323 0037509 0237692 0338131 0238200 0438242 0038315 0438317 0038441 0038507 0238880 0039036 0039040 0239109 0239125 0039264 0239334 0239420 0039633 0439669 0039765 0239842 0039850 0040022 0040026 0040046 0340408 0240409 0240446 0240457 0041269 0041316 0041356 0241386 0041460 0041468 0041522 0241554 0441890 0042123 0442267 0042277 0042529 0442847 0242870 0042950 0243226 0043283 0243311 0243387 0043589 0043634 0344028 0044065 0044125 0444129 0044195 0044346 0044413 0344459 0244467 0444484 0244532 0044574 0044763 0244812 0244829 0344877 0045126 0045189 0045392 0045472 0045629 0045639 0245837 0045937 0246009 0046093 0046106 0046143 0046175 0246359 0046483 0246579 0046682 0046767 0446779 0446958 0247273 0047366 0247370 0047396 0047486 0247709 0047741 0047742 0047766 0247926 0048080 0448114 0048115 0048318 0048386 0048446 0248515 0048518 0048879 0048885 0448944 0249150 0049197 0049279 0249328 0049361 0049406 0249437 0249567 0049688 0049742 0449753 0049769 0249924 0249936 0049953 0450047 0050242 0050326 0050424 0050450 0050648 0250655 0250717 0050727 0250765 0250774 0050857 0051022 0051046 0351078 0251265 0051336 0051393 0051469 0351476 0051524 0051537 0051717 0051774 0351834 0251879 0351880 0251960 0052020 0052040 0252166 0052239 0052282 0252549 0252584 0052638 0052706 0252730 0252810 0052943 0052958 0053522 0053642 0053654 0053695 0053898 0053902 0054311 0354501 0054561 0254766 0054774 0254800 0454871 0054896 0254952 0055144 0055145 0055152 0055162 0055290 0455326 0255357 0055621 0056346 0256352 0056388 0056511 0056514 0056543 0456583 0256700 0056701 0057058 0257191 0057245 0057586 0057732 0057841 0257902 0358028 0258083 0058202 0058226 0058852 0058886 0058980 0059024 0259093 0059108 0059110 0259185 0059347 0059503 0059666 0059731 0359828 0059924 0059931 0059940 0060057 0260095 0060097 0060171 0260213 0060251 0060261 0060565 0060820 0260860 0060917 0461056 0061067 0061214 0061273 0061454 0061498 0061545 0061556 0061813 0061912 0062069 0062290 0062303 0062412 0462502 0062552 0062666 0062738 0062827 0062849 0062893 0363025 0063162 0263216 0063620 0063781 0263829 0264066 0064304 0064313 0064478 0264545 0064593 0064620 0064622 0064626 0064650 0064667 0064727 0064891 0064923 0064977 0065006 0065444 0365588 0065678 0065834 0065918 0066032 0066257 0066326 0066328 0266424 0466500 0366538 0066952 0267001 0267143 0067205 0067214 0067227 0067239 0267332 0067352 0067461 0267495 0067527 0067634 0067934 0268127 0268200 0068224 0068305 0068309 0268321 0068454 0068482 0068745 0268748 0068790 0068922 0068946 0069050 0369243 0069250 0069282 0369442 0069511 0069589 0269597 0069775 0269813 0369835 0069882 0069967 0269990 0070006 0370042 0070054 0070223 0370237 0070334 0270379 0070407 0070689 0070749 0270858 0070970 0371062 0071128 0271135 0071272 0071452 0071470 0071543 0071604 0071682 0071704 0072121 0072256 0072455 0072560 0372669 0072672 0072725 0072877 0072919 0272962 0073078 0373164 0273282 0073429 0073459 0073565 0273615 0073745 0073901 0373929 0074095 0274231 0074283 0074296 0074366 0074372 0074395 0274499 0274533 0074760 0074775 0074853 0074860 0074881 0275035 0075064 0275113 0075145 0475291 0075459 0075659 0075667 0075783 0075808 0075881 0075949 0275966 0275985 0076018 0076091 0076192 0076412 0076414 0276428 0076584 0076843 0276901 0077063 0077112 0077150 0077222 0277374 0377591 0077627 0077833 0378173 0078377 0078498 0078512 0078670 0078816 0078940 0078965 0078974 0079079 0079192 0379245 0079246 0079296 0079540 0079682 0079791 0079985 0080039 0080170 0080197 0080231 0080487 0080526 0080551 0080572 0080692 0080838 0080856 0080966 0381155 0081180 0081198 0281329 0081427 0081456 0081515 0081542 0081561 0281626 0081662 0081870 0081978 0082015 0082152 0382181 0082405 0282418 0082615 0082697 0082909 0082932 0082945 0083013 0083033 0083071 0083094 0083157 0083326 0083357 0083406 0083539 0083612 0083655 0083687 0083766 0083927 0284000 0284010 0084016 0084298 0084727 0084774 0084792 0084863 0084884 0085415 0085450 0285602 0085663 0285761 0085939 0285982 0086297 0286305 0086572 0086661 0286751 0086784 0287021 0087156 0087159 0287247 0087332 0087350 0087449 0287733 0087766 0087804 0087842 0087931 0087936 0087993 0088052 0088068 0088077 0288099 0088146 0288240 0288311 0088332 0088446 0088482 0088570 0088698 0088732 0088743 0088760 0288773 0088842 0088883 0089001 0089100 0089343 0089485 0089522 0089576 0089578 0089625 0389656 0089746 0089758 0089864 0389956 0290001 0090036 0090053 0090108 0090177 0090220 0090305 0290626 0090798 0490856 0090857 0090913 0090955 0090999 0091037 0091116 0091165 0391193 0091213 0091265 0091272 0091363 0291596 0291713 0091805 0091840 0091861 0091883 0091907 0391918 0091962 0092032 0092101 0092149 0092180 0092284 0292538 0092642 0092715 0092788 0092894 0092935 0093026 0093050 0093225 0093298 0093301 0093314 0093350 0093389 0093539 0093632 0093752 0093775 0093883 0293943 0093983 0094050 0294119 0094195 0094225 0094231 0094343 0094397 0094398 0094598 0094648 0094659 0094811 0094817 0095121 0095130 0095131 0095332 0095346 0295348 0095382 0095482 0095634 0095669 0295746 0095792 0095831 0095938 0295990 0096017 0096137 0096141 0096296 0096391 0096617 0296753 0096844 0096914 0097024 0297083 0097184 0097292 0097337 0097421 0297489 0097493 0297496 0097526 0097702 0297714 0097780 0097830 0097837 0097928 0098018 0098046 0098083 0298220 0098313 0098415 0098453 0098471 0098481 0098498 0298590 0098737 0098847 0099032 0099043 0099159 0099188 0099229 0099348 0099391 0099611 0099771 0299806 0099847 0099881 0099918 0299960 00100043 00100310 00100328 00100347 02100387 00100454 00100501 00100621 00100877 00101056 00101066 00101134 00101184 00101256 02101276 00101306 00101307 00101323 00101549 00101649 02101682 00101775 00101873 02101979 02101986 00102022 00102044 00102101 00102111 00102199 00102245 00102406 00102452 00102533 00102551 00102570 02102661 00102745 00102903 00103240 00103370 00103384 00103515 00103565 00103589 00103641 00103739 00103743 00103889 00104029 00104041 00104078 00104129 00104275 00104288 00104314 02104571 00104583 00104588 00104657 00104689 00104959 00105162 00105491 00105637 00105720 00105732 00105739 02105981 00105995 00105999 00106088 00106124 00106138 00106208 00106324 00106437 00106511 00106582 00106641 03106893 00106957 00106968 00107060 00107154 00107173 00107226 00107281 00107338 00107409 00107443 00107482 02107652 02107674 00107796 00107879 00107914 02108104 00108113 00108133 02108161 00108183 00108201 00108237 00108256 00108307 00108443 02108468 02108509 00108519 00108595 00108694 00108714 02108730 00108769 00108830 00108955 00109013 00109167 02109193 00109266 00109303 00109319 00109404 00109416 00109484 00109546 00109647 00109706 00109717 00109922 00109928 00110012 02110075 00110138 00110263 00110377 00110438 00110567 00110757 00110977 00111032 00111080 00111172 00111254 00111403 00111426 00111486 00111499 00111555 00111896 03111899 00111931 02111985 00112080 00112128 00112258 00112337 00112544 00112611 00112613 00112679 00112692 00112887 00112951 00112980 00113049 00113161 02113204 00113322 00113333 00113337 00113361 00113526 00113570
91620611 04128 00140 04168 04398 00848 001013 021056 021181 021226 001423 021447 031485 031636 001704 021907 011943 022382 022422 032747 032800 042814 003031 043167 033274 033302 043423 023473 033520 003592 033646 003745 033794 003823 043864 043868 033913 043920 044140 034272 024290 034437 004943 045196 005301 035543 025552 025732 046081 046149 006414 036704 006874 036918 027448 047477 027502 037508 007566 007591 037677 037700 037761 037818 047972 008099 038101 028158 028248 038559 029092 049449 009456 009528 039632 049656 029752 039922 0010107 0410384 0010396 0010430 0310531 0310559 0310976 0411090 0411408 0311525 0011561 0311593 0011607 0311666 0311918 0212412 0012645 0412683 0312734 0012837 0412958 0012996 0313365 0413424 0313537 0313572 0413834 0413841 0014044 0214056 0214400 0314535 0314751 0314990 0315044 0015053 0215368 0215388 0315766 0016144 0416374 0416466 0416491 0016648 0316741 0316868 0217045 0317552 0217619 0217680 0317763 0217973 0418043 0118283 0018398 0218460 0218471 0018718 0318940 0218982 0019353 0019904 0320395 0020467 0321332 0321335 0021430 0321719 0221777 0021866 0221921 0321968 0022085 0422652 0222674 0222804 0423128 0023159 0223245 0023655 0023714 0323981 0224438 0424465 0224549 0324554 0224614 0424726 0024749 0325096 0325290 0025339 0225594 0325704 0425739 0325812 0225921 0026098 0226452 0326600 0226601 0226669 0026772 0026965 0327079 0027158 0027366 0327418 0027833 0227884 0328270 0228365 0228481 0328554 0228563 0228629 0028703 0328813 0028958 0029125 0329203 0029352 0329451 0029495 0029588 0029713 0329766 0030044 0230264 0230296 0230734 0330922 0031053 0431294 0231301 0331542 0431728 0031836 0032141 0032233 0032279 0232368 0432897 0433150 0233304 0033348 0033469 0233493 0333649 0233818 0033883 0234658 0035197 0335392 0435455 0035563 0035564 0035627 0435668 0036157 0036193 0336390 0336533 0236659 0336741 0336812 0237004 0337006 0437298 0037341 0037359 0237556 0237716 0037779 0237938 0437990 0338355 0038552 0038645 0038734 0038953 0038999 0239032 0439108 0239297 0039400 0039452 0339496 0439523 0239653 0039790 0039807 0240007 0040050 0340086 0340129 0340212 0040452 0040456 0440476 0040682 0040862 0040924 0241159 0041408 0441882 0241900 0341926 0041935 0041983 0342124 0342137 0042141 0342466 0042559 0042688 0042724 0242877 0042911 0042924 0343017 0243117 0243169 0043176 0343216 0343522 0243629 0243695 0043698 0343762 0343847 0043897 0044043 0044100 0344402 0044707 0044736 0044776 0044811 0044992 0345009 0045222 0045607 0245638 0045761 0045843 0045868 0045904 0346030 0046119 0046121 0346408 0246465 0246555 0046637 0046644 0046914 0347036 0047066 0247081 0247112 0247226 0247368 0047377 0047667 0247776 0348039 0248493 0348500 0248549 0048639 0348772 0249086 0349128 0249165 0049305 0049340 0049372 0050150 0250244 0050432 0350643 0050856 0350893 0250973 0351076 0251120 0051127 0451197 0251391 0351466 0051845 0052226 0052284 0352378 0052480 0252632 0352732 0452779 0052904 0052994 0353044 0053701 0053750 0253833 0253882 0053892 0454151 0054273 0354274 0254519 0054716 0054840 0254857 0254981 0055082 0255117 0055148 0055168 0055557 0355566 0055732 0355832 0055864 0056135 0056170 0056364 0056499 0356673 0056744 0256897 0056905 0257026 0257087 0057136 0257291 0357312 0057315 0057401 0057698 0057873 0257916 0358298 0058610 0058678 0058687 0058716 0058840 0258929 0058961 0059019 0059211 0059227 0359253 0059329 0059411 0059522 0059620 0059844 0059936 0059999 0060014 0060023 0060049 0060209 0060602 0260783 0260883 0061085 0061130 0061329 0061406 0361413 0061537 0061832 0061989 0262018 0062020 0362136 0262142 0062438 0462446 0062549 0062590 0062630 0062896 0063080 0063224 0063247 0063600 0063619 0063669 0063776 0363862 0363869 0064118 0064174 0364213 0064384 0264480 0364508 0464523 0064539 0064542 0364889 0465119 0265340 0065357 0265363 0065696 0365708 0065748 0065961 0266237 0066713 0266798 0066803 0066889 0067468 0267480 0067511 0367814 0067816 0267818 0068675 0068699 0369010 0369033 0069171 0069357 0069678 0069709 0369730 0369861 0070331 0270608 0070652 0070812 0070849 0271525 0271537 0071605 0071976 0072020 0072073 0072235 0372271 0372650 0072766 0272812 0072831 0072844 0072875 0373084 0073172 0073211 0273325 0073329 0373379 0073521 0073524 0073722 0273758 0273939 0373998 0074061 0074823 0074969 0275006 0275680 0075715 0075738 0375755 0075771 0075780 0276108 0076275 0077144 0077304 0377350 0277673 0077822 0078018 0078022 0078112 0078333 0378362 0378404 0078585 0078607 0278652 0378757 0078878 0079024 0279240 0079336 0079651 0279757 0079874 0080010 0080268 0080383 0080493 0080532 0080570 0280652 0080688 0380865 0080887 0081210 0081234 0281354 0081391 0381497 0081804 0082227 0082295 0082390 0082582 0382757 0382762 0282764 0082845 0082882 0082912 0082931 0083341 0383519 0083750 0083775 0383823 0084022 0084120 0084132 0084152 0284208 0084338 0084457 0284478 0084512 0084561 0084593 0084627 0084702 0084806 0084816 0084862 0085169 0085206 0085251 0085714 0085828 0085961 0286064 0086159 0086178 0286201 0086327 0086384 0086433 0086721 0087058 0087089 0387377 0087399 0087744 0087902 0087929 0088144 0088583 0088602 0088733 0088887 0388904 0088951 0290156 0390302 0290559 0090632 0090645 0090653 0290707 0090825 0090826 0090831 0090832 0390866 0090973 0091118 0091182 0091320 0291357 0091628 0091914 0292117 0292162 0092194 0292216 0092254 0092291 0092318 0092384 0092956 0093007 0093175 0093215 0093221 0093277 0093339 0093480 0293621 0093890 0094149 0094497 0094556 0094567 0094649 0394651 0094690 0094850 0094864 0295019 0095024 0295036 0095151 0095513 0095677 0095697 0295719 0095855 0095916 0095970 0096066 0096103 0096190 0396305 0096508 0096576 0096793 0296884 0296971 0096972 0097225 0397347 0097595 0097703 0397737 0297897 0097961 0098215 0098470 0098484 0098550 0398655 0098688 0098779 0098789 0098928 0099088 0099180 0099585 0099650 0099693 00100162 00100295 00100343 00100348 02100962 00101080 00101121 02101558 00101710 00101776 02101991 00102121 00102278 02102326 00102433 03102438 00102459 00102719 03102849 03102920 00103087 00103201 00103243 00103586 00103838 00103955 00104059 03104235 00104432 00104473 00104586 00104870 00104900 00104944 00105075 02105092 00105170 00105864 00105891 00105911 00105942 02105979 00106060 00106381 00106621 00106774 02106978 02107204 00107218 00107254 00107385 00107391 00107399 00107414 00107515 00107523 00107680 00107720 00107730 00108392 03108396 00108492 00108735 00108826 00108888 00109095 00109243 00109286 00109331 00109505 00109578 03109724 00109806 00109807 00109877 00109880 00109952 00110053 00110153 00110183 02110206 00110414 00110717 00110782 00110899 00111049 00111073 00111187 00111771 02111924 00112067 00112139 00112151 00112192 03112280 03112447 00112487 00112515 02112530 00112638 00112719 00112992 03113046 00113067 00113093 00113224 00113241 03113296
91620621 0052 0480 03158 04236 04426 00494 02524 03792 04919 03960 031068 031406 021476 041495 021923 041934 042075 022205 032223 042545 032546 032553 032740 022848 002924 002967 003188 033231 033453 013509 043578 033626 033716 043789 044681 044710 004838 024871 044952 014968 005007 045470 005534 045884 045942 046010 036429 006491 006578 006615 006804 046825 006851 026870 006995 037024 037188 037320 037380 047389 047396 047439 047450 047464 047570 047831 048178 028291 038326 028378 038424 008693 048809 048866 038990 009161 009258 039574 049625 039766 049789 049945 0310037 0410093 0210125 0010373 0310397 0210425 0210519 0210557 0010603 0410685 0410789 0311180 0311273 0311907 0312102 0312145 0212189 0412191 0412252 0412373 0412388 0312632 0212886 0013372 0213436 0313455 0213657 0014128 0414154 0414439 0214573 0214579 0214713 0414744 0214833 0414835 0315080 0315110 0215133 0015218 0315285 0015545 0315667 0215744 0015793 0415817 0015863 0315897 0016030 0316288 0216303 0416703 0216830 0416843 0416992 0417070 0417386 0417741 0417843 0217915 0017945 0418078 0018226 0018585 0319052 0019110 0419155 0219432 0419456 0419495 0219551 0219702 0319709 0419979 0020033 0320061 0020071 0320095 0320103 0420173 0320326 0020375 0220532 0220542 0020788 0420982 0321003 0421123 0221295 0021485 0421515 0421534 0421569 0021836 0321873 0022033 0022129 0322406 0022693 0322749 0423107 0423130 0323279 0023326 0223443 0323662 0023729 0223893 0023911 0324043 0024058 0024162 0224210 0024622 0024731 0024743 0224864 0324886 0324888 0324891 0325024 0025058 0425149 0225176 0325321 0025438 0025500 0326031 0226073 0026222 0326389 0326410 0326700 0426825 0026864 0227083 0327135 0027171 0227288 0027569 0327582 0027615 0027699 0228121 0328192 0328320 0028425 0328439 0228571 0028753 0428816 0328913 0329087 0429156 0029262 0429307 0429413 0329901 0330053 0430066 0330278 0330437 0230855 0030927 0030985 0030996 0031136 0431137 0331410 0031414 0231511 0031789 0331831 0332031 0032116 0032143 0032209 0332294 0432391 0232616 0032645 0432901 0032902 0232911 0032938 0432991 0233287 0033542 0433575 0333629 0033638 0333685 0333737 0333884 0033923 0333978 0334317 0034521 0034522 0034917 0235056 0035339 0235396 0435811 0335971 0435988 0236165 0036178 0036334 0036492 0036562 0036570 0036607 0336617 0336723 0336918 0336997 0037085 0037352 0037396 0237459 0237731 0237734 0237842 0237882 0437911 0037968 0338032 0238346 0038573 0338617 0038712 0339115 0239138 0239230 0439727 0339858 0239903 0039927 0040183 0040288 0240336 0040493 0340540 0040561 0240793 0040858 0341120 0341134 0241187 0041260 0041519 0441532 0241577 0041724 0241810 0041952 0042002 0242196 0042213 0242222 0342233 0042419 0042438 0042583 0343101 0243145 0243239 0043323 0043441 0243501 0043537 0243594 0043660 0043916 0044097 0244194 0044201 0044298 0344713 0044893 0244981 0245018 0245053 0445146 0045270 0445300 0045454 0045531 0345614 0045641 0045648 0245727 0045807 0346085 0046087 0246539 0046540 0046655 0346716 0046899 0247004 0047148 0047167 0247469 0247520 0247522 0047827 0348597 0048647 0048674 0248744 0048751 0049070 0049297 0049339 0049481 0049497 0349595 0049611 0349691 0050008 0050105 0050229 0250903 0350917 0050953 0350998 0051240 0051275 0051343 0051388 0251514 0251649 0051665 0351714 0052157 0052242 0252274 0052389 0252531 0052633 0052685 0352707 0353146 0053305 0453317 0253334 0053450 0253461 0053595 0353650 0253705 0053812 0053925 0354111 0054146 0354272 0354297 0454469 0054870 0254926 0254988 0455021 0255090 0055138 0055309 0055509 0355852 0055936 0055957 0055963 0256182 0056762 0356765 0356813 0056828 0256909 0256941 0357306 0357375 0257536 0057926 0258147 0358322 0058377 0058451 0058887 0058996 0059387 0059417 0359459 0059483 0359597 0059812 0059882 0360058 0360074 0060169 0060245 0060445 0060599 0060604 0360859 0461063 0361303 0361312 0361323 0461363 0061491 0061584 0361734 0461895 0061966 0362045 0062388 0062408 0062441 0062463 0062579 0062597 0362624 0062919 0063048 0263105 0063148 0363167 0063204 0063845 0463886 0364036 0064064 0064216 0064408 0064450 0364451 0064635 0264643 0064725 0065058 0065215 0065257 0065313 0065387 0265478 0065521 0365558 0065894 0266071 0266153 0066234 0366279 0066822 0066905 0066967 0067230 0367334 0067335 0067374 0067445 0067501 0067683 0367908 0267927 0268043 0068351 0268765 0368843 0368849 0368986 0269054 0069114 0069148 0069241 0069257 0369284 0369368 0369527 0369965 0370002 0070325 0270409 0070410 0370580 0070669 0270676 0070805 0270884 0270919 0271125 0071337 0271557 0071579 0071902 0072248 0072279 0072292 0372568 0072696 0272929 0273031 0073290 0073299 0073356 0073523 0073537 0073605 0373617 0073820 0073934 0373947 0074002 0374066 0074397 0274421 0074442 0274486 0074550 0475018 0275059 0375092 0275226 0075614 0075634 0075642 0075690 0075794 0075816 0075855 0075998 0076306 0376521 0076565 0276684 0277292 0077357 0377360 0077382 0077401 0377546 0077792 0377890 0077953 0078125 0078249 0078306 0078397 0378427 0078516 0078544 0278590 0378641 0078949 0279097 0079232 0079418 0079473 0079657 0279893 0080314 0280329 0080334 0080600 0280735 0081224 0081258 0281864 0081874 0382400 0282499 0082525 0282639 0082665 0083073 0083114 0083335 0383463 0083544 0083781 0083914 0383933 0084104 0084198 0084228 0084446 0084514 0084611 0084722 0084889 0084970 0084974 0085011 0085095 0085097 0085189 0085191 0085292 0085480 0085552 0085691 0086083 0086367 0286368 0386647 0286712 0086914 0086960 0086983 0287041 0087120 0087464 0087520 0087597 0087627 0087633 0287907 0088121 0088494 0088513 0088741 0088910 0389135 0289230 0089250 0089340 0489732 0089858 0089874 0290022 0090040 0090076 0490146 0090214 0090592 0290794 0090840 0090881 0390911 0291094 0091201 0091486 0292095 0092177 0092287 0092328 0392346 0392509 0092546 0392687 0092873 0092944 0092992 0093248 0093432 0093588 0093743 0093978 0094062 0094087 0094194 0094333 0094695 0095189 0095294 0095406 0095502 0295504 0095517 0095615 0095788 0095818 0095926 0096437 0396539 0096548 0096582 0096708 0396716 0096816 0097044 0097098 0297227 0397286 0097478 0097494 0097683 0097929 0097991 0097992 0098291 0098439 0098463 0098524 0098663 0098772 0098786 0098900 0099042 0099051 0099136 0099146 0099165 0099182 0099324 0099345 0099396 0099698 0099740 0099817 0099877 00100004 00100086 00100105 00100318 00100429 00100439 00100715 00100740 00100786 02100829 00100873 02101341 02101565 00101660 00101667 00101685 00101746 00101801 00101939 00101951 00102108 02102280 03102510 00102523 00102703 00102707 00102722 00102917 00102952 00103123 00103225 00103622 03103719 00103747 00103782 02103860 03104052 00104208 00104256 00104523 00104580 00104684 00104762 00104788 02104801 00104853 00104903 00105019 02105090 00105159 02105167 00105219 00105269 00105288 00105308 00105309 00105388 02105401 02105585 00105777 00105814 02105901 00106090 00106121 00106479 02106525 00106530 00106535 00106658 00106801 00106970 00107129 00107165 00107211 00107228 00107308 00107511 00107571 00107676 00107781 00107892 00107987 00107999 00108055 00108062 00108068 00108395 00108412 02108722 00108760 00108778 00109066 00109291 00109384 00109508 02109621 02109672 00109673 00110000 00110066 00110159 00110185 00110387 00110563 00110662 02110674 00110730 00110828 00111116 00111252 00111258 00111310 00111374 00111392 00111552 00111625 00111631 02111672 00111802 00111871 00112061 00112237 00112253 00112706 00112777 03112854 00113106 00113129 02113334 00113540
91620631 04275 03593 04780 03850 03900 04908 041164 041187 041209 011331 031449 031510 041679 021681 041705 021780 041859 032378 022582 032663 023000 003142 023207 043404 023433 043474 043590 033772 033889 043912 043928 043941 044002 044090 044238 034530 034669 024717 044833 044886 035012 025153 045468 045875 045896 046056 006102 026219 046363 036450 046831 047266 027271 037330 027394 047732 047777 037786 037826 047944 038236 038250 038279 038309 048467 048561 048564 028646 049436 029607 039639 009661 049773 039811 0210119 0410773 0210825 0410948 0211496 0311549 0311645 0411660 0411719 0311912 0312205 0312302 0412323 0212497 0412810 0012813 0312967 0413003 0313170 0313240 0013332 0213419 0013442 0013515 0313569 0413587 0213869 0413977 0214136 0214463 0314784 0314790 0215039 0415501 0315602 0415640 0215668 0015944 0416009 0216835 0216879 0217060 0017283 0417286 0317331 0317466 0317570 0417975 0418228 0218445 0318492 0019156 0219453 0019457 0019470 0419563 0419772 0319901 0319921 0419969 0220264 0320707 0220836 0320837 0320860 0420897 0321260 0321320 0421368 0321378 0321437 0321452 0421471 0321724 0221731 0321779 0221871 0422158 0222376 0322404 0222495 0422503 0322645 0222719 0423170 0323381 0223415 0423596 0223685 0324042 0124076 0424217 0424346 0024478 0324483 0424509 0324631 0024673 0324800 0024870 0325015 0225134 0425370 0325444 0025529 0425604 0225843 0325883 0325914 0326085 0226476 0326603 0426847 0026992 0227068 0427165 0327291 0227463 0427475 0327531 0427864 0427873 0028271 0428849 0328922 0228963 0329024 0029141 0429253 0229294 0329304 0429900 0030037 0030286 0430319 0430435 0030800 0231652 0231875 0332098 0332198 0332268 0332296 0032462 0232497 0432516 0332527 0332543 0332781 0432816 0432852 0232958 0233005 0433022 0233057 0233885 0433886 0334087 0334136 0234283 0034396 0334444 0234447 0334569 0034725 0435188 0435324 0235416 0335422 0335511 0235552 0335604 0435867 0335868 0336172 0236419 0436539 0036632 0436917 0437112 0037609 0438002 0338546 0238628 0038643 0038703 0438965 0338988 0039448 0239490 0239827 0239849 0339892 0439935 0440016 0340080 0240231 0240563 0340582 0240661 0040706 0340997 0241133 0041217 0341551 0041603 0441617 0441841 0341933 0242102 0042519 0242874 0043100 0243173 0243576 0343582 0443607 0243641 0343845 0343852 0244150 0444294 0244826 0345175 0345188 0045749 0346005 0246758 0446897 0047125 0247512 0047800 0447990 0248330 0348380 0248465 0448467 0248584 0348747 0348860 0348915 0348923 0248925 0249037 0049119 0049140 0349444 0049815 0349899 0050320 0350387 0050525 0250927 0250929 0251033 0251169 0251472 0251600 0251858 0252414 0252435 0352459 0352466 0252499 0452540 0252669 0252891 0053024 0353091 0053243 0453323 0053342 0353389 0253504 0353523 0053603 0253611 0353786 0353804 0254556 0254569 0354642 0254665 0254721 0355161 0055222 0055352 0055355 0355442 0355794 0355929 0356298 0356387 0256598 0356871 0057170 0357410 0357582 0258024 0058256 0358684 0058976 0359039 0059080 0059255 0259364 0359523 0259745 0060085 0260153 0260265 0060463 0360538 0260719 0260743 0461011 0061308 0361662 0061729 0061932 0262466 0062561 0062797 0362962 0062979 0263005 0063076 0063269 0263283 0063602 0463868 0063978 0064110 0364135 0064269 0264282 0464325 0064463 0064592 0364829 0264834 0365192 0065867 0366175 0066368 0266782 0066825 0267082 0267179 0267233 0267673 0067888 0367907 0067919 0267957 0368710 0268941 0068970 0369093 0369680 0069788 0369942 0470073 0070193 0270281 0270740 0471594 0271624 0071823 0371949 0072590 0272890 0072976 0273018 0073124 0073158 0273186 0073559 0373573 0274028 0374160 0274522 0274544 0074836 0375164 0075518 0475796 0275800 0375839 0276096 0076175 0276222 0276225 0376245 0376273 0076699 0076807 0277115 0277208 0377882 0278511 0378691 0278914 0279071 0279186 0079410 0279569 0279618 0079694 0079850 0080043 0080198 0080450 0380510 0380571 0381097 0081533 0381568 0081705 0081841 0081940 0382226 0382361 0082572 0082576 0382714 0082719 0082735 0382946 0282979 0083183 0383282 0283754 0084057 0384161 0384415 0084594 0085179 0085351 0085535 0285777 0386153 0086183 0386340 0286680 0086699 0086797 0286865 0286997 0087157 0087213 0087573 0087691 0088405 0288548 0388553 0288916 0089132 0089137 0389274 0389283 0289373 0090077 0290869 0290957 0091278 0091626 0091873 0291953 0292510 0092985 0093010 0293144 0293614 0093702 0393704 0094166 0094219 0294354 0294448 0094501 0295756 0095980 0096450 0296526 0297462 0098116 0299028 0399171 00100883 02100934 03101057 00101178 00101642 02101867 02101904 00102205 02102723 02102772 00102776 00102830 00102933 00102967 03103395 00103941 00103969 00104276 02104514 02104831 00105348 02105435 00105438 03105571 00105767 03105863 02106303 00106616 00106659 00106902 02107103 00107703 02108242 03108255 00108506 00108609 03109562 02109570 00110114 02110800 02111300 00111432 00111616 00112324 00112852 00113109 03113272 00113285 03113448
91620641 04138 04151 02226 00235 02252 04253 02265 00287 00291 02436 00705 00914 03986 001057 021060 001074 041118 041344 001468 041512 041526 041688 021776 031926 022025 042212 002328 042329 042367 042420 042470 002563 042564 002601 042617 022675 032719 022897 042911 023061 023175 023184 033289 033292 023402 043442 023572 003678 003711 003776 033806 003884 043908 003996 004093 044195 034361 044363 044381 004390 024410 004562 034595 004629 034641 044701 004784 004835 004865 004868 004946 005032 005051 045077 035093 005112 025161 035401 005476 005485 035622 035666 045763 035926 035957 036586 046648 036652 036658 026754 036777 006817 026891 006922 007007 007047 037110 037113 027167 037245 007449 007773 007845 028075 008137 008141 008212 028220 048287 048325 008425 028445 008504 008575 038651 038700 029008 049105 009151 009393 029440 039594 009797 0010061 0410133 0210154 0310210 0210263 0410326 0410332 0210442 0410541 0410602 0210622 0310765 0210774 0410943 0210963 0311044 0311084 0411101 0311228 0211233 0011331 0011335 0211375 0411449 0311450 0011476 0011604 0011626 0011745 0411811 0411850 0011995 0012000 0412039 0012056 0012091 0412150 0312220 0412225 0012365 0312396 0012456 0312591 0412798 0312946 0312986 0013076 0413143 0013156 0213164 0013175 0213341 0313408 0413525 0013533 0413577 0413602 0213635 0313701 0413800 0313812 0013850 0413852 0414237 0014273 0214279 0314336 0014388 0314443 0014447 0314480 0014597 0414619 0214679 0014816 0314952 0015226 0415311 0315346 0215362 0215472 0015492 0015580 0315589 0415592 0315695 0115706 0315746 0216122 0216168 0416203 0316275 0016290 0416390 0316482 0316646 0216935 0316980 0017100 0317157 0217177 0017218 0317220 0017236 0417360 0017385 0017413 0417461 0017464 0017536 0017553 0317591 0317690 0017721 0417859 0017967 0018170 0018174 0218310 0418451 0418621 0018696 0318698 0018709 0218913 0318930 0418978 0219021 0419053 0219065 0419108 0019121 0019140 0319201 0219210 0319220 0219322 0019326 0219431 0019546 0319555 0019688 0019712 0419743 0419983 0320130 0320201 0220224 0020415 0020431 0220526 0020541 0420574 0320588 0420629 0420714 0320889 0320908 0420957 0221095 0021422 0321475 0021504 0421581 0321653 0221666 0221715 0421790 0221835 0321908 0222008 0222134 0022135 0022233 0222284 0022324 0422371 0222509 0022625 0322807 0022900 0223161 0423418 0223634 0423718 0023726 0323803 0223849 0023866 0423869 0024024 0024026 0024101 0424262 0324271 0024272 0024291 0024293 0424310 0024591 0424781 0124787 0324809 0024822 0224858 0024918 0024953 0025048 0025086 0325144 0025276 0025333 0425393 0025516 0025593 0025890 0025901 0025984 0026089 0026104 0026183 0026194 0326235 0326368 0026401 0026412 0326517 0326623 0226651 0026679 0226739 0026763 0326796 0326848 0326854 0326872 0326961 0326979 0027047 0327173 0327187 0427201 0427311 0427336 0027375 0027537 0227614 0027634 0027661 0427686 0327845 0427857 0227882 0028002 0328032 0028048 0028225 0428234 0428257 0028260 0028503 0228575 0228636 0028728 0328751 0329099 0029127 0029200 0229372 0029431 0029657 0129661 0429693 0429812 0029833 0029987 0030102 0030148 0430239 0030249 0030305 0030511 0430532 0230640 0230846 0330938 0030990 0031022 0231127 0331589 0231635 0031649 0231691 0331741 0031774 0031832 0031886 0431919 0431924 0031976 0231996 0032014 0332059 0032145 0432164 0332449 0032455 0032650 0032674 0332742 0332794 0232840 0032910 0232914 0033004 0433033 0233197 0333319 0333377 0233512 0433564 0333704 0033710 0033754 0233871 0033879 0333924 0434264 0034271 0034386 0234405 0234516 0234864 0034918 0334984 0335133 0035185 0435275 0435300 0035319 0035336 0335353 0035490 0035501 0435506 0335648 0235655 0035678 0335694 0235872 0335873 0235969 0036004 0236036 0036057 0236103 0036368 0236552 0036597 0036637 0036687 0036703 0236708 0336773 0436779 0036869 0036882 0037019 0237050 0037138 0237143 0337238 0037275 0037432 0237437 0037525 0037563 0037596 0237604 0437631 0037646 0037698 0337724 0237972 0037975 0338088 0038225 0038282 0338331 0038357 0238393 0038397 0438467 0238493 0338527 0038538 0238631 0038650 0338693 0038752 0038982 0039011 0439034 0039070 0239238 0339350 0039378 0039419 0039571 0039668 0339672 0039695 0239712 0439801 0239835 0339881 0239967 0040008 0240064 0040066 0240105 0340141 0340153 0040395 0340441 0040559 0040606 0040620 0040762 0241008 0241079 0041238 0241282 0041288 0241471 0041563 0041634 0041875 0341886 0241895 0241948 0441961 0441965 0042184 0042197 0342271 0042367 0042371 0042423 0042426 0042431 0042491 0042511 0042535 0242550 0042626 0042646 0042657 0042705 0042751 0042759 0242796 0042817 0342863 0042954 0043182 0243461 0243659 0043761 0043818 0243840 0043859 0043895 0444121 0244222 0044243 0444290 0444317 0044603 0245014 0045110 0045258 0245329 0045355 0045385 0445407 0245617 0045626 0245647 0045682 0345701 0445752 0245783 0245947 0245960 0245990 0246086 0446115 0046134 0446138 0046185 0246332 0046345 0046373 0046632 0046733 0046957 0047076 0047131 0247285 0047433 0347461 0247589 0047762 0347828 0047899 0047935 0347964 0048034 0048046 0348168 0448260 0048365 0248481 0048516 0048574 0348582 0448609 0048670 0048818 0348832 0049116 0049186 0249376 0249383 0049439 0049594 0249623 0049652 0049711 0049765 0249782 0050065 0050134 0050154 0050158 0250192 0050212 0050245 0050248 0050567 0250606 0050637 0250731 0050868 0050875 0050908 0050921 0051028 0051312 0051329 0351445 0051553 0051577 0251624 0251635 0051641 0051683 0051700 0451806 0051842 0352008 0052072 0252173 0052190 0352247 0052355 0352376 0052402 0052410 0052532 0352547 0252866 0352946 0053118 0253140 0053339 0053374 0053539 0353749 0053774 0254002 0054157 0054377 0054438 0054606 0354625 0254677 0054679 0054686 0354760 0354763 0054852 0254879 0055106 0055113 0255182 0255199 0255202 0055307 0055392 0055516 0055569 0055573 0055577 0355736 0255818 0055913 0056220 0056279 0056280 0256323 0056678 0256874 0056907 0056936 0057055 0057179 0257211 0257243 0057258 0057316 0057432 0057451 0257473 0057509 0457675 0057716 0057727 0057741 0057803 0057805 0457821 0057966 0058251 0058296 0358499 0258572 0258626 0058646 0058648 0058657 0258745 0058751 0058769 0458813 0458818 0058964 0059043 0059177 0459284 0059311 0359410 0059497 0059499 0259549 0059738 0359761 0259905 0060017 0260135 0260550 0060616 0060681 0060710 0060773 0060845 0260988 0261041 0061055 0261141 0061196 0061328 0361399 0061445 0061494 0361591 0261683 0061778 0061867 0261929 0062005 0462008 0062034 0362068 0062113 0262186 0062310 0262419 0062550 0262642 0062707 0062817 0062916 0263011 0063035 0063327 0263339 0463344 0063459 0263605 0263775 0063924 0063928 0063944 0363950 0063985 0064001 0064083 0064271 0364320 0064473 0064479 0464591 0264679 0064753 0064787 0064813 0064875 0065072 0265155 0265198 0065241 0065265 0065489 0465550 0265552 0365577 0065596 0265679 0065769 0265772 0065822 0265893 0065943 0366001 0066070 0066167 0066244 0066562 0366802 0266841 0067132 0067167 0067198 0067259 0067272 0067287 0267307 0067371 0067482 0067484 0367497 0067500 0067558 0267637 0067658 0067705 0067925 0068212 0068304 0068412 0068483 0068524 0068707 0068763 0068774 0068793 0268855 0068872 0068908 0269062 0069133 0069275 0069445 0369624 0069755 0069761 0069796 0269868 0069949 0370061 0070070 0070090 0070211 0070351 0070352 0270412 0270484 0270495 0270524 0070536 0070782 0271089 0071097 0471193 0071209 0271332 0071387 0071492 0271528 0071531 0071551 0071582 0071606 0071666 0071690 0071698 0271887 0071923 0071931 0072122 0072190 0072262 0072343 0372462 0072600 0072617 0072743 0272780 0072912 0073142 0073190 0073198 0073234 0073273 0073309 0073422 0073548 0373561 0273700 0073729 0073784 0073833 0273843 0073891 0073930 0373931 0073990 0073997 0074123 0074127 0074131 0074153 0474267 0074428 0074565 0274576 0274609 0074660 0074716 0274838 0074938 0075031 0075083 0475128 0075158 0375159 0075215 0075303 0075311 0275333 0075358 0075398 0075433 0075541 0075607 0075790 0075912 0075926 0075940 0075957 0075973 0075992 0276053 0076154 0076195 0076366 0076369 0076377 0076527 0276661 0076662 0076703 0076747 0276783 0076785 0076960 0076981 0277016 0077194 0077206 0077315 0277390 0077446 0077474 0077607 0077615 0077662 0077696 0277738 0077796 0077851 0078103 0078178 0378193 0078239 0078253 0078299 0078346 0078351 0078393 0078422 0378455 0078589 0278601 0078603 0278615 0078622 0478663 0078676 0078910 0078917 0078980 0079004 0279180 0079194 0079258 0079485 0079591 0379709 0079751 0279755 0279830 0379955 0279970 0279978 0080029 0080062 0080162 0380244 0080258 0080271 0080304 0080325 0080340 0380504 0080613 0080868 0080918 0080924 0080963 0081048 0081063 0081081 0081316 0081339 0081347 0081376 0081381 0081486 0081512 0081536 0081553 0081642 0381720 0281754 0081790 0081816 0081920 0082035 0282110 0082177 0082187 0082240 0082242 0082357 0082383 0082404 0082427 0282564 0082580 0082609 0382677 0082766 0082896 0082920 0382983 0082992 0083002 0283117 0083161 0083173 0283174 0083251 0083381 0083412 0383443 0283553 0083814 0083884 0084017 0084103 0284107 0084174 0284267 0084365 0084476 0084521 0284554 0084659 0284715 0084729 0084831 0084931 0084954 0084991 0085113 0085132 0085172 0085190 0085201 0085257 0085332 0285342 0085374 0085417 0085431 0285519 0385561 0285913 0085946 0085998 0086037 0086039 0086146 0086236 0086240 0086342 0086365 0086394 0086440 0086568 0086615 0086651 0086774 0086894 0086970 0086988 0087016 0087279 0087488 0087620 0287754 0087776 0087844 0088008 0088140 0088183 0088207 0088227 0088351 0088429 0088520 0088558 0088575 0088672 0088708 0288739 0088755 0088790 0088793 0088810 0288987 0089022 0089027 0089038 0089050 0089171 0089204 0289306 0089389 0089494 0089523 0289581 0089649 0089666 0089680 0089745 0089790 0389793 0089841 0089857 0089866 0089869 0289957 0089960 0089989 0090078 0090162 0090170 0090245 0090325 0090440 0090458 0090579 0090620 0090683 0090756 0090808 0090842 0091033 0091100 0291183 0091243 0291249 0091263 0091341 0091371 0091392 0091447 0291514 0291535 0091729 0091736 0091784 0291878 0291903 0091975 0092246 0092272 0092306 0092385 0092456 0392470 0092489 0392501 0092564 0092609 0392667 0092761 0092822 0092848 0292883 0092896 0092904 0092943 0092969 0093070 0093102 0093147 0093288 0393542 0093563 0093619 0093631 0093633 0093706 0093764 0093924 0094028 0394163 0094217 0094318 0094329 0094347 0094408 0094418 0394524 0294534 0094629 0094688 0294766 0094772 0094822 0394843 0294862 0094956 0095122 0095140 0295211 0095216 0095226 0095262 0095275 0095310 0095337 0095369 0095462 0095487 0095511 0095700 0095801 0095863 0295917 0496049 0296159 0096161 0096210 0096381 0096411 0096414 0096510 0096518 0096578 0096633 0096676 0096973 0097123 0097323 0097360 0397387 0097444 0097451 0097564 0097611 0397639 0097708 0097749 0097754 0297795 0397989 0098097 0098101 0098153 0098172 0098276 0398282 0098395 0298646 0098699 0098872 0298905 0098964 0098973 0099071 0099151 0099162 0099217 0299408 0099510 0399553 0099608 0299620 0099646 0099652 0099654 0099665 0099832 0099916 0299948 0099971 00100110 00100330 03100334 00100379 00100406 00100413 02100428 00100466 02100491 03100555 00100607 00100648 00100681 00100703 00100730 02100761 00100795 00100904 00100932 03100981 00101009 00101053 00101096 00101213 02101274 00101393 00101666 00101679 00101766 00101805 00101806 00101885 00101917 00102007 00102010 00102014 00102040 00102052 00102087 00102170 00102308 00102372 00102546 00102566 02102630 00102660 00102700 02102706 00102787 00103100 00103129 03103155 00103219 02103332 00103356 00103360 00103470 00103496 00103523 00103571 00103660 00103680 00103738 00103977 00103992 02104044 02104180 00104205 00104215 00104253 02104257 00104478 00104706 00104782 00104795 02104884 00104898 03104950 00105018 03105030 00105111 00105140 00105353 00105548 00105610 00105650 00105763 00105982 00106094 03106107 00106166 00106172 02106236 00106251 00106319 00106369 00106404 00106436 00106459 00106585 00106669 02106688 00106743 00106819 00106909 03106930 00107003 00107062 00107276 00107343 00107381 00107453 00107486 00107641 00107845 00107889 03107944 00107988 00108043 00108175 00108361 00108475 00108514 00108569 00108755 03108843 00108845 03108871 00108932 00108969 00108982 00109053 00109079 02109219 02109239 00109274 00109279 00109358 03109379 00109496 00109511 02109525 00109555 00109681 02109685 03109743 00109769 00109953 00110038 03110150 00110191 00110201 00110247 00110283 00110362 00110483 00110510 03110603 00110636 00110726 00110901 00110930 00110968 00110985 00111054 00111128 00111248 00111255 00111322 02111334 00111405 00111524 00111550 00111612 00111630 00111652 00111654 00111796 00111832 00111859 00111933 00111995 00112017 02112222 00112268 00112288 00112319 00112365 00112398 02112416 00112470 00112509 00112559 00112585 00112604 00112633 00112727 00112744 00112760 00112809 00112891 00112993 00112998 00113250 00113358 00113364 00113424 00113451 00113475
91620651 0547 04157 04280 00372 02790 04800 00892 041077 031138 041219 041311 031362 031393 031409 041411 011471 031513 041599 001718 031786 021817 041844 042015 032076 042114 032134 042139 042303 002383 042388 042433 002454 032504 022515 042686 042914 043006 003100 033250 023266 023397 003518 043707 003792 003855 023940 044020 044296 044356 024422 044464 004472 034510 024523 024683 034724 044777 024837 034973 045103 005264 045318 025358 005371 045410 025582 035647 045648 045724 035753 035758 005842 005956 036055 036076 046099 036195 006200 046299 026352 046360 046749 006767 036843 046905 026977 027063 047087 027108 007147 047170 007269 027520 047798 047835 037927 047934 008215 008221 008665 048776 048805 038880 039022 049070 049266 009335 039392 029507 029520 009542 029640 029658 049712 029724 039844 009851 049865 049871 0410023 0410045 0310144 0310274 0210514 0010582 0210797 0110840 0311024 0411280 0411345 0411414 0011649 0011711 0211744 0011853 0211859 0011870 0011873 0211921 0412036 0012090 0012181 0012227 0412243 0412246 0012352 0412420 0212429 0312506 0312615 0012634 0213008 0013128 0013146 0413176 0413221 0213363 0213388 0213495 0313535 0013567 0413568 0313631 0213958 0213962 0414001 0014051 0014155 0014257 0014711 0014800 0314893 0015050 0015106 0315115 0415196 0315300 0215502 0415954 0416152 0416240 0016373 0416393 0316442 0016455 0416615 0216647 0016660 0416699 0016775 0316780 0416789 0416867 0216965 0417013 0017124 0217256 0017280 0017460 0417498 0017508 0417758 0217793 0218206 0418247 0318302 0218327 0418328 0418333 0418335 0418357 0018478 0218501 0018624 0218665 0318748 0319015 0219119 0419256 0019356 0019404 0019520 0019600 0219748 0419826 0319845 0019965 0019972 0419990 0419992 0020122 0220216 0420245 0420288 0020441 0220471 0420480 0320604 0020607 0420615 0420635 0420651 0020663 0420702 0420732 0220854 0320914 0421109 0321174 0221267 0021298 0421384 0221404 0021676 0421677 0021885 0421998 0222066 0022078 0422145 0222365 0422444 0222558 0222812 0222939 0023063 0223207 0023446 0023473 0223566 0023830 0323882 0223898 0423955 0024093 0224148 0224202 0024220 0224221 0224314 0424358 0024653 0424704 0024782 0424785 0424874 0225026 0025167 0425170 0225223 0225250 0025295 0025418 0325428 0425590 0025669 0225693 0325807 0026028 0026264 0026267 0426311 0026318 0026355 0326585 0226729 0226843 0426888 0027031 0227163 0027212 0027213 0027334 0427716 0427762 0227915 0327964 0228209 0328560 0228610 0028710 0228826 0028986 0429019 0329267 0229277 0029293 0329415 0029520 0029579 0329764 0329912 0029978 0430015 0030024 0030050 0030112 0030147 0030222 0330267 0230351 0230404 0230449 0330489 0030623 0030655 0330753 0430766 0030810 0030886 0030915 0230935 0030944 0030995 0231152 0431222 0231328 0231446 0431582 0331621 0431626 0231679 0031713 0431784 0331896 0431897 0032099 0032360 0032431 0032444 0032604 0032824 0432932 0332933 0333061 0233098 0333115 0333146 0033178 0233207 0333231 0233268 0033281 0233292 0333381 0033433 0233654 0333728 0033857 0033956 0333981 0334234 0234398 0234567 0234580 0434706 0034734 0034779 0035013 0335119 0235167 0435312 0235415 0335441 0035494 0435647 0035695 0035702 0035746 0235770 0235797 0035802 0336050 0236087 0036144 0436197 0036258 0336363 0436365 0336455 0436519 0236521 0436618 0436685 0436690 0336909 0036920 0436966 0037073 0237135 0037162 0437194 0037240 0237267 0337365 0337397 0237504 0037534 0337743 0237749 0438015 0038180 0338216 0338434 0438455 0238727 0039008 0039069 0339216 0439508 0439717 0039729 0439744 0039843 0440021 0240213 0240260 0240334 0240378 0440393 0240724 0440837 0240879 0240904 0040909 0241105 0041142 0441155 0041228 0041466 0041596 0041614 0341637 0241739 0041806 0042168 0442205 0042207 0042224 0042309 0042406 0242414 0042450 0242575 0042666 0042690 0342741 0042744 0043000 0043186 0443297 0243343 0443349 0043444 0243496 0043538 0043622 0243779 0443875 0043917 0444068 0244096 0244114 0044119 0444158 0044297 0044313 0044361 0044455 0044686 0244810 0044851 0044869 0344944 0045060 0245100 0045107 0245127 0045130 0345181 0045259 0045262 0345432 0045550 0045651 0345683 0345842 0245972 0046017 0046104 0046201 0046268 0346319 0446349 0046519 0446601 0446789 0047120 0247139 0047143 0247159 0047173 0047176 0047192 0047281 0047546 0047672 0047992 0048051 0448071 0048079 0248096 0048135 0348203 0248308 0048847 0248849 0048856 0048966 0248969 0249014 0049055 0349203 0449456 0349600 0349612 0049697 0049877 0049892 0250139 0050533 0350620 0250632 0450838 0050864 0050899 0050995 0051214 0351299 0051376 0051385 0351450 0051759 0251779 0051883 0052181 0252321 0252354 0252432 0052640 0252764 0052789 0352797 0052862 0253180 0253277 0353292 0453357 0253365 0053554 0053587 0053618 0353643 0053656 0053721 0253905 0053906 0053921 0254017 0254202 0054264 0054295 0354372 0054389 0254466 0054517 0054543 0054570 0254600 0254670 0254701 0054876 0354886 0055111 0055126 0255274 0455276 0455291 0255345 0455423 0055517 0055632 0255712 0055742 0055888 0055889 0056023 0056112 0056255 0256342 0056381 0256469 0056585 0056601 0056738 0256876 0257227 0057309 0257443 0057504 0057558 0057671 0257688 0057797 0257933 0357964 0358029 0258172 0458176 0058178 0258448 0258530 0258566 0058641 0258679 0058740 0059098 0359172 0259365 0259510 0259589 0059740 0059877 0460137 0360152 0060354 0060404 0060417 0060426 0060478 0360586 0060751 0460777 0260850 0260948 0061069 0261295 0061402 0261536 0261583 0061665 0361736 0261770 0061890 0261902 0061937 0061979 0462042 0362047 0462138 0262147 0062156 0062284 0262288 0362313 0062324 0062491 0062529 0262594 0062615 0062799 0062801 0062815 0262864 0062879 0062926 0363160 0363249 0063251 0063302 0063369 0263884 0063980 0064073 0064122 0064157 0064297 0264365 0064377 0064444 0064492 0264551 0064980 0065047 0065127 0065255 0065344 0065427 0065496 0265634 0265688 0265719 0065775 0265963 0065990 0066055 0366136 0066248 0066338 0266452 0066477 0266479 0066542 0066637 0066684 0066815 0066850 0066870 0267034 0067384 0067412 0067434 0067763 0367783 0067833 0067893 0067973 0467988 0068128 0068338 0268362 0268518 0468736 0368857 0068910 0368926 0468961 0369035 0069096 0269194 0269249 0269337 0069380 0269563 0069636 0069809 0269838 0069961 0070026 0270246 0070358 0070554 0070556 0270658 0070697 0070744 0270776 0270861 0370961 0071029 0071109 0271130 0071140 0071287 0071379 0271475 0071534 0071567 0271633 0071710 0071911 0071953 0272059 0372126 0372210 0072290 0072354 0372423 0072561 0072661 0272842 0072870 0072943 0072966 0073020 0073047 0073237 0273257 0273272 0073412 0073502 0073582 0073604 0273688 0273746 0073860 0073984 0074019 0074062 0074203 0074266 0074301 0374429 0274564 0074625 0374651 0274652 0074702 0274748 0074750 0274894 0274898 0274924 0075068 0075144 0275216 0075339 0375368 0275522 0275562 0075845 0076007 0276074 0076084 0276181 0076269 0076355 0376437 0276513 0076533 0276709 0076749 0276774 0076873 0276916 0076990 0077066 0077166 0077261 0277369 0077381 0077384 0077530 0077599 0277619 0077671 0077709 0077740 0377867 0078035 0078087 0078143 0078150 0078408 0078412 0378840 0378862 0078958 0078990 0079136 0379344 0079419 0079576 0479656 0079679 0079722 0079821 0079835 0279854 0079934 0080088 0080113 0280122 0280369 0080750 0080752 0080760 0080822 0280927 0080945 0081062 0481064 0081209 0081428 0081636 0081667 0281949 0282041 0082048 0082064 0082142 0082185 0382201 0082973 0083018 0083257 0283291 0383384 0083552 0083589 0083605 0283668 0283738 0283769 0283786 0083910 0283921 0283943 0283955 0284069 0084075 0084425 0384502 0084589 0284671 0084691 0384696 0084798 0284803 0084825 0084895 0084969 0285096 0085259 0285317 0085448 0085496 0085558 0085635 0085903 0086007 0086057 0386090 0086148 0086265 0086380 0086428 0086446 0086562 0086604 0286722 0286798 0086823 0086862 0086986 0087122 0487186 0287226 0087376 0087626 0087632 0287695 0087765 0087966 0288001 0088158 0288211 0288385 0088387 0288453 0288473 0088589 0088603 0088611 0088700 0088935 0089067 0089070 0089115 0289166 0289255 0089339 0089348 0089372 0089535 0089546 0089551 0289587 0089642 0389701 0089736 0089775 0089889 0089991 0090024 0090120 0090173 0090217 0090313 0290366 0090521 0090532 0090610 0090677 0390703 0090946 0391001 0091181 0091205 0291458 0091561 0391582 0091613 0091617 0091632 0091764 0391811 0091824 0091877 0291950 0292137 0292184 0092185 0092196 0292208 0092434 0092678 0392684 0292697 0292749 0092791 0092884 0092932 0092965 0093287 0293571 0293639 0093664 0393676 0093861 0093891 0294177 0094211 0394393 0094539 0094543 0094564 0094734 0094758 0094790 0294796 0094892 0395041 0095092 0095328 0295356 0095464 0095580 0095598 0095635 0095638 0295679 0395748 0095973 0095993 0096057 0096097 0096584 0296586 0096647 0096700 0096913 0097232 0097272 0097413 0097420 0297435 0097448 0097466 0097609 0297816 0297817 0097826 0097842 0098029 0098115 0298225 0098272 0298309 0098384 0098504 0098575 0298632 0098658 0298881 0098942 0298943 0098995 0299132 0299221 0399325 0099461 0099546 0099560 0099662 0299776 0099795 0299957 0099992 00100055 00100060 02100125 00100171 02100304 00100446 00100485 00100796 00100986 02101004 00101027 00101189 03101222 02101257 03101340 00101342 00101361 00101530 00101575 00101707 00101711 02101959 00102195 00102384 00102407 00102424 00102480 00102683 00102764 00103006 00103259 00103274 00103373 00103503 00103509 00103539 00103618 00103620 00103740 02103968 00104094 00104100 00104206 00104216 00104390 02104552 00104673 00104836 00105034 00105180 00105262 02105267 00105282 02105357 00105556 00105598 00105608 00105620 00105631 00105710 00105761 00105896 00105903 00105985 00106010 03106019 00106026 00106102 00106115 00106306 00106409 00106445 02106486 00106615 00106624 00106630 00106715 00106736 02106753 00106812 00106839 00106926 00106931 03107184 02107240 02107741 00107743 02107802 00107847 00107891 00107897 00107910 00108247 00108285 00108362 00108379 00109225 02109230 00109392 00109524 00109654 00109692 02109710 03109747 03109782 02109843 00109924 00109981 00110046 00110058 00110113 00110131 00110181 00110262 00110549 00110758 03110781 00110795 03110852 03110865 00111003 00111100 00111129 00111305 00111330 00111475 00111487 00111580 00111592 00111710 00112077 00112153 00112213 00112295 00112310 00112335 00112352 00112373 00112423 00112490 02112516 00113047 00113232 00113249 00113259 02113293 00113302 00113326 02113486 00113518 00113586
91620661 00380 00397 03405 02447 00485 03746 04856 00951 031022 031047 041152 031236 001416 001432 001444 001490 041588 031592 021666 001667 031709 041748 031816 031912 041919 041925 021927 042122 022127 042195 022355 032410 042460 022577 033005 023099 003173 023228 033366 023476 023627 033831 003836 044098 044129 044148 004304 004423 024477 044584 004612 044732 034809 045004 045128 045234 035474 015479 045566 005585 005629 045784 045872 045953 006029 026214 036265 046389 046436 046452 046457 026661 026715 046812 036832 027035 037115 007187 047295 007455 047666 007803 007841 048100 038387 008804 008976 049111 049121 009140 009322 009391 009410 029413 009587 049757 009795 049828 039930 049980 029982 0310028 0410202 0010331 0010334 0410637 0210791 0010819 0410878 0411028 0211372 0311401 0011722 0011731 0212013 0212031 0312273 0012285 0412349 0012583 0212625 0212735 0012761 0212836 0213084 0213087 0413088 0313289 0413356 0313412 0213425 0313462 0013524 0013658 0013695 0013713 0013754 0013976 0214111 0414132 0314139 0414168 0214183 0214190 0314240 0214352 0414735 0014766 0214774 0414783 0314786 0414860 0215222 0015313 0415375 0315510 0215603 0415622 0015693 0415724 0015733 0415837 0215868 0016057 0016088 0016214 0216219 0216443 0316488 0016612 0216634 0416729 0217040 0017206 0417239 0017672 0017674 0217771 0017796 0017987 0318118 0018148 0418240 0018265 0018268 0018313 0218433 0018479 0218701 0418769 0418880 0418928 0219047 0219061 0419176 0419249 0419373 0319447 0319571 0419676 0019685 0419740 0219822 0219841 0219891 0219936 0320090 0220124 0220163 0020225 0420416 0220627 0020759 0320817 0020867 0421166 0221171 0021231 0021268 0021342 0221361 0021367 0221385 0321389 0221572 0321620 0321648 0421696 0421747 0021809 0021956 0422057 0422231 0022281 0222438 0422641 0022656 0022787 0322822 0422829 0022894 0422895 0323228 0023237 0223286 0423296 0023298 0023467 0423561 0023692 0323699 0223883 0224057 0224059 0424133 0224159 0024303 0424337 0024698 0024775 0024928 0024948 0025011 0325064 0225288 0225374 0325399 0425416 0025424 0025647 0025734 0025844 0025874 0426059 0426138 0426187 0026199 0026239 0326327 0226369 0226570 0226594 0326596 0326765 0026779 0426785 0027000 0027092 0227103 0327159 0327263 0227265 0327339 0427342 0327443 0327445 0227485 0027579 0027647 0227679 0027816 0427984 0227991 0228053 0428056 0028202 0228399 0028800 0229049 0329106 0329227 0029353 0029529 0329542 0029554 0029569 0429666 0329746 0329761 0029922 0330143 0330160 0030172 0430261 0230268 0030337 0230455 0230600 0030646 0430665 0230706 0030881 0230887 0430891 0231029 0431128 0131215 0231317 0231350 0031524 0031558 0431702 0231903 0232231 0232259 0332351 0432542 0032585 0432589 0232644 0032683 0232850 0232916 0032924 0432970 0233031 0033047 0033175 0333257 0233270 0033286 0333378 0433388 0033396 0033694 0333773 0233803 0433849 0034008 0234058 0034121 0334242 0034359 0034362 0234363 0034487 0034503 0434553 0034588 0434618 0034696 0034700 0434905 0035037 0035470 0035580 0235686 0235731 0335784 0236041 0036076 0036082 0036153 0436219 0336238 0036299 0236302 0336342 0036364 0236565 0036600 0037090 0337241 0237374 0037427 0337526 0437763 0037840 0037841 0037847 0237848 0037949 0038165 0038247 0238452 0238618 0238938 0239043 0039088 0239149 0239251 0039327 0439427 0039445 0039460 0039688 0339846 0039887 0040257 0240394 0040494 0240496 0040552 0040685 0040729 0240735 0040813 0040863 0040941 0240970 0041014 0341207 0441276 0041298 0041451 0441513 0241549 0041733 0041750 0041919 0042199 0242253 0042324 0342449 0242493 0442638 0042644 0042678 0242746 0042771 0442779 0242787 0243086 0043270 0243271 0043345 0043363 0043462 0043602 0243769 0443849 0044018 0444079 0444106 0244196 0044291 0044323 0244432 0244709 0044816 0044817 0044933 0245150 0045313 0345337 0045402 0045440 0245533 0045588 0345628 0245658 0045663 0445698 0045907 0045955 0046192 0046257 0046322 0046377 0246424 0246461 0046481 0246547 0246669 0046838 0046976 0247001 0047072 0047102 0047118 0447282 0047379 0047484 0047506 0047523 0047531 0047721 0247740 0447932 0348233 0348246 0348324 0048407 0048439 0248471 0048606 0248620 0048698 0248745 0048816 0348859 0049028 0049057 0049126 0049189 0349199 0249206 0049228 0249257 0249401 0049415 0049420 0049521 0449531 0249620 0049810 0249952 0050116 0250129 0050146 0350289 0050369 0250612 0350679 0051079 0251114 0051142 0051187 0251297 0451319 0051428 0051449 0051478 0351523 0051570 0351608 0051775 0051856 0051876 0051995 0052067 0052168 0052339 0352416 0052441 0052583 0352656 0352735 0352743 0452766 0052836 0052846 0252847 0252885 0053048 0053138 0353300 0253379 0353629 0353657 0053662 0253674 0254025 0254139 0254271 0254298 0254348 0254380 0254511 0254538 0354655 0054659 0054718 0054849 0254902 0054921 0255010 0255058 0355344 0255388 0455448 0055614 0055679 0055800 0455933 0256020 0056282 0056312 0056319 0056358 0056503 0056560 0056677 0056812 0056826 0056891 0056945 0056952 0056976 0457027 0257049 0057184 0057233 0057282 0057470 0057514 0257757 0457806 0057816 0258009 0058052 0058082 0058098 0058100 0058123 0258209 0258255 0358290 0058341 0258375 0058480 0358489 0058616 0358832 0058941 0058954 0359045 0259054 0059103 0459144 0059273 0059337 0059415 0059430 0059601 0259678 0059707 0359734 0259813 0059974 0060035 0060177 0060406 0060455 0060501 0060534 0060725 0060828 0060834 0060888 0261058 0461156 0061167 0261194 0061300 0061469 0061492 0061508 0061574 0061638 0061873 0361885 0261908 0261936 0361982 0462128 0362161 0062218 0262296 0062327 0262637 0262649 0462714 0262924 0262968 0062977 0263096 0063126 0063135 0363215 0063265 0063267 0063333 0263372 0263381 0063477 0063487 0063686 0063745 0063897 0063916 0364065 0264109 0064133 0064146 0064173 0064197 0064235 0064254 0064290 0264361 0064534 0064573 0064866 0064908 0065041 0065308 0065445 0065486 0065518 0365525 0265530 0065540 0065592 0065641 0065650 0265733 0066105 0266335 0066521 0066555 0066595 0266599 0366696 0266751 0066928 0066949 0066958 0267017 0067136 0067144 0067266 0267301 0067302 0367362 0067400 0067488 0267498 0067519 0267521 0067609 0067631 0267699 0067714 0067864 0268161 0268235 0368383 0368435 0268547 0268626 0068783 0268879 0268890 0068904 0069045 0069067 0369182 0469586 0269648 0069881 0070053 0070078 0270131 0070161 0070200 0070244 0070247 0070328 0270395 0070469 0070507 0270523 0270555 0070698 0070760 0270786 0070809 0070888 0071046 0071166 0371187 0071243 0071255 0071279 0271324 0371498 0371536 0071549 0071597 0071663 0271722 0271851 0371853 0071950 0072045 0072061 0372152 0072207 0072213 0472403 0272698 0272707 0072871 0273038 0273043 0073100 0273392 0273399 0073452 0073493 0073542 0273648 0073680 0073756 0073771 0273783 0373873 0374347 0274383 0074396 0074578 0374641 0074678 0274711 0074855 0374936 0074986 0075073 0075112 0275139 0275186 0075188 0075236 0075657 0275660 0375679 0075759 0075920 0075938 0076044 0076068 0376300 0076321 0476469 0076585 0076616 0076869 0276897 0076982 0077123 0377171 0077337 0477407 0077545 0277643 0277652 0077664 0277985 0078196 0078268 0078269 0078293 0078395 0078425 0078440 0078459 0078510 0078556 0078608 0278667 0278695 0078730 0078784 0078799 0078879 0078902 0078905 0378953 0278963 0278982 0079181 0379182 0079561 0279759 0279909 0079950 0080037 0280060 0080077 0080125 0280188 0080199 0380281 0080449 0080536 0080558 0080599 0080666 0080700 0080794 0080852 0280914 0080999 0281016 0081090 0081175 0081207 0081216 0081284 0081475 0081587 0081651 0081716 0281846 0381947 0082254 0282265 0382318 0082477 0082478 0082532 0082625 0082699 0082796 0082809 0083130 0083193 0083371 0083503 0083590 0283713 0383733 0083736 0083893 0083905 0083920 0084008 0484074 0384159 0284253 0284281 0084286 0084311 0284319 0084510 0084598 0084614 0084639 0284654 0084697 0084701 0084747 0384764 0284810 0084856 0085015 0085225 0085284 0085321 0085389 0085533 0285536 0085815 0085820 0085879 0386209 0086294 0286497 0086607 0086619 0086670 0086789 0086893 0086898 0086972 0086999 0087035 0287049 0387136 0087225 0087313 0087357 0087360 0087414 0087518 0087604 0087614 0087635 0087636 0087694 0087698 0287762 0287918 0087935 0088026 0288123 0088269 0088303 0388333 0088390 0088470 0088532 0288959 0088961 0289063 0089101 0089138 0089285 0089337 0289408 0089448 0389811 0289828 0289973 0289994 0290026 0090138 0090219 0090283 0090334 0290764 0090765 0090858 0090914 0091008 0091021 0091086 0091095 0091112 0091291 0091309 0091317 0091387 0091706 0091733 0091734 0291781 0091828 0091900 0091976 0292016 0092122 0092143 0092164 0092344 0292378 0092447 0092533 0092655 0092733 0092755 0092787 0092858 0092877 0092878 0093100 0093133 0293203 0093361 0093399 0093458 0293477 0093550 0293582 0093769 0093783 0093839 0094080 0094124 0094158 0094170 0094276 0094307 0094338 0094544 0094597 0094604 0294632 0094723 0094775 0094806 0094856 0094897 0094917 0095181 0095186 0095259 0095263 0395266 0395331 0095400 0095471 0295553 0095565 0095682 0095743 0095800 0295809 0095835 0095870 0095878 0095896 0395983 0296004 0096060 0096076 0096124 0296155 0096353 0096356 0096603 0297046 0097102 0297132 0297190 0097252 0097261 0097519 0097604 0097636 0397709 0297814 0297901 0097907 0297915 0098084 0098184 0098219 0098263 0098546 0098690 0098753 0098780 0098843 0098932 0099020 0299022 0099145 0099184 0299320 0099360 0299528 0299610 0099632 0099648 0099655 0099791 0299917 0099942 0099953 0399990 00100044 00100049 00100101 00100114 00100269 00100468 00100509 02100560 00100668 02100791 00100838 00100841 02100846 02100880 00100918 00100930 00101150 00101206 00101230 00101346 00101348 00101369 00101401 00101522 00101899 02101936 00102004 00102175 02102442 00102637 02102786 00102818 00102938 00102943 00102996 00103024 00103071 00103077 00103138 00103298 00103607 00103644 02103676 00103717 03103784 02103964 00103973 00104012 00104138 00104264 02104295 00104330 02104387 00104408 00104507 00104536 00104572 00104645 02104704 00104747 00104760 00104862 00104952 00104953 00104973 00105037 00105062 03105143 00105409 02105547 03105590 00105664 00105676 00105684 00105687 00105740 00105764 00105919 00105925 00105936 00105972 02105991 00106213 02106311 00106522 00106671 02106720 00106924 00106928 00106943 02107044 00107095 02107325 00107413 00107508 00107691 00107727 02107797 00107942 00107945 03108020 00108033 02108077 00108108 00108349 00108368 00108485 03108499 00108602 00108607 02108657 00108759 02108792 00108898 00109018 00109058 00109081 00109170 00109206 00109357 00109417 02109431 00109473 00109605 00109655 00109676 00109722 00109778 00109846 00109847 00109865 00109909 02109920 00109945 00109970 00109986 00110064 00110108 00110196 00110215 00110261 00110400 00110522 00110646 00110837 00110857 00110988 00111196 00111260 00111491 00111571 00111636 00111757 00111775 00111797 00112185 00112262 02112275 00112296 02112421 00112444 00112473 00112508 00112573 00112717 02112956 00113159 00113338 00113386 00113556
91620671 02136 03281 02324 02350 02371 00412 00643 03772 04905 03926 041096 001316 041610 021833 021936 022019 032140 022877 003081 033248 033613 043779 003816 033886 023918 023988 024104 014142 034167 004232 034323 024419 004444 044504 004518 044821 025021 035139 025207 005328 035344 006154 036175 006211 006269 006275 006468 046474 046499 036567 036866 046875 037154 007197 037375 027475 027668 037778 007834 048095 038377 008473 038506 048580 008735 038769 008801 049125 029403 009453 009954 0211089 0311096 0011205 0011321 0311390 0411505 0011588 0011847 0012097 0012107 0012161 0212209 0312260 0212435 0412464 0412498 0412610 0012727 0012846 0012875 0013379 0313403 0313472 0213504 0213672 0013680 0413779 0013784 0014014 0414181 0014395 0214553 0414627 0314649 0314745 0015431 0016093 0216315 0416486 0216642 0016854 0016904 0317213 0217532 0317583 0317759 0117816 0017890 0017937 0018028 0018096 0218397 0218818 0419167 0219247 0419401 0219421 0320154 0420209 0320523 0220675 0020765 0020968 0020990 0021322 0021353 0421408 0021560 0321691 0021699 0322031 0222180 0322217 0222413 0122459 0022498 0322766 0023017 0323416 0423511 0323642 0023776 0323960 0024000 0024171 0024319 0024330 0024468 0424893 0025229 0025368 0325566 0325953 0226032 0026131 0326164 0326495 0026609 0026624 0326803 0026873 0026988 0327244 0027745 0427836 0027937 0428074 0028150 0028310 0028680 0028844 0028914 0028956 0228994 0329026 0029045 0029211 0029323 0029334 0329335 0029417 0329444 0229503 0029675 0029720 0029949 0030025 0430032 0030348 0330417 0330653 0030740 0031039 0031139 0331470 0031566 0431731 0031829 0332078 0032079 0032513 0432540 0032588 0032643 0032654 0032675 0232706 0032784 0032915 0033109 0033200 0033822 0334606 0034749 0234979 0335129 0335182 0035247 0335257 0035279 0235712 0036067 0336181 0036362 0236453 0336730 0036764 0336955 0036982 0037021 0337055 0237057 0437113 0037207 0337220 0337377 0037624 0037727 0038005 0338193 0038453 0238591 0038677 0038700 0438789 0038856 0438860 0238893 0239081 0439242 0039278 0239287 0039768 0039990 0040040 0040439 0040578 0040883 0341006 0041126 0041144 0241320 0041768 0441848 0041909 0042076 0042121 0042144 0042411 0042467 0342703 0243146 0343569 0343608 0043681 0243788 0043838 0044505 0044606 0044610 0044639 0044831 0045072 0045076 0045235 0245427 0345560 0245625 0045726 0045777 0046502 0046921 0047211 0247223 0047747 0247869 0048073 0048274 0348470 0048976 0049085 0049342 0449435 0449527 0349698 0349743 0349755 0250069 0050101 0050430 0050574 0250623 0050780 0050818 0051006 0051152 0351230 0051293 0251328 0251764 0051971 0052104 0352154 0252268 0352579 0052775 0352989 0052990 0053219 0353348 0253349 0253508 0053557 0053872 0354016 0354035 0054043 0054428 0054483 0054620 0054628 0254689 0054734 0054746 0254832 0054880 0054905 0055439 0055469 0055634 0055886 0255977 0356014 0356125 0056148 0056914 0057059 0057178 0057749 0057853 0057911 0358008 0058197 0258526 0058825 0358896 0058924 0059215 0359650 0059686 0059790 0259843 0060046 0060105 0260371 0260380 0260386 0060949 0061274 0361392 0061395 0261482 0061940 0061999 0062085 0062107 0062129 0062223 0062360 0262381 0062454 0062461 0062509 0062613 0062734 0062846 0062865 0063079 0063309 0263391 0063524 0363637 0063713 0363761 0063827 0063853 0063895 0064307 0064491 0064532 0064535 0064590 0064847 0064867 0065173 0265191 0065214 0265227 0065293 0065318 0065347 0065531 0065627 0265685 0066158 0366330 0066367 0066482 0066706 0066956 0066962 0367208 0067226 0067305 0067306 0067433 0267729 0067819 0267959 0068035 0068218 0068323 0068346 0068417 0068601 0268641 0368694 0268923 0069211 0069223 0069321 0069552 0069583 0069591 0069659 0069662 0369780 0069904 0069997 0070088 0070152 0070186 0070195 0270240 0070497 0270710 0070775 0371142 0071221 0271552 0271671 0071782 0271914 0071948 0072112 0272264 0072376 0372379 0372514 0272527 0072644 0072866 0272959 0073011 0073125 0473274 0373294 0373463 0073482 0073494 0073780 0273850 0373858 0073896 0074184 0374220 0074493 0074603 0274626 0374802 0074864 0074962 0075015 0075021 0275335 0075861 0075893 0076088 0076261 0276276 0076426 0376657 0276771 0076815 0076858 0377132 0077435 0077535 0077606 0077611 0077624 0077861 0078060 0278076 0078172 0078555 0078662 0078675 0078696 0078948 0378989 0279066 0079134 0079160 0079253 0379379 0079464 0079478 0079499 0080186 0080234 0080326 0080545 0080578 0080662 0080740 0080970 0080989 0081084 0081317 0381345 0081578 0081616 0281645 0081660 0382065 0382258 0082362 0082366 0082486 0082512 0082610 0382759 0082860 0082948 0383008 0083561 0083728 0083998 0084068 0084077 0384115 0084182 0084183 0084344 0084358 0084363 0084369 0084442 0084443 0084913 0085183 0085217 0085323 0085589 0085790 0085803 0085875 0086054 0086195 0086268 0086467 0086675 0086867 0087003 0087032 0087786 0087879 0087933 0387982 0388034 0088088 0088095 0088204 0088273 0088295 0088299 0088318 0088330 0088334 0088376 0088398 0088438 0088607 0088705 0088772 0289103 0089149 0089249 0389316 0089541 0289572 0089659 0089669 0089755 0089913 0390005 0290081 0490097 0090143 0090480 0090564 0090636 0090639 0090643 0290909 0091120 0091184 0091365 0091462 0091505 0091874 0092258 0092275 0292473 0092523 0092525 0092582 0092881 0393001 0093163 0093354 0093408 0093504 0093548 0393887 0093952 0294052 0094084 0094160 0094264 0094288 0094390 0094446 0094570 0294610 0094751 0095093 0095178 0095179 0295243 0095506 0095625 0096136 0096193 0096476 0096545 0096812 0096842 0096980 0096995 0097055 0097079 0097085 0097095 0397118 0097243 0097322 0297506 0097601 0097635 0297785 0097917 0097981 0098024 0398242 0098258 0098281 0098529 0098548 0098556 0098621 0098871 0099133 0099328 0099433 0299534 0099805 0099821 00100064 00100213 00100262 00100357 00100423 00100431 00100545 00100564 00100699 00100792 02100793 00100801 02100944 00100951 00101219 02101232 00101404 00101504 03101553 02101747 00101872 00101933 00101944 00101954 02102114 00102137 00102197 00102388 00102392 00102397 03102441 00102454 03102477 00102603 00102613 00102643 00102678 00102711 00103294 00103483 00103553 00103570 00103587 00103711 03103902 00103940 02104062 03104123 00104193 00104355 00104469 00104718 00104839 00104920 02104946 02104991 00105128 00105129 00105286 00105336 00105466 00105622 00105693 00106053 03106235 03106238 00106265 00106296 00106317 00106377 00106418 00106541 00106797 00106947 00107047 00107371 00107452 00107521 00107598 00107776 00107800 00107860 00107915 00108049 00108059 00108093 00108339 00108375 02108390 02108522 00108544 00108555 00108663 00108922 00109011 00109364 00109444 00109535 00109567 00109633 00109702 00109795 00110048 00110049 00110094 00110424 00110466 03110509 00110565 00110575 00110941 00110982 00110996 02111025 00111048 00111119 02111281 00111299 00111451 00111502 00111540 00111745 00111823 00111825 00111881 00112586 00112731 00112763 00112868 00113036 00113376 00113435 00113444 00113456 00113553 00113605
91620681 04303 04423 04495 04498 04535 02556 04809 03906 021073 041557 031644 032213 002247 042315 002510 032565 002689 022910 042921 043198 003333 043338 043411 004074 044077 044317 044432 044620 004636 024849 024928 025157 025242 005284 005609 006266 006433 026447 046722 036740 036963 046992 047002 047322 007476 027497 027620 047706 007899 028081 008146 028214 028411 048463 038554 048796 028814 048953 028975 049073 029249 009521 009650 049653 049868 049951 0010171 0410368 0310705 0010738 0211165 0311224 0411231 0411288 0011367 0211402 0311622 0411833 0412068 0012279 0312706 0412955 0412982 0213222 0313297 0313780 0414115 0014246 0014594 0214640 0214666 0214674 0014680 0214859 0114874 0415058 0415306 0215416 0215421 0215692 0216353 0416420 0316756 0316878 0216932 0017290 0417579 0217632 0417933 0218035 0218089 0218169 0318189 0018237 0218325 0218731 0018856 0218859 0019115 0019148 0219439 0219450 0019477 0019575 0419708 0019768 0319830 0420045 0020057 0320069 0420234 0220455 0220687 0220704 0220777 0320811 0020819 0020850 0021038 0421132 0021155 0221196 0421434 0321502 0021562 0422244 0322268 0222530 0222650 0022762 0222909 0023614 0023810 0423907 0323953 0024136 0024177 0424340 0324739 0024988 0025249 0225363 0225463 0225572 0425614 0425895 0425946 0226126 0026313 0226533 0026607 0426925 0027025 0027364 0327602 0227704 0427814 0028055 0228124 0028486 0228595 0428722 0229163 0429174 0129240 0029252 0229453 0029611 0330027 0230344 0030696 0430864 0231060 0431359 0031536 0431607 0032076 0032168 0032172 0032406 0032661 0232847 0333123 0033333 0233541 0434023 0234125 0434251 0434275 0034307 0234321 0434545 0335217 0035474 0435661 0235693 0036099 0236464 0036482 0036489 0036768 0036824 0337167 0037203 0037284 0337355 0237578 0037647 0237694 0037810 0038024 0038209 0438447 0238593 0338675 0038687 0338711 0238781 0038979 0238981 0039346 0239536 0039612 0239654 0339714 0039806 0439954 0340079 0240322 0240341 0040414 0440693 0040713 0440714 0340741 0040767 0240822 0240999 0041101 0341317 0441498 0341520 0441565 0241684 0241697 0241759 0241826 0342248 0442498 0242515 0242544 0042662 0342937 0043118 0243332 0043388 0043485 0243636 0043644 0043680 0043768 0043885 0243892 0043912 0343942 0244355 0044422 0044483 0244530 0244584 0044589 0044641 0044747 0044765 0045093 0045569 0245676 0245964 0346200 0246237 0246563 0046640 0446692 0246843 0046859 0246945 0047011 0047099 0247171 0047272 0047369 0047565 0247625 0048087 0248117 0248212 0348265 0048373 0248403 0248445 0048526 0048556 0048642 0048653 0048952 0049091 0049211 0049293 0049349 0249432 0249512 0049793 0049848 0050090 0250181 0050253 0050382 0350474 0050958 0051696 0051729 0051784 0251799 0051840 0351843 0052326 0052420 0252516 0052530 0052721 0252867 0352917 0053068 0453150 0253318 0053485 0253753 0053783 0053785 0454132 0254218 0054315 0354368 0054523 0354603 0054630 0055048 0055093 0255107 0055697 0055728 0355923 0356154 0256367 0356473 0056489 0056849 0257249 0257330 0057478 0257812 0057849 0357866 0058000 0258215 0058348 0058387 0058535 0058609 0258614 0258884 0259155 0059264 0059413 0059743 0059756 0059853 0059859 0260306 0060370 0060481 0060774 0260916 0260972 0261065 0061086 0261183 0061201 0061211 0061231 0061286 0261764 0061847 0061852 0462286 0462291 0062309 0062430 0062723 0062740 0062784 0062876 0263078 0063159 0063373 0263645 0063751 0063793 0063904 0263945 0064189 0364295 0364691 0064840 0064865 0064928 0265104 0065628 0065666 0065721 0065820 0065849 0065866 0065880 0265991 0266138 0066409 0066463 0066503 0266588 0066911 0267248 0067503 0067532 0067569 0267629 0067787 0067981 0067993 0068091 0068249 0068341 0068462 0068514 0368657 0068865 0068989 0269028 0069177 0069238 0269406 0069726 0269878 0269900 0069979 0070082 0070083 0070302 0270309 0270451 0070968 0071049 0271132 0071241 0071472 0271645 0071768 0071865 0071999 0072206 0072706 0072824 0072879 0072967 0273067 0073264 0073285 0073355 0273410 0273540 0373557 0073851 0274063 0374075 0474281 0074575 0075045 0075414 0075490 0075692 0275805 0075812 0075815 0075897 0076159 0076193 0076298 0076433 0076711 0076769 0076788 0076924 0077000 0277214 0077219 0077244 0077412 0077500 0077515 0077536 0277649 0077737 0078094 0078246 0278280 0078661 0078706 0078945 0379084 0079191 0079390 0079406 0279472 0279493 0079581 0079787 0079805 0079949 0079954 0280040 0080158 0080211 0080290 0080432 0080495 0080535 0080562 0080575 0380724 0081066 0081279 0081299 0381999 0082074 0082086 0082114 0282274 0082439 0082444 0082471 0082508 0482543 0082570 0382695 0083452 0083584 0083863 0083994 0084204 0284248 0084439 0085023 0285100 0285327 0085382 0085391 0085457 0085504 0085855 0085887 0086098 0286379 0286455 0086537 0286579 0386631 0086771 0086848 0087463 0087537 0087953 0087986 0388191 0088209 0088241 0088247 0088501 0088538 0088562 0088584 0088633 0088997 0289116 0089190 0089264 0089291 0089301 0289338 0089362 0289392 0289425 0289726 0089808 0489909 0090069 0090278 0090680 0090695 0090779 0090791 0090941 0291219 0091441 0091489 0091771 0091785 0091817 0091941 0291969 0092120 0092154 0092293 0092355 0092381 0092408 0392425 0092603 0293027 0093195 0093209 0093271 0093305 0293512 0293530 0093844 0294107 0094302 0094389 0094741 0095099 0095150 0095270 0295473 0095582 0295621 0295641 0095825 0095943 0296009 0096089 0096198 0096303 0096650 0096729 0296739 0096804 0096994 0297131 0397258 0097488 0097529 0097563 0097577 0297821 0298013 0098065 0298432 0098771 0098798 0299155 0099400 0299409 0099464 0099691 00100130 00100315 00100366 00100521 00100539 00100875 00100903 00101049 00101117 02101234 00101491 00101521 00101777 00102031 00102605 00102724 00102902 00103119 02103212 00103340 02103701 00103982 00104011 00104230 00104308 00104662 00104675 02104969 00105024 02105178 00105437 00105544 00105609 00105632 00105756 00105867 00106012 00106021 00106033 00106078 00106387 00106394 00106460 00106467 00106765 00106867 00106933 00107058 00107091 02107169 00107188 03107251 02107532 00107591 00108016 00108070 00108215 00108235 00108254 00108291 00108675 00108958 00109016 00109268 00109528 00109599 02109971 00110393 00110620 00110659 04110691 02110765 02110804 00111069 00111391 00111422 00111743 00111754 00111831 00111966 00112012 00112235 00112394 00112419 00112800 00112971 00113126 00113150 02113229 00113317 00113603
91620691 058 069 0543 0644 0545 0453 0357 0467 0274 03142 03145 02234 02241 04246 03276 04292 02334 04348 04363 03378 04381 03459 02462 04470 04480 04520 04528 04539 04570 04582 04588 04592 02598 02614 04622 02626 02649 03659 04665 04679 04682 03696 03786 02845 04849 02897 04915 04925 04982 041024 041038 031097 041103 031112 041124 041130 041137 041146 041162 041203 041206 041228 041240 021249 041275 041294 021315 041317 041380 021443 021575 041576 041628 031652 021670 021684 031693 041711 031742 041755 031758 041857 041871 031942 031992 041999 042035 032054 002055 042072 042087 022102 002119 042136 002151 022154 022214 022243 022281 022299 022379 042463 042493 022518 022522 042549 042558 032618 022623 042625 022668 022692 042701 032708 022751 042755 042777 022820 042839 042842 042846 002892 042925 042955 042961 033015 043018 043032 043035 043042 023044 003058 043094 043120 043217 003240 033263 023293 043303 043341 023357 003358 043378 043385 033405 023486 043512 003528 033547 033554 043586 043593 043596 043625 043633 043652 043672 003688 003693 033708 023803 043824 043827 043841 043874 033875 043932 043990 023992 024086 024125 034127 024131 024135 044143 044160 044175 024196 044245 024258 024336 044372 044382 044402 044479 024488 024496 044503 004583 044603 044730 024741 034760 044766 044791 044804 024806 034811 044814 024816 034828 034882 044905 034917 044972 045016 045023 045058 035065 045120 045159 045174 045182 035282 025283 045302 045346 035383 035446 045511 005643 045667 045705 035707 025743 045776 045787 005797 045798 045815 045818 045843 025909 045914 035915 045917 025971 045973 046054 036143 046145 046172 046194 046270 036293 026327 046328 046334 046347 026357 046365 046368 046373 046395 026438 046488 046690 026709 046726 036735 026763 026778 006799 046844 026880 046892 036903 046939 036943 046952 006976 006984 026997 037016 047026 047033 047061 047070 047085 047096 007104 027146 047151 037192 027226 037238 047244 047285 047302 047407 027416 047418 037533 047558 037598 027602 047624 027652 047654 037685 007728 037758 047774 027808 037812 047820 047828 047852 027949 007966 047983 008019 048069 038087 028162 028168 038185 048201 038213 028258 008261 028323 028335 048349 008352 048364 048420 028434 038436 048449 048486 048494 038513 028521 028555 028560 048567 048643 048675 028709 008771 048772 048793 028808 038820 008871 038905 048942 048998 049006 029023 049055 029064 049065 049082 029097 029160 049206 039313 049317 029321 049330 049370 049374 029407 049530 049631 049679 009708 029711 049715 029734 049779 039820 009864 049877 049887 029920 029946 049948 039955 029964 049996 0210040 0410050 0410078 0410132 0410172 0410197 0410206 0010278 0010302 0310307 0210341 0410379 0210380 0410407 0410476 0210488 0310507 0010509 0410510 0410530 0010566 0310580 0310617 0410630 0410644 0010681 0310721 0410723 0410733 0310742 0410743 0310761 0210780 0410829 0210833 0410838 0410875 0410893 0410996 0411043 0011051 0311081 0211085 0211103 0411123 0211146 0411193 0411210 0411223 0411272 0011305 0411306 0311309 0111313 0211349 0411353 0011376 0211379 0411389 0411398 0411405 0411462 0211477 0411517 0211615 0311687 0411697 0211768 0211804 0211825 0311893 0011897 0311941 0411976 0411991 0311999 0012042 0212071 0412087 0312100 0412125 0412134 0212136 0412141 0412198 0412207 0212261 0012301 0012303 0312307 0012354 0412355 0012467 0012469 0012494 0312534 0412574 0212575 0412597 0012671 0412693 0312702 0312766 0412781 0012787 0212803 0412834 0412895 0412896 0212904 0412945 0012951 0412992 0213028 0313056 0313075 0213094 0413097 0313104 0213140 0213185 0013196 0413234 0413249 0313270 0313291 0213304 0313350 0413354 0413367 0413418 0213449 0313491 0313503 0413505 0413508 0213608 0213615 0413633 0413643 0213698 0313712 0213732 0413791 0213810 0013811 0413857 0313888 0313907 0413908 0413932 0013959 0013983 0413984 0313985 0413992 0013994 0214003 0014036 0414100 0414138 0414193 0214241 0414263 0214326 0214350 0014358 0014401 0314433 0414448 0414487 0414531 0214563 0414568 0214642 0214660 0214691 0014692 0214737 0414789 0214791 0414804 0414820 0014821 0214829 0314918 0314921 0214933 0414948 0414958 0214981 0215094 0415112 0415118 0415123 0415156 0415180 0415212 0015243 0015247 0415274 0415284 0215335 0415342 0415386 0415426 0415435 0315450 0215477 0415489 0215554 0415597 0215610 0415709 0015716 0415748 0315758 0215825 0415828 0315844 0215871 0415873 0416087 0216134 0416157 0316160 0416161 0416184 0416194 0316234 0016243 0316263 0416266 0416299 0216328 0416333 0216361 0216376 0416411 0416484 0416501 0216550 0316571 0416582 0416637 0216662 0416667 0016750 0016768 0416779 0216783 0316787 0416790 0316791 0216810 0416822 0316823 0416844 0216974 0317011 0317029 0217078 0217116 0417182 0417216 0417244 0417252 0417258 0417260 0417291 0217343 0417358 0217372 0417425 0417442 0417473 0217474 0417609 0217641 0217668 0217705 0217712 0417718 0417852 0417857 0217881 0217921 0317940 0217971 0317989 0418030 0418064 0018066 0218107 0318202 0318215 0418235 0218242 0318270 0418305 0018324 0218344 0018374 0218511 0218537 0418584 0318593 0418606 0418652 0218654 0018660 0418684 0218686 0218688 0418697 0418714 0418720 0218734 0218741 0018797 0218809 0318811 0418815 0418832 0418869 0418882 0318971 0418986 0419014 0419019 0019066 0219093 0219103 0419134 0019160 0219221 0219235 0419271 0219314 0219437 0219469 0219481 0419484 0419487 0219506 0219527 0419564 0419580 0419601 0419613 0419622 0219633 0319805 0319843 0219874 0419900 0419919 0419942 0419994 0420013 0220070 0320077 0420134 0220150 0220204 0320267 0420278 0420293 0220311 0220329 0420342 0420419 0420428 0420477 0420483 0020508 0420515 0420564 0220583 0220601 0220620 0020673 0420695 0420762 0420796 0020857 0220858 0320892 0420912 0021011 0421013 0421024 0321049 0421054 0021066 0421075 0221128 0221160 0321162 0321176 0221177 0021213 0221224 0121251 0021258 0421289 0421304 0221339 0421465 0421476 0021573 0421596 0321623 0421659 0221695 0221722 0321753 0421775 0221814 0321819 0321842 0021874 0421879 0421890 0021936 0221954 0021971 0421979 0421990 0421994 0222025 0022030 0222062 0322091 0322126 0222148 0422156 0422196 0322207 0222260 0422275 0222277 0022326 0422328 0022329 0322349 0422391 0222466 0022476 0422519 0422537 0422546 0322557 0422585 0422604 0322619 0422626 0422660 0422668 0422675 0222851 0222865 0222896 0222915 0022944 0222994 0223070 0423075 0023109 0223113 0423186 0423201 0023284 0423288 0223334 0023380 0023405 0423426 0423457 0223504 0223512 0423513 0423517 0223530 0323550 0423551 0423564 0323623 0423664 0023672 0423677 0323682 0423715 0423721 0423733 0323778 0423791 0223846 0323873 0423886 0223890 0023916 0223917 0423934 0423949 0223985 0224062 0424074 0424078 0424104 0424127 0424130 0324153 0424173 0424237 0224275 0224283 0424334 0224389 0424418 0424504 0424550 0424580 0224632 0024672 0324683 0424694 0224720 0224771 0024810 0424819 0224863 0324869 0424899 0424934 0424939 0224995 0425025 0425076 0325079 0325099 0225122 0225131 0425143 0025191 0025194 0425198 0025200 0425212 0425262 0325296 0425316 0325330 0425353 0425403 0225532 0225537 0325539 0425578 0225583 0425584 0025608 0325610 0425618 0425623 0225634 0025695 0425702 0025712 0325724 0225745 0325749 0025774 0225824 0025829 0425836 0425846 0025879 0425892 0425913 0226044 0326083 0326102 0426112 0426168 0226176 0426197 0226212 0226269 0426294 0426330 0326360 0426420 0326435 0426437 0426486 0426500 0426532 0426538 0226539 0426606 0226608 0426610 0226667 0226676 0426680 0426687 0226699 0026710 0326724 0426771 0426829 0426881 0426896 0426900 0426968 0326974 0427032 0427127 0027184 0427215 0427220 0227241 0427250 0427378 0227397 0027413 0427557 0227597 0427628 0327842 0427844 0327855 0227927 0227931 0427941 0427945 0327973 0228059 0228069 0228115 0028160 0228172 0228175 0228185 0428241 0428286 0228295 0228314 0228331 0028358 0228372 0428380 0428398 0228416 0228450 0428464 0328483 0428535 0228561 0228568 0228579 0328582 0428589 0428597 0328639 0028649 0228786 0028815 0428835 0028850 0428936 0428966 0428980 0329009 0329010 0229032 0429060 0229115 0329179 0229207 0329254 0229258 0229314 0229333 0429388 0229390 0429397 0229513 0429532 0229543 0429562 0229584 0429633 0229634 0329643 0229772 0229785 0429806 0329816 0029849 0229872 0429903 0329933 0429981 0229994 0430003 0230033 0430070 0230072 0430075 0230086 0230144 0430196 0030207 0330301 0430327 0030368 0230397 0430401 0230527 0230531 0230557 0030588 0430597 0430599 0230602 0430713 0330721 0230741 0230757 0230764 0030807 0230829 0430853 0230894 0030952 0231000 0431016 0431040 0231054 0231068 0231072 0231107 0331129 0231150 0231206 0031218 0231245 0431248 0031267 0231271 0231273 0431284 0331331 0231339 0431344 0031348 0231421 0431474 0431537 0231611 0231612 0231614 0231624 0231646 0431721 0031730 0331747 0231759 0431767 0231768 0431772 0231773 0231791 0431839 0031898 0431899 0231950 0032025 0432057 0432112 0432120 0332138 0332195 0432215 0232240 0232384 0032405 0032407 0232430 0432442 0232472 0032473 0332538 0032545 0332563 0232598 0232608 0232610 0032621 0232663 0332671 0232716 0232754 0032774 0332827 0232844 0432857 0032870 0432877 0432881 0232907 0432942 0233046 0233075 0233078 0433080 0433101 0233106 0333171 0433191 0433240 0433255 0233285 0333314 0433315 0433323 0233343 0433354 0033401 0433411 0433461 0333470 0233537 0333560 0233579 0333647 0233723 0233729 0233798 0233838 0233843 0233850 0233920 0333930 0433946 0233958 0334022 0434057 0234063 0034104 0034127 0234137 0034238 0234253 0234273 0334291 0434298 0334312 0234328 0434354 0434400 0034410 0034420 0234436 0434466 0434497 0434536 0234593 0434609 0034684 0034748 0434751 0034766 0034823 0034893 0135071 0235079 0335081 0235117 0335121 0235122 0435146 0235148 0035194 0435203 0235244 0435268 0335294 0435320 0035377 0235389 0035423 0235544 0435586 0235660 0235691 0335709 0035772 0235850 0435911 0035958 0435973 0236021 0236026 0236030 0436052 0436059 0036109 0236167 0036175 0236234 0236241 0436252 0236292 0036309 0436325 0236338 0236396 0036402 0336409 0436413 0436417 0436432 0336532 0436571 0436603 0236625 0236667 0236706 0336786 0436796 0436833 0336890 0336895 0336903 0236969 0237036 0237066 0037088 0237093 0337098 0437107 0037152 0237230 0337249 0037336 0237372 0237420 0037468 0337497 0037516 0037528 0337552 0337569 0037586 0237615 0237635 0037636 0437652 0437697 0037754 0237770 0437786 0437921 0337942 0338054 0038055 0338114 0238116 0238132 0238134 0038185 0238240 0238290 0038295 0038308 0038344 0238370 0238375 0038391 0438426 0438482 0438535 0238554 0338561 0238579 0038588 0238598 0338627 0338641 0038692 0438753 0238790 0238834 0238877 0238914 0038917 0238951 0238990 0238994 0239010 0039020 0239038 0339068 0239077 0039093 0339121 0439123 0239126 0339128 0439142 0239144 0039176 0439189 0039317 0239320 0039351 0239352 0239377 0239387 0439403 0339405 0439414 0339434 0439466 0239526 0439549 0339573 0039603 0439671 0239702 0439863 0439866 0339943 0440107 0440112 0240130 0040196 0340225 0040240 0240312 0440319 0040345 0240360 0340443 0340484 0040488 0240519 0040523 0440542 0440553 0340575 0240610 0440739 0340774 0340787 0340866 0240878 0040902 0440919 0240926 0340983 0240990 0241015 0341040 0241066 0441099 0241121 0041132 0041147 0241148 0241182 0041193 0241197 0341231 0241243 0441280 0241297 0041303 0241384 0041514 0241546 0241664 0241749 0241767 0341776 0241786 0041818 0241852 0441860 0041902 0341920 0041927 0241928 0241982 0442024 0442032 0242035 0042064 0442070 0442074 0242118 0442161 0242162 0242167 0242180 0042181 0442221 0242226 0242291 0442298 0042321 0242389 0042434 0342521 0242568 0342620 0042659 0442696 0242828 0042879 0042881 0442896 0342906 0042913 0242981 0042989 0243024 0243036 0243048 0443049 0243065 0343098 0043123 0243190 0343197 0243204 0243274 0243288 0243321 0343339 0243342 0343352 0443486 0243494 0443519 0343520 0443535 0243545 0243566 0243588 0243620 0443673 0243790 0243871 0243905 0043929 0243936 0044013 0044022 0044027 0444168 0244191 0244337 0444347 0444403 0044418 0044436 0244519 0244525 0444628 0044633 0244659 0244678 0044773 0044824 0444870 0244871 0244935 0244978 0345002 0445013 0345020 0045055 0245059 0245070 0045213 0245217 0245265 0245328 0445333 0045359 0345436 0045463 0345499 0345536 0245545 0445671 0445826 0245886 0245968 0246018 0046021 0046083 0246132 0246209 0246226 0446242 0346251 0446295 0446384 0246396 0346538 0346570 0346635 0346639 0246666 0246676 0446677 0246694 0046842 0246857 0346928 0046985 0247059 0347094 0047122 0347163 0247199 0047203 0247224 0247233 0247256 0247260 0047262 0047335 0247387 0247422 0047447 0247467 0247497 0347539 0247617 0247649 0247816 0047949 0347952 0448026 0248027 0048061 0048090 0248215 0448225 0048267 0048285 0248364 0048400 0348479 0248497 0248583 0248630 0248659 0348701 0048786 0448802 0048872 0248889 0048932 0448984 0249053 0249115 0249180 0249191 0249219 0049244 0449245 0249323 0049333 0049338 0449345 0449378 0049448 0349459 0449477 0449520 0449524 0349601 0249628 0049727 0249741 0249909 0349937 0249940 0049942 0049949 0449969 0249981 0250059 0050074 0250149 0350160 0250222 0450243 0250270 0050308 0050334 0050358 0450363 0350366 0450379 0350416 0250447 0450465 0250506 0250596 0250615 0250711 0050736 0250900 0050943 0251081 0351093 0351104 0251178 0451222 0351227 0251241 0251256 0251326 0251342 0251349 0251369 0451416 0351447 0351479 0251488 0051529 0051569 0251588 0251667 0451684 0051719 0251732 0251757 0051790 0251802 0051850 0051896 0051939 0051968 0251975 0452003 0452015 0252047 0052061 0452062 0052101 0252123 0052134 0252305 0052313 0052330 0352390 0252457 0352468 0452495 0052544 0252563 0352566 0252680 0252686 0452690 0052695 0352705 0252750 0052755 0252788 0252826 0052936 0252966 0452971 0052972 0253042 0253171 0353230 0253245 0053249 0253250 0253282 0053284 0253296 0253319 0453344 0053353 0053465 0053467 0053509 0253515 0253556 0053571 0253574 0253734 0053758 0353764 0453772 0253835 0053870 0253933 0253978 0053990 0354064 0254097 0354164 0054237 0054280 0254375 0054441 0254495 0054534 0054616 0254708 0254753 0254899 0454917 0055008 0055047 0055086 0055163 0455214 0355237 0255278 0355292 0355306 0255327 0255341 0055370 0255398 0055436 0255468 0055477 0055489 0055534 0255554 0455646 0255647 0255652 0355721 0055734 0255748 0255763 0055810 0055838 0055860 0255869 0355950 0256096 0256103 0256153 0456185 0256215 0056237 0356275 0056293 0056475 0256479 0256486 0256504 0056513 0256634 0056650 0256655 0256719 0456755 0056759 0356790 0256795 0056819 0256820 0356857 0256859 0056881 0456939 0356977 0256994 0456996 0357066 0057080 0257081 0357137 0057222 0257285 0357313 0057362 0357365 0457408 0057415 0357416 0257417 0257431 0057454 0257471 0057541 0457560 0257577 0257599 0057604 0457641 0057664 0057667 0057677 0057700 0357743 0057762 0057768 0257882 0257893 0257905 0257924 0057992 0457997 0258011 0058140 0058186 0358224 0058230 0458273 0458349 0258371 0258443 0258491 0458502 0258540 0058556 0358588 0358655 0458727 0258733 0058734 0458781 0058809 0058922 0458950 0058986 0259035 0259136 0359204 0259235 0259274 0459301 0059307 0059339 0359341 0259378 0059393 0359426 0259473 0259496 0059507 0059550 0059579 0459695 0059702 0259710 0059774 0459807 0459816 0459826 0259858 0459907 0359923 0059994 0260003 0260062 0360141 0260142 0260164 0260173 0460201 0060205 0360210 0260324 0260369 0060377 0360388 0060398 0060425 0360457 0260484 0260526 0260568 0260613 0060617 0260671 0060720 0260780 0360824 0060872 0061048 0261190 0261199 0361304 0261369 0261390 0261405 0361410 0061429 0061493 0261552 0061640 0061647 0061691 0361851 0061884 0061926 0061965 0062019 0062071 0262109 0362150 0462172 0062173 0462184 0062236 0062318 0262429 0262450 0062596 0062689 0262708 0062711 0362937 0262963 0262974 0063020 0263023 0063031 0063114 0063146 0363174 0063232 0263263 0263273 0363314 0063341 0263509 0063514 0263550 0063551 0463631 0063667 0263802 0263808 0063824 0263971 0064077 0264085 0064096 0264117 0264238 0264257 0264268 0264280 0264372 0064389 0064396 0264431 0064638 0364640 0364642 0264683 0064844 0264896 0064919 0264990 0264999 0065032 0265074 0265096 0265143 0265159 0065220 0465260 0465296 0265322 0365404 0265476 0065524 0265622 0365639 0065759 0065773 0065795 0365836 0365898 0265946 0265977 0265987 0066043 0266053 0066200 0266202 0366233 0266429 0266489 0266527 0366582 0066635 0066638 0266660 0266765 0266860 0366930 0066993 0366998 0367045 0367049 0367053 0367097 0267128 0067161 0267162 0267166 0067201 0067234 0267277 0067281 0067286 0267316 0067360 0067361 0267372 0267435 0367440 0067455 0467574 0367589 0267650 0267745 0267748 0367754 0267759 0067781 0067796 0067903 0267918 0268023 0068041 0068055 0268101 0268173 0068175 0068264 0068301 0068314 0068368 0268372 0268419 0068466 0068562 0268574 0368621 0068651 0368659 0268719 0268722 0068775 0268795 0268805 0068827 0268839 0268844 0268896 0068913 0268969 0269039 0269123 0369138 0069188 0069216 0269268 0269299 0069328 0069358 0069383 0069418 0369425 0269498 0269506 0069548 0069629 0369699 0069762 0269803 0069836 0069860 0069948 0369975 0270018 0270027 0070097 0270117 0270175 0270189 0370201 0470285 0270293 0370335 0470341 0270414 0070460 0270557 0070614 0270648 0270683 0270735 0070835 0070866 0470872 0070920 0070937 0370952 0370991 0071002 0371027 0271071 0271095 0271167 0271176 0471257 0071265 0271359 0271370 0071376 0071378 0071386 0271464 0071483 0271493 0071526 0371539 0071644 0071646 0071648 0071657 0271805 0071849 0271894 0471913 0272013 0272043 0372054 0072070 0272085 0272110 0072187 0072192 0272228 0272325 0272336 0472357 0372414 0272445 0272450 0272504 0072517 0072529 0272551 0272559 0272685 0272692 0372810 0372814 0272855 0372876 0272924 0272953 0273002 0073008 0073055 0373060 0373091 0273121 0073165 0273286 0373289 0273295 0273345 0273375 0273456 0073490 0073541 0273549 0073598 0473619 0073649 0073673 0273694 0073705 0073799 0273817 0273935 0373941 0273952 0274040 0274156 0074192 0074198 0274273 0374282 0274312 0374341 0074371 0374382 0274455 0374467 0074561 0274588 0274596 0074640 0074662 0074796 0474811 0274886 0274937 0074979 0375000 0075079 0075108 0275114 0275231 0275269 0075274 0475282 0275289 0475344 0275365 0075385 0375435 0075494 0075665 0275722 0075743 0375784 0075834 0275864 0075869 0075873 0375892 0375924 0075954 0075978 0076016 0276046 0276086 0376190 0276202 0076264 0376287 0076357 0376381 0276397 0276410 0076421 0076484 0076514 0276615 0076649 0276799 0276845 0076902 0276969 0077011 0277047 0077073 0377098 0277102 0477120 0077228 0077478 0377529 0077541 0077642 0277724 0077911 0077928 0277969 0277979 0077982 0278029 0278032 0078123 0078311 0378355 0378359 0278388 0278443 0078465 0078522 0278542 0478653 0078698 0078728 0078750 0278786 0078845 0378856 0378857 0378903 0278979 0078991 0079023 0079057 0079086 0079101 0079143 0079189 0079205 0279229 0079241 0079260 0379303 0279322 0279445 0279458 0279649 0079650 0079654 0279687 0079731 0479813 0379842 0279885 0079901 0079982 0079988 0080009 0280081 0380101 0280119 0280181 0280265 0080321 0080348 0280350 0280395 0280467 0280542 0080549 0280550 0280597 0280605 0280609 0280619 0380634 0280646 0080685 0280690 0080809 0080811 0080857 0280870 0080885 0080894 0080975 0281002 0081070 0281073 0281082 0081218 0281231 0281239 0281247 0381312 0381314 0281315 0381429 0081439 0081484 0081496 0081503 0081506 0381526 0081535 0281597 0481599 0281675 0081679 0081730 0281784 0081848 0081888 0282081 0282113 0282122 0282135 0282197 0282311 0282331 0382373 0082376 0082455 0482466 0282552 0082779 0082794 0282833 0282854 0082872 0082934 0082965 0282986 0082995 0083017 0083022 0083102 0083120 0283177 0083239 0483399 0383413 0383437 0283450 0083505 0083506 0383507 0283608 0283615 0083801 0083867 0383870 0283874 0283887 0083888 0083928 0284034 0084178 0284191 0084192 0084201 0284216 0284245 0284592 0284613 0284698 0284723 0284841 0084859 0085020 0285036 0085057 0485078 0085352 0085355 0385384 0285413 0085532 0085538 0285575 0385618 0385647 0085649 0285685 0285741 0285780 0085873 0085882 0085884 0285936 0085979 0085989 0085997 0086104 0286214 0086230 0286280 0086341 0286354 0286566 0286576 0286580 0086625 0286637 0286787 0086814 0086837 0286854 0086873 0286902 0286906 0086943 0286994 0087012 0387063 0287131 0287185 0387211 0087246 0087269 0087387 0087397 0287403 0087459 0087527 0087534 0087538 0287555 0087638 0287654 0287703 0087783 0287790 0087816 0287833 0287899 0087947 0387992 0088027 0088039 0388046 0288069 0388131 0088176 0088205 0088475 0288484 0088528 0388605 0288706 0288709 0388735 0088811 0088874 0088900 0288923 0088927 0088992 0388996 0089199 0089237 0389281 0289287 0089302 0089324 0289378 0289446 0289478 0089489 0089698 0089767 0089781 0089853 0089903 0089907 0089926 0290012 0290014 0390183 0090191 0290215 0290270 0290293 0090344 0090401 0090445 0290582 0090618 0290652 0090688 0290751 0090822 0390835 0290867 0090871 0290978 0291070 0091076 0391123 0391168 0391202 0091275 0091338 0291403 0091421 0391492 0391532 0091540 0091599 0291787 0291790 0091815 0091835 0091889 0091990 0392008 0092024 0092152 0292219 0092237 0092279 0292323 0092330 0292333 0292359 0092391 0092580 0092832 0392998 0093008 0093058 0093109 0293187 0293189 0093226 0293245 0293257 0093274 0093282 0293317 0293351 0093355 0293359 0293380 0293409 0293497 0093687 0293739 0393854 0093993 0094008 0094038 0094085 0394228 0294230 0294278 0094349 0294387 0394412 0094519 0394720 0094855 0294915 0494945 0094993 0095038 0095063 0295247 0295252 0095380 0095396 0095419 0295467 0095499 0095637 0095690 0095709 0095710 0095717 0095744 0095766 0295779 0295876 0395900 0095951 0095976 0096027 0096044 0096048 0096317 0296363 0396385 0296398 0096466 0096498 0096671 0296745 0096758 0096826 0096954 0097072 0097087 0097112 0297195 0297200 0097215 0297267 0097302 0097303 0097327 0297384 0297629 0297725 0397758 0097761 0297784 0297787 0297790 0297879 0097974 0098126 0298143 0298179 0298182 0098317 0098429 0098497 0398499 0398510 0098545 0298578 0098630 0098758 0398811 0398849 0399100 0099197 0299286 0299326 0399365 0099376 0299416 0299432 0099455 0099500 0299537 0399638 0299846 0099856 0099870 0299941 0299959 0099995 00100006 00100093 02100115 00100131 00100149 00100183 00100196 00100226 00100285 00100342 02100395 02100443 02100488 02100505 00100516 00100654 00100818 00100881 00100924 00100961 00100995 03101168 00101207 00101236 02101288 02101469 00101472 02101474 00101517 00101533 00101535 00101566 02101615 02101640 00101741 02101952 00101975 00102003 00102094 00102206 00102211 00102230 00102371 02102431 02102463 03102516 00102653 00102694 00102720 00102729 02102808 00102812 00102874 02102950 00103079 00103084 00103122 03103169 02103391 03103396 03103431 00103439 00103465 00103481 00103606 00103668 00103706 00103842 00103856 03103950 00103980 02104013 00104022 02104081 00104136 00104150 00104177 00104234 02104331 03104382 00104459 00104495 00104593 00104608 00104638 00104666 02104691 00104922 00104941 00104965 00104974 00105114 02105124 02105130 00105139 00105376 00105448 00105460 00105495 00105521 00105532 00105616 00105725 00105837 00105889 00105905 00105976 02105977 00106025 03106130 00106201 00106230 02106326 00106352 00106393 00106416 02106449 00106471 02106475 02106497 02106548 02106623 02106661 02106722 02106726 00106877 02107018 02107025 00107033 00107038 00107119 00107230 00107460 00107542 00107554 00107632 00107747 00107766 00108001 02108040 02108042 00108058 00108208 02108336 00108369 03108457 00108530 00108592 00108599 00108601 00108630 00108684 00108688 02108734 00108751 02108777 03108808 02108811 02108866 00108912 00108946 00109041 02109130 00109278 00109347 02109348 00109430 00109548 00109575 02109616 02109765 03109820 02109835 02109840 00109864 00109984 02110028 03110060 02110143 00110287 02110323 02110339 00110356 02110385 00110421 00110540 02110595 00110625 00110627 00110643 00110657 00110670 00110751 00110970 00111000 02111053 00111078 00111121 00111210 02111274 00111312 00111341 00111419 02111460 00111477 02111496 02111587 00111597 02111632 00111716 02111727 00111736 00111746 00111769 02111921 03112019 00112024 00112038 02112116 00112121 02112264 00112293 00112459 00112577 00112676 00112799 00112837 00112847 00112915 00112945 00113001 03113105 00113160 02113233 02113327 02113433 00113583
91620701 0525 0539 0484 0493 0394 00102 04117 04148 02185 04227 04263 04267 00274 04300 04320 03333 00339 04345 04385 03414 04454 02552 02590 04609 04612 04628 04650 04662 04749 01811 02841 04843 04974 04980 04985 02990 001017 021037 041058 041067 041080 031084 041089 041154 041159 031168 031194 031257 001286 041308 021382 041392 031396 031403 041414 021438 031440 041474 041481 031500 021540 041552 041613 031617 041682 031706 021717 031731 041741 041747 041760 021793 041838 021840 031860 041874 041941 021945 042026 002038 042049 042069 032079 042093 042100 042133 022147 042149 042181 022201 042219 042265 042297 022310 032339 002428 022431 042447 042451 042507 042534 032538 042586 042642 032649 042707 022716 022748 042759 002762 042769 042783 042785 042793 022825 032870 042871 042889 032900 042981 043011 043026 043029 043069 043156 043161 043186 043202 043208 023239 043268 043280 023310 033324 023370 023380 043395 033401 043434 043448 043456 043465 033469 043478 043484 033489 023490 033493 043564 023591 033603 023640 003658 043692 033700 043725 043736 043739 043768 043853 033854 023887 043902 003931 043999 024006 024025 044056 044105 044111 044200 044240 024241 024303 044319 044330 044338 044366 044388 044413 034440 044445 024466 044492 044544 044552 044563 024570 044597 044668 044738 044773 044796 024832 044929 044964 024974 004975 044978 044986 045000 045030 045045 045048 025113 025137 035163 025172 025229 045253 025255 045274 005288 045297 045339 025348 045389 045397 045420 035437 045453 015472 035528 025547 025570 045598 025635 045660 045664 045675 045711 045715 045734 035749 025765 025794 025803 045828 035832 025850 045851 045879 045892 045922 045951 025990 045993 026044 046117 006185 046234 046338 006396 046464 026484 036502 046505 036533 046588 026630 036642 046663 046674 046684 046695 046719 006775 036794 036835 046846 046881 046889 046898 046902 026919 046962 027000 047040 037041 047043 027046 047117 037121 007124 047126 047145 047191 027196 047198 037203 047216 027236 047240 037264 037301 047315 047319 027339 027343 047357 047392 007417 047469 047473 047509 047515 037524 037556 037559 047600 047618 047646 047699 047748 027750 047752 027753 047801 047810 007823 047900 047904 007918 047929 007946 047990 008000 048001 048010 028044 048046 038076 048079 038084 048090 048132 048142 028189 038193 048219 048241 048252 048278 048295 048308 048316 038369 048405 048426 048461 048502 048505 048536 048540 038623 028716 048736 048756 048766 028791 048858 048879 038918 038924 008948 048969 008982 048983 048984 049040 049050 049107 039108 029109 029120 049123 039126 009157 049190 029195 049241 029277 049296 029343 049396 049400 029429 049431 039437 049439 049463 039488 049505 009512 049608 039610 049621 049638 049706 049730 029741 029745 049746 039790 029801 049894 009912 009932 0410006 0210129 0410136 0410146 0410285 0210292 0410293 0410299 0410337 0210385 0210387 0310408 0410452 0410463 0210543 0410550 0410563 0410574 0210581 0410585 0010648 0410662 0210676 0010684 0410747 0210758 0310796 0210843 0410855 0410886 0410890 0410897 0410918 0310921 0210952 0410979 0410986 0411009 0311013 0411029 0211060 0211067 0311088 0211212 0411275 0011282 0311315 0211318 0411343 0311361 0211362 0411403 0411412 0211426 0411442 0311458 0411583 0411592 0211594 0211606 0311613 0411618 0411644 0311673 0411712 0411729 0411769 0411773 0411845 0411911 0011920 0411925 0211942 0411955 0411973 0311989 0011997 0012028 0212061 0412075 0212094 0412096 0412119 0212149 0312151 0412173 0312174 0412200 0212201 0312208 0212213 0412276 0412336 0212345 0412347 0412395 0412483 0412501 0012508 0312523 0412592 0412652 0412663 0412729 0212741 0412762 0412790 0212831 0412868 0212871 0412872 0412876 0212916 0412924 0412966 0412995 0013011 0213020 0413039 0313150 0413153 0313236 0213241 0413254 0413286 0413326 0413337 0413352 0413374 0413398 0013401 0413464 0213501 0213564 0413590 0413599 0213618 0413623 0413655 0413673 0313719 0213721 0413762 0413797 0413847 0413863 0213878 0213881 0013902 0413903 0213926 0413928 0213944 0213972 0414006 0414042 0314060 0314066 0314101 0414127 0314186 0414219 0214221 0414225 0414228 0414247 0414281 0414343 0414351 0214397 0214438 0214467 0414470 0414639 0014647 0414689 0314701 0214725 0214743 0014749 0214787 0414912 0414913 0414920 0314968 0315002 0415026 0415054 0215191 0415229 0315230 0415268 0215341 0215344 0415357 0215377 0415445 0415514 0215516 0215530 0215539 0015540 0415698 0415701 0415714 0415728 0215762 0315779 0215790 0215801 0315851 0015853 0215854 0415867 0215885 0315891 0315946 0015947 0415952 0015995 0415998 0216000 0016028 0016037 0316049 0316077 0316091 0316121 0216137 0216171 0316226 0016228 0016241 0416242 0216268 0016270 0016364 0416378 0316416 0416429 0416474 0416531 0416548 0416560 0016589 0416613 0416626 0416629 0416658 0416747 0316804 0016811 0416819 0216833 0216869 0316937 0016945 0416996 0417038 0417087 0417117 0417153 0217163 0417195 0217198 0217202 0217232 0317275 0017297 0317304 0417307 0217336 0317447 0417467 0417483 0317502 0017503 0217507 0017577 0417595 0417606 0417634 0217665 0417711 0217734 0017752 0317765 0417776 0417783 0417784 0417797 0017814 0417867 0317886 0417913 0417928 0317929 0317979 0418001 0318040 0318046 0318056 0018060 0318062 0418081 0418105 0318112 0418144 0218151 0218254 0418278 0018307 0018320 0418348 0418377 0418420 0218452 0418506 0318516 0218520 0418565 0418571 0418573 0418586 0218627 0418640 0218659 0418670 0418677 0318707 0418760 0018774 0418816 0418824 0418839 0418858 0218881 0318929 0419001 0319012 0319028 0419067 0319084 0219126 0419131 0419188 0319203 0319206 0419217 0019257 0419259 0419327 0419338 0019359 0219364 0019413 0419543 0219620 0419625 0019630 0419719 0419723 0219730 0419803 0219806 0419808 0219870 0319911 0219953 0419955 0319984 0020003 0420007 0420042 0220059 0420065 0420066 0420083 0220126 0420137 0220138 0420169 0320215 0420238 0220249 0320328 0020354 0420355 0420372 0320407 0220413 0220435 0020445 0420528 0220562 0320581 0420585 0420608 0020677 0420692 0420700 0420706 0420738 0420771 0320785 0020838 0420879 0220948 0321098 0421145 0321172 0421185 0421266 0421285 0421306 0021356 0421376 0421411 0221449 0421462 0221469 0021511 0221550 0421559 0421588 0221604 0421681 0221737 0421738 0321739 0421750 0221793 0221818 0421820 0221854 0421876 0421945 0421948 0421983 0221987 0422003 0422051 0322082 0222111 0322142 0422206 0422245 0022267 0422345 0222352 0422388 0322392 0422441 0022467 0022555 0222591 0222628 0322689 0422746 0422768 0022784 0222798 0222806 0422921 0222933 0422941 0423044 0023046 0223047 0423064 0223093 0323106 0423143 0223147 0023164 0223197 0423220 0323221 0223235 0323333 0423391 0423406 0223419 0223464 0423543 0023579 0423580 0223616 0223620 0323689 0423717 0223747 0223767 0223782 0223786 0423839 0423913 0423923 0423972 0024140 0224156 0424179 0224214 0424351 0224444 0424482 0224484 0424496 0324510 0424520 0424557 0024584 0424590 0324623 0224682 0224692 0224767 0424768 0424795 0424816 0424844 0224883 0424942 0024962 0424992 0225019 0425153 0425257 0225307 0225309 0425326 0325340 0425425 0225439 0425454 0425488 0425494 0425522 0425533 0225626 0225628 0225678 0425699 0425705 0225722 0425735 0225737 0425907 0225957 0426027 0426095 0426105 0326106 0226121 0226157 0426207 0226230 0426283 0426305 0426341 0426392 0326431 0426450 0226458 0226464 0226483 0226522 0426637 0426674 0226678 0326792 0426795 0426865 0226902 0326950 0227094 0427132 0427136 0227138 0027175 0427182 0227205 0227305 0227331 0027351 0427431 0027452 0427516 0427523 0427544 0427600 0027619 0427684 0427685 0227697 0327719 0227732 0427819 0227834 0427886 0027900 0427920 0027963 0328021 0428090 0428123 0428169 0228268 0228274 0428328 0428335 0428435 0228447 0028485 0028494 0228530 0228532 0428570 0228682 0028688 0328691 0428747 0228788 0428792 0428827 0228857 0028858 0428912 0428946 0028983 0429002 0429053 0229083 0229095 0429109 0229173 0429183 0029269 0229349 0229423 0229436 0429460 0229486 0329523 0429534 0429576 0429583 0429601 0229610 0229616 0429703 0229704 0429716 0029729 0429778 0429781 0429798 0429813 0229852 0229876 0429966 0329967 0029985 0230039 0430094 0430113 0030126 0430127 0330136 0430180 0430188 0330197 0230205 0130231 0330273 0230275 0230279 0230285 0430311 0330357 0430374 0430381 0330434 0430464 0230483 0230510 0430518 0030578 0430652 0430677 0330684 0430694 0030720 0430780 0230788 0230796 0230802 0330828 0430869 0230885 0030946 0430961 0430963 0031006 0431007 0231023 0331051 0231141 0231163 0431189 0431225 0431297 0231371 0231393 0231449 0331456 0431459 0231655 0031676 0231695 0431699 0031708 0431709 0431749 0331816 0431871 0431891 0231905 0231911 0431923 0332003 0432028 0032085 0232142 0232180 0232251 0032260 0232359 0232397 0232419 0032435 0232452 0232484 0032492 0232520 0432560 0432612 0432638 0032653 0432735 0232761 0232786 0232809 0432826 0232865 0232867 0232944 0432956 0332971 0432998 0233040 0433111 0433136 0433230 0233273 0433275 0233297 0333342 0033380 0233460 0433526 0233549 0233615 0433676 0233733 0033761 0433837 0433842 0033867 0233902 0033932 0233976 0434032 0434059 0434123 0334148 0234216 0234390 0434423 0434492 0234509 0434538 0234540 0234548 0334578 0234579 0034603 0434623 0034674 0234698 0234770 0434777 0434806 0234810 0434880 0434900 0235009 0435017 0235059 0235082 0235089 0435103 0235161 0035177 0235208 0235218 0335221 0235226 0435292 0235304 0235314 0235362 0435418 0035420 0035545 0335548 0435559 0435561 0435598 0435656 0035721 0435766 0335858 0235870 0235885 0235890 0435898 0435931 0236032 0336080 0236081 0036113 0436141 0236182 0436228 0236246 0436257 0336261 0436300 0436434 0236520 0436573 0236578 0236598 0436647 0236675 0436745 0236924 0436946 0336951 0236992 0437105 0237146 0337197 0037247 0437263 0037297 0037319 0437357 0237386 0437400 0237462 0237539 0237541 0237565 0437584 0037597 0337619 0437625 0337632 0437634 0437671 0037695 0337826 0237873 0437877 0238179 0438192 0038307 0338334 0038461 0238481 0338490 0338509 0038519 0338525 0238549 0238615 0238649 0238665 0038846 0238859 0238889 0438920 0238961 0239013 0239017 0439059 0439130 0239168 0439174 0239178 0039184 0339229 0439235 0339265 0239266 0239302 0239304 0439314 0439344 0439380 0039493 0439563 0239581 0239608 0339616 0039693 0239886 0239916 0339924 0239956 0339994 0440067 0240075 0440096 0240110 0440116 0040163 0040207 0240236 0240265 0440272 0240291 0040297 0440361 0240423 0240435 0340471 0240522 0340548 0440550 0240580 0440613 0440618 0040630 0240689 0240805 0240831 0440843 0440859 0440868 0040932 0440959 0240974 0040995 0441038 0441043 0241051 0441075 0441084 0041151 0441223 0341261 0441312 0341313 0241323 0241365 0441393 0241402 0241418 0341524 0041615 0041659 0241763 0241793 0041803 0241842 0041857 0441865 0241874 0041962 0442003 0242012 0242019 0342053 0242091 0442111 0242299 0342317 0442351 0342464 0442495 0342587 0242625 0442628 0242667 0042682 0442691 0442738 0242750 0242762 0442777 0342783 0242785 0442795 0442803 0442825 0342841 0442850 0442887 0442947 0042966 0242996 0043038 0443055 0043092 0243099 0343122 0243128 0443136 0243142 0443151 0443308 0043354 0443361 0243370 0443437 0243484 0443503 0443528 0343549 0443558 0343567 0243662 0243735 0243741 0243792 0443804 0443816 0243842 0443843 0043853 0343898 0043907 0343913 0243939 0244038 0044064 0244133 0344139 0444147 0044179 0344226 0444333 0444352 0444464 0244481 0244562 0044585 0044586 0044614 0244624 0444672 0344749 0344825 0444876 0244910 0244951 0445058 0345079 0245104 0245133 0345152 0445263 0445280 0245291 0245361 0045424 0045437 0045450 0245563 0245635 0245679 0245689 0045690 0245767 0245847 0345902 0045910 0246006 0046010 0346088 0246096 0446181 0446202 0246203 0446250 0046253 0346262 0346316 0346423 0246494 0046597 0346667 0046707 0246720 0046723 0246849 0446892 0046919 0246948 0246961 0346981 0447053 0347098 0347149 0447315 0447355 0447374 0247490 0347550 0247592 0047635 0247643 0047679 0447736 0347786 0047820 0447823 0247838 0447896 0047959 0248019 0048020 0048041 0048086 0348091 0448148 0348151 0448173 0348206 0248226 0048245 0048255 0248257 0248269 0248272 0448314 0048315 0048336 0248342 0348376 0248433 0248456 0048490 0248495 0048514 0448519 0248560 0248666 0348679 0348711 0448713 0448749 0248836 0248855 0448881 0248954 0248958 0049036 0349048 0049170 0049218 0349239 0349254 0249325 0249334 0349343 0249412 0049479 0249494 0449508 0049515 0249607 0249644 0449667 0349721 0049724 0249736 0049757 0449898 0249980 0250079 0050297 0450357 0450420 0250436 0050537 0350555 0250616 0450703 0250706 0250721 0050745 0350771 0350810 0450829 0350839 0250867 0251031 0251133 0051216 0051263 0251288 0351352 0251359 0051417 0051496 0451550 0251554 0351599 0051653 0051680 0251914 0451967 0252013 0252043 0352055 0352103 0252188 0452397 0252406 0352463 0252478 0252533 0252558 0452645 0252760 0452761 0252771 0452825 0252842 0052899 0452905 0252933 0452954 0052964 0052978 0053101 0253144 0253152 0253211 0353226 0053266 0253290 0353293 0353341 0453403 0253404 0053406 0253490 0253540 0253605 0253683 0053688 0253703 0253711 0253723 0053757 0453780 0053830 0053859 0253891 0353940 0453961 0053989 0354042 0454066 0054071 0354117 0254254 0254317 0254322 0254338 0354356 0254492 0454544 0254580 0254622 0054705 0054772 0254777 0254829 0255016 0255109 0455159 0255227 0255229 0255232 0455252 0255253 0255259 0255295 0255312 0255359 0455368 0355383 0055555 0255558 0355568 0455594 0255627 0455685 0255771 0055835 0255900 0055990 0256018 0356028 0256036 0256064 0256184 0056277 0256419 0256530 0256534 0256603 0056640 0056717 0056771 0056931 0257007 0357054 0257085 0257202 0457235 0057261 0457311 0257340 0057396 0057512 0057522 0457529 0057557 0057590 0057629 0057649 0357674 0457742 0257750 0057801 0257838 0457897 0057914 0457947 0057996 0258061 0358096 0258099 0058113 0458138 0258219 0258312 0258335 0258338 0358390 0258392 0458420 0058424 0358425 0258486 0058498 0058547 0258561 0058562 0258642 0058677 0258692 0258735 0458773 0058775 0258794 0258892 0358900 0258904 0358918 0058978 0358979 0359099 0059196 0259199 0059309 0259314 0059317 0259326 0059511 0259518 0259558 0259623 0059631 0359757 0459804 0459852 0259930 0059943 0260000 0360089 0260101 0260187 0260268 0360330 0260346 0060530 0260583 0360594 0260652 0460813 0060901 0460924 0360973 0061077 0461079 0061097 0361237 0261258 0261260 0261314 0061380 0261400 0461517 0261530 0261534 0261543 0061777 0261785 0261795 0261854 0261891 0461906 0061939 0061952 0262030 0262048 0362119 0462220 0262244 0262250 0262371 0262392 0362507 0262528 0262559 0062601 0262653 0462672 0062690 0362733 0462735 0262878 0262901 0262947 0062998 0263054 0263083 0263112 0363218 0263276 0263308 0063407 0263411 0063416 0063452 0063482 0263537 0063582 0263621 0063664 0063694 0363724 0263728 0363771 0363785 0263817 0263880 0063887 0063901 0263963 0064000 0364014 0364063 0264088 0264172 0264190 0364208 0264277 0264292 0264400 0264433 0464472 0464482 0364549 0264555 0364594 0464623 0364766 0264770 0264802 0364832 0264849 0264881 0064961 0265010 0365037 0365048 0065144 0265266 0465285 0365289 0265299 0265380 0265507 0065576 0365604 0265626 0265652 0065669 0365674 0265677 0265701 0365705 0265739 0365787 0265837 0465858 0365875 0265887 0265942 0065992 0066149 0066162 0266169 0266191 0066195 0266266 0266267 0266307 0066308 0466319 0266321 0266379 0266417 0266433 0366441 0266462 0066471 0266485 0266545 0066591 0066679 0266741 0066793 0066861 0067007 0067124 0467160 0267185 0067237 0267356 0267403 0267420 0267421 0267425 0267438 0267448 0067550 0067662 0367733 0067739 0067799 0267914 0067948 0067951 0367984 0268111 0368139 0268151 0368163 0268219 0068247 0268291 0368382 0268384 0268387 0368475 0268507 0268638 0268690 0268730 0068924 0368982 0069018 0069112 0069201 0069362 0369412 0369421 0269476 0069483 0269487 0369510 0069540 0269542 0269572 0269701 0269745 0269792 0269816 0469819 0069826 0469888 0269908 0269937 0269998 0270146 0070156 0370319 0270323 0070361 0270372 0070398 0370432 0270434 0070529 0070541 0270577 0270613 0270674 0270857 0070890 0071040 0471111 0071156 0071181 0071282 0271328 0071329 0271478 0071586 0071656 0271718 0071796 0271927 0271997 0072041 0272067 0072196 0372199 0272367 0072415 0072448 0372472 0072523 0272800 0272816 0272835 0272874 0272880 0272882 0072972 0072981 0272994 0273009 0373145 0073148 0273168 0473201 0373215 0073270 0073316 0373330 0273342 0273362 0073478 0373483 0073492 0073635 0073704 0273786 0073813 0273853 0073879 0073915 0273964 0273993 0074009 0074021 0074088 0074110 0274137 0274195 0074247 0274268 0074335 0074381 0274479 0274512 0274591 0474636 0074642 0274668 0274752 0374758 0274765 0474848 0274998 0075026 0275194 0375207 0375228 0275238 0275575 0075589 0275603 0275604 0475635 0275646 0075728 0075746 0475752 0275779 0275831 0075986 0276041 0276080 0276092 0076186 0076246 0276283 0376285 0276291 0076363 0376368 0076391 0276445 0076457 0076566 0076570 0076631 0076638 0376710 0076761 0076940 0076970 0277014 0077070 0277072 0277093 0077124 0077210 0277279 0277295 0077296 0077436 0077461 0277539 0377582 0377589 0077593 0277594 0077633 0277768 0277826 0077913 0377962 0377993 0378055 0278096 0078167 0278182 0078189 0078194 0078216 0078229 0078237 0378297 0278356 0278409 0378430 0278461 0078482 0278515 0078606 0278683 0278725 0278734 0078919 0078952 0078970 0079121 0079157 0079244 0079272 0079339 0079366 0079517 0279621 0279635 0279664 0279667 0279669 0079737 0079739 0079773 0079868 0079873 0079989 0080000 0080019 0480024 0280030 0280056 0380107 0480118 0080120 0380131 0280168 0280214 0280261 0080401 0280420 0080423 0380472 0280486 0280561 0080687 0380694 0380703 0380782 0080806 0281040 0081055 0281067 0281136 0281162 0281283 0281431 0081463 0081673 0281728 0381882 0381936 0082051 0082082 0082090 0082143 0082203 0082208 0082250 0282299 0282395 0282402 0082421 0082479 0282505 0082539 0082560 0282606 0082748 0482888 0082923 0382935 0282958 0082987 0283088 0383106 0283192 0083249 0083408 0483557 0083587 0283610 0083614 0283637 0283773 0383954 0084001 0284009 0084065 0384094 0084194 0084207 0284235 0084239 0284332 0084362 0284447 0284500 0284509 0284532 0284535 0284573 0084620 0384623 0084649 0284656 0084687 0384746 0084753 0284789 0084891 0084916 0385007 0385053 0385157 0285337 0085348 0285444 0485453 0285564 0085601 0385613 0285630 0285632 0285668 0285698 0085775 0085781 0285805 0285949 0085993 0286067 0086076 0286086 0086087 0086129 0386137 0086174 0086220 0286257 0086372 0386424 0286449 0286454 0386501 0086538 0286557 0286561 0386569 0286636 0286669 0286671 0086727 0086755 0386765 0386864 0286892 0486926 0287008 0287078 0087146 0287181 0287205 0387241 0087282 0087323 0287324 0087374 0087398 0087404 0087486 0087526 0087540 0087566 0287585 0087606 0287666 0287731 0087750 0287802 0287871 0387886 0088062 0388147 0288172 0088302 0088310 0288316 0288324 0088395 0088531 0288561 0088643 0288775 0288779 0488807 0288846 0288905 0289028 0089032 0289128 0289295 0289320 0289329 0089350 0389432 0089475 0489611 0289626 0089673 0089699 0089743 0089856 0289920 0289930 0289943 0390032 0290180 0090184 0090260 0090297 0290311 0090349 0090365 0090405 0390570 0290603 0290698 0290708 0090709 0090713 0290747 0290824 0290929 0290977 0090981 0290982 0391067 0291085 0291091 0291185 0391206 0091228 0391332 0391438 0291470 0091511 0291530 0291653 0291707 0091725 0291753 0091782 0091823 0291855 0091912 0291942 0292040 0292050 0292113 0092158 0292193 0092240 0092289 0092340 0392464 0392496 0292596 0292617 0292645 0092656 0292740 0292808 0092846 0292976 0392993 0093028 0293039 0093088 0093141 0093149 0093232 0093240 0293310 0293465 0293469 0293573 0093766 0293931 0293990 0093994 0294191 0394201 0294240 0094255 0294298 0494339 0294376 0094384 0294394 0294425 0094456 0094531 0294824 0095033 0095161 0395207 0295274 0095305 0395341 0495367 0095408 0095601 0095611 0095695 0095784 0095797 0095815 0295827 0295984 0096113 0096189 0296215 0096252 0096361 0096482 0396573 0296612 0296638 0096645 0296675 0296713 0096852 0296903 0296925 0096958 0097033 0097038 0297231 0297237 0097260 0297314 0097388 0097470 0097471 0297623 0097701 0097716 0297760 0397766 0097953 0097995 0298002 0398050 0098075 0098087 0298129 0098299 0098326 0098660 0098672 0098686 0098782 0398865 0098870 0098938 0098947 0299060 0299097 0099179 0099226 0299237 0299349 0099397 0099411 0299476 0299587 0099621 0299868 0099914 0099939 00100144 02100173 00100300 03100344 00100417 03100421 02100544 02100658 02100718 00100741 00100889 02101028 00101114 03101180 02101269 02101271 00101319 00101351 00101356 02101374 00101383 00101418 00101468 00101480 00101481 02101541 02101556 00101572 02101632 00101636 02101663 00101816 02101849 03101910 00101915 00101967 02102089 00102359 02102367 00102482 02102483 02102508 00102639 00102687 02102737 00102752 02102768 02102796 02102802 02102819 03102852 00102878 00102994 02103110 00103224 00103239 02103532 00103550 00103567 00103626 02103687 00103765 02103886 02103905 00104055 02104259 00104265 00104345 00104396 03104461 00104472 00104489 02104748 02104822 02104882 02104976 00105141 02105145 00105195 02105207 03105261 00105276 03105384 00105484 02105485 00105504 02105554 03105581 00105582 03105583 00105642 02105823 00106086 00106148 02106186 00106189 02106233 02106267 03106415 00106456 03106498 02106537 00106604 03106833 00106845 02106903 00107113 02107236 02107290 00107351 02107483 00107559 00107594 00107660 02107712 02107821 00107841 02107981 03108072 00108187 04108284 00108453 00108526 02108610 00108614 02108726 00108738 02108829 03108941 02109047 03109091 00109119 00109192 02109241 02109264 00109325 02109468 02109495 02109583 00109690 00109695 00109810 00109873 02109878 00109917 00109946 03110068 00110082 02110106 02110189 00110218 02110221 00110228 00110361 02110379 00110446 03110490 00110661 03110729 00110735 00110768 03110815 00110826 02111007 00111013 00111029 00111064 00111290 00111325 02111428 00111433 02111441 00111469 00111473 03111492 02111517 00111603 02111613 00111689 00111714 02111812 02111817 02111918 02111944 00111993 00112073 02112230 00112257 03112290 00112306 02112321 00112450 00112525 00112550 00112757 00112815 00112985 03113074 02113166 02113175 02113200 00113201 02113231 02113265 03113346 03113509 02113562
91620711 0526 04110 04221 00259 03439 02787 00874 04893 001353 021394 021397 041499 021562 001609 041708 021873 042059 042293 002331 022525 042899 043103 023130 043189 003191 043245 043334 003620 043781 023926 044217 044236 004264 034331 044655 034860 024999 025025 025223 015233 025246 025300 005366 045535 035567 035785 025817 025856 005868 025981 036112 006349 036409 046713 016888 047278 027308 007344 047607 007743 027744 027822 047912 028282 048340 048392 028431 008844 049035 029127 049141 049434 039452 049709 049803 049861 029961 0010018 0210076 0210106 0010145 0010305 0010526 0410642 0010719 0010920 0311116 0411160 0211167 0011176 0211283 0011290 0011461 0211598 0411665 0311709 0211710 0011741 0011814 0011841 0011881 0211947 0212045 0412240 0312253 0212360 0012367 0312428 0412697 0312819 0212993 0413065 0413166 0213174 0313336 0413545 0313576 0013605 0213838 0314131 0014147 0314165 0014335 0014468 0214506 0414721 0014826 0214896 0415006 0015150 0315177 0215221 0315240 0415244 0215433 0415614 0015881 0015951 0216007 0016063 0416120 0216158 0016220 0016252 0416291 0016398 0216777 0016800 0016828 0016849 0416990 0017014 0017136 0017398 0217402 0417419 0317453 0017659 0317871 0217996 0218015 0218041 0018197 0418295 0218525 0018592 0018671 0018702 0018754 0018782 0318827 0318919 0018969 0019074 0419162 0019185 0219186 0319311 0219371 0419521 0319646 0019802 0019848 0419861 0220098 0220691 0220716 0020783 0420899 0420940 0021118 0221184 0021249 0421263 0021380 0021470 0021587 0021616 0021618 0421657 0421665 0022293 0022398 0022514 0322687 0022765 0022775 0023148 0423403 0023478 0023494 0423585 0423607 0023710 0224025 0324089 0224219 0024378 0224384 0324452 0024885 0025002 0225178 0225210 0325243 0325423 0025728 0225873 0425964 0426326 0326506 0426618 0426799 0226801 0226862 0026999 0027084 0027148 0027227 0427476 0027682 0027860 0327894 0228063 0228131 0128144 0228193 0328282 0228444 0328546 0228678 0328926 0229124 0029429 0029617 0429700 0030019 0030109 0030137 0030330 0030484 0030504 0030543 0330594 0430790 0030832 0031036 0231106 0031170 0331319 0031351 0031376 0231413 0031471 0431533 0031625 0031680 0331845 0032119 0032184 0232238 0232309 0432327 0432445 0432584 0432615 0032678 0332862 0433186 0033291 0033320 0033410 0033452 0233583 0033661 0333680 0033687 0233774 0033791 0234031 0034035 0034046 0334094 0334202 0334218 0234268 0034341 0034426 0034589 0034722 0034883 0035195 0335351 0035374 0435642 0435653 0035871 0035929 0235962 0036012 0236132 0236222 0436502 0436561 0436726 0236835 0036867 0036945 0036999 0237009 0037234 0237236 0437315 0237388 0337412 0037540 0037572 0037589 0037648 0437650 0237782 0237875 0038136 0038332 0238337 0038430 0238477 0238497 0338532 0038568 0038616 0038632 0038683 0238699 0238824 0238992 0038993 0339209 0039390 0039464 0439502 0039635 0039704 0339789 0039796 0439875 0039952 0440102 0040379 0340400 0040513 0340588 0040598 0440734 0240839 0040949 0041069 0041160 0241331 0241357 0341445 0241610 0041672 0041726 0041859 0042272 0342530 0042648 0042709 0242781 0042862 0042985 0443032 0243108 0243112 0043133 0043282 0043456 0243458 0043609 0343700 0443791 0043854 0043857 0043949 0243968 0044039 0044116 0244140 0044299 0044428 0244539 0244548 0244559 0244570 0344657 0044721 0044883 0445024 0045159 0445203 0345249 0245308 0345529 0245554 0045684 0045713 0045921 0245994 0046002 0346375 0046417 0246432 0346684 0246719 0246773 0246794 0046973 0046999 0247088 0347156 0347174 0247204 0247313 0247425 0247448 0047603 0047870 0248227 0048282 0448290 0048378 0248757 0248763 0048805 0048831 0248938 0349031 0349080 0049098 0349403 0049405 0049464 0049516 0049548 0049661 0249823 0049845 0349857 0049874 0049875 0050259 0050511 0050522 0050557 0050558 0050595 0250741 0250945 0051024 0051339 0251458 0051890 0051953 0052084 0052136 0052238 0052253 0052631 0052751 0052848 0053297 0353338 0053386 0053426 0053751 0053771 0053947 0054056 0054120 0054215 0254241 0054285 0054395 0054478 0054576 0254643 0054695 0054797 0254838 0054843 0455286 0055305 0355403 0055504 0055538 0255547 0255585 0255590 0055674 0055856 0055969 0056276 0056302 0056310 0056336 0256374 0056502 0056555 0056595 0056736 0056855 0056983 0356993 0057407 0057456 0257532 0057547 0057579 0257679 0057880 0057972 0358049 0358108 0058109 0258402 0058411 0358413 0058490 0058589 0058619 0058661 0058670 0058783 0058792 0058812 0058815 0458823 0058967 0058969 0058988 0059032 0059209 0359246 0059451 0059463 0359855 0259920 0260136 0060162 0060289 0060413 0260416 0060557 0060649 0460864 0460909 0061101 0061159 0261307 0061344 0361484 0061501 0261539 0261571 0061573 0461698 0061787 0061841 0361856 0262052 0262098 0062122 0062205 0062364 0062405 0262431 0062456 0062467 0062471 0062556 0062604 0062628 0062633 0262721 0062768 0262824 0062929 0062938 0262952 0063077 0063125 0263478 0063608 0263623 0263766 0063773 0064028 0064054 0064248 0064284 0264470 0264774 0064779 0064860 0064902 0365004 0265024 0065171 0065189 0065231 0065349 0065410 0065479 0065583 0265700 0065785 0065860 0365945 0066054 0366178 0066185 0266222 0066282 0066403 0066544 0066623 0066819 0066838 0067078 0067137 0067147 0267157 0267188 0067245 0067285 0067479 0067554 0067624 0267675 0267867 0067986 0068004 0068108 0268277 0068359 0268455 0268604 0068681 0068706 0268975 0369013 0069036 0069043 0469392 0069457 0269574 0069577 0069729 0369783 0069785 0069852 0069982 0470149 0070411 0070419 0070596 0070601 0070618 0070650 0070695 0070795 0070935 0270972 0071352 0071622 0071670 0071728 0271834 0071962 0072101 0072245 0072275 0272295 0372393 0272416 0072625 0072758 0072813 0072902 0072986 0373337 0073693 0074292 0274357 0074592 0074759 0074781 0074844 0274880 0074939 0274967 0275061 0275221 0075281 0075451 0075539 0075598 0075622 0275683 0075994 0076157 0076286 0076316 0076403 0376470 0076591 0276757 0076762 0076856 0076865 0076874 0076910 0077003 0077044 0077086 0077259 0077311 0077313 0277497 0077788 0077814 0277840 0277927 0077929 0277959 0078058 0078104 0078134 0078180 0078225 0278258 0078320 0078367 0078411 0278423 0378435 0078476 0078809 0078839 0079049 0079183 0079284 0079293 0079365 0079369 0079382 0079439 0279529 0079595 0079610 0079620 0079768 0279769 0079774 0079800 0080001 0280007 0080150 0080175 0280433 0080462 0380476 0080787 0281033 0081059 0081156 0281173 0081253 0081286 0081387 0281403 0281424 0081441 0281494 0081523 0381714 0081819 0081845 0081873 0381944 0081946 0281984 0082019 0082121 0282199 0082246 0082473 0082604 0082686 0082704 0082721 0082866 0282915 0083058 0083196 0383300 0083306 0083377 0083434 0283520 0083542 0083630 0384015 0084088 0084167 0084813 0084936 0085002 0085126 0085311 0085369 0085784 0285789 0085864 0285947 0386108 0086208 0286215 0086390 0086510 0086541 0386706 0086770 0086832 0086919 0086958 0387099 0087102 0087229 0087356 0087364 0087426 0087452 0087655 0387720 0287770 0087805 0087998 0088111 0088186 0088288 0088440 0388451 0088588 0088716 0088835 0088930 0089104 0089282 0089464 0089713 0089751 0089786 0289824 0090098 0290203 0390266 0290377 0090384 0090398 0090596 0090689 0290805 0090823 0090899 0091013 0091061 0091135 0091179 0091364 0091375 0291448 0091577 0091604 0091766 0091961 0091970 0092233 0092268 0092360 0092500 0292630 0092643 0292861 0293079 0093103 0093108 0093247 0093254 0093423 0093446 0093522 0393531 0093552 0093556 0093721 0094059 0094138 0094297 0094309 0094322 0094331 0094447 0094679 0294924 0094961 0095021 0095126 0095188 0095318 0095388 0295403 0095654 0095658 0095742 0095859 0395891 0096111 0296281 0096375 0096635 0096672 0296695 0096827 0096828 0097047 0097069 0097070 0297238 0097329 0097434 0097455 0097484 0097490 0097802 0097806 0098014 0098021 0098057 0098059 0098148 0098178 0098232 0098324 0298390 0298554 0098713 0098874 0098918 0098949 0099018 0099048 0099137 0099283 0099429 0099452 0099569 0099759 0099781 0099812 0099977 00100180 00100243 00100279 00100394 00100569 00100800 00101041 00101106 00101293 00101332 00101408 00101484 00101582 00101644 00101668 00101795 00101860 00101892 02101984 00101989 00102329 00102355 00102380 03102393 00102457 00102476 00102493 00102507 02102527 00102553 00102869 00102977 00103036 00103073 00103115 02103179 00103221 00103279 00103311 00103399 00103462 00103652 00103788 00103810 00103854 00103923 02104108 00104110 00104134 00104153 00104158 00104217 02104233 00104338 00104399 02104424 00104427 00104476 00104505 00104544 00104694 00104834 02104872 00104910 00104915 02104928 00104977 00104995 00104998 00105026 00105040 00105138 00105148 00105191 00105333 00105446 00105512 00105523 00105753 00105755 00106007 00106057 00106064 00106068 00106072 00106126 00106182 00106259 00106295 00106362 00106577 03106622 00106810 00106847 00106874 00107053 00107124 00107128 00107138 00107147 03107168 00107373 00107473 00107643 00107736 00107851 00107919 00107927 00107931 00108185 00108352 00108354 00108381 00108419 00108459 00108520 02108537 02108748 00108753 00108926 02109025 00109108 02109226 00109294 02109366 00109381 00109441 00109602 03109697 00109739 00109940 00110317 00110326 00110420 00110476 00110588 00110645 00110666 00110671 00110725 00110854 00110880 00110922 00111222 00111224 00111284 00111434 00111497 00111546 00111724 00111759 00111847 00112018 00112118 00112143 00112148 00112341 00112392 00112471 00112597 02112600 00112742 00112878 00112906 00112936 00113256 00113357 02113365 00113427 00113449 00113563
91620721 0365 03264 00335 03421 02456 03558 03613 041018 021268 041460 001937 001978 002020 042406 032559 022604 022656 032660 042725 042875 002880 043179 023353 043359 043599 043681 043719 003758 043830 003852 023890 004058 034141 024177 044273 044341 035078 025084 045124 035146 005252 025345 025365 025403 045459 005559 025691 025703 035822 045824 045861 005950 005982 036146 046198 006253 006435 046637 046805 006837 046865 036883 047029 027376 027589 027616 037811 047942 028068 008113 028191 038273 008525 028662 028671 038692 038739 038794 048837 048840 048904 048909 008937 038962 048968 039100 009289 049362 049537 049599 049839 039840 0310030 0310073 0210082 0010222 0410486 0310887 0311008 0011218 0211237 0211310 0411428 0211451 0311486 0411611 0211688 0411848 0311992 0012058 0312324 0412326 0012576 0012991 0313058 0413059 0413080 0413085 0313231 0213470 0413740 0213813 0413836 0013891 0014039 0214146 0314206 0414209 0414349 0314383 0014626 0414717 0214731 0415079 0015124 0115241 0215290 0215356 0215499 0315689 0215759 0415780 0215796 0215916 0415984 0316172 0316211 0316460 0016471 0016530 0216596 0316686 0316752 0016963 0216973 0017057 0317245 0317342 0417403 0417554 0017582 0017666 0317673 0417687 0217720 0417984 0318073 0418199 0318574 0018605 0218619 0318711 0218765 0218941 0018964 0019024 0219192 0419276 0319393 0419403 0419424 0219572 0319590 0019691 0319837 0019950 0420021 0420099 0420362 0420680 0020699 0020727 0021001 0321042 0021149 0221168 0221201 0421228 0321297 0321440 0021593 0221630 0221993 0422019 0422071 0222077 0222323 0222434 0322608 0222662 0422938 0122991 0023000 0023009 0023039 0223172 0023307 0023336 0023355 0223373 0223479 0223570 0223735 0023813 0024082 0324084 0424246 0224257 0224396 0324401 0024471 0224472 0324493 0024543 0024604 0025000 0025036 0225060 0225101 0025146 0125259 0225323 0025441 0325508 0225545 0425621 0025962 0425974 0426018 0226167 0326217 0026469 0426471 0226472 0326479 0426671 0226815 0026921 0026975 0427009 0427298 0027315 0327328 0227553 0027637 0427725 0027738 0227781 0027905 0027980 0428085 0228102 0428118 0028317 0228326 0428355 0028433 0328536 0228700 0028749 0028837 0228890 0029070 0029086 0029191 0029195 0229365 0429369 0029380 0029599 0229757 0429865 0329957 0030243 0230252 0030280 0430399 0030509 0030596 0230749 0230939 0030971 0031086 0431122 0431164 0431229 0431313 0031345 0031606 0231619 0031763 0232048 0032058 0032344 0332468 0432649 0432715 0032737 0032797 0032815 0032819 0032859 0033083 0033117 0033162 0033242 0433263 0333299 0033335 0333641 0033700 0233751 0233757 0233950 0034095 0034111 0234145 0234289 0234309 0234459 0034625 0234869 0334990 0035000 0235216 0435277 0335393 0035405 0435478 0235481 0435546 0035597 0235608 0235739 0235762 0035833 0335895 0035934 0435937 0236096 0436448 0036470 0036480 0036541 0036657 0436963 0036987 0437202 0437217 0337506 0037907 0238034 0338035 0238098 0038140 0038201 0038211 0338283 0438557 0438614 0438962 0239198 0239217 0039298 0339366 0039591 0339648 0039740 0039772 0039780 0339914 0239983 0240068 0040246 0340259 0040313 0040420 0340469 0240543 0240651 0040692 0340707 0440722 0040921 0440955 0241252 0041299 0241373 0241425 0241462 0441701 0241743 0241856 0042085 0042105 0042112 0242293 0242310 0342435 0342546 0042735 0042938 0043113 0043221 0043251 0043617 0043661 0043770 0243776 0343822 0043837 0043970 0044009 0244048 0344148 0044255 0244441 0044471 0044710 0244792 0044801 0345030 0345115 0045131 0345298 0045431 0245892 0045923 0446015 0046167 0246284 0046634 0046661 0046714 0247075 0247101 0047127 0447130 0247157 0047209 0247375 0047399 0447659 0047663 0247746 0047759 0047845 0247910 0247915 0247953 0348146 0048194 0048352 0048357 0048478 0248543 0248655 0248722 0048808 0249133 0249169 0249185 0049231 0249311 0049599 0050136 0250170 0450172 0050220 0350435 0050755 0350907 0351107 0051109 0251154 0051170 0251238 0251401 0051422 0251632 0451660 0051801 0051833 0051922 0252009 0252011 0052108 0052203 0352297 0352365 0052559 0052655 0052694 0352733 0253003 0053188 0253286 0353309 0053402 0453543 0053626 0253677 0353692 0253817 0054079 0054288 0054364 0254425 0354629 0054815 0054846 0454904 0054931 0254934 0355120 0255347 0255390 0055422 0055914 0255921 0455953 0055965 0055994 0056017 0056041 0256071 0256121 0056161 0056350 0356355 0056396 0256436 0056472 0256490 0056564 0056777 0256801 0256982 0057053 0057224 0057251 0357500 0257596 0057626 0257735 0057945 0457956 0358005 0058014 0058169 0058236 0058270 0258306 0358309 0058492 0358510 0058777 0258858 0058932 0259230 0259304 0059416 0259478 0059516 0259712 0259797 0059986 0060027 0060106 0060194 0060220 0060252 0060317 0060434 0061103 0361209 0361251 0061375 0061397 0061423 0061500 0361616 0061626 0261686 0061862 0061879 0061949 0261983 0062162 0062393 0062558 0062614 0062752 0063113 0263128 0063170 0063173 0463180 0363255 0063280 0063313 0363376 0263405 0063445 0063501 0363831 0263873 0363922 0063937 0264017 0264055 0064108 0264245 0064382 0464716 0064958 0365015 0065204 0265228 0065300 0365506 0065598 0265954 0066337 0466355 0066613 0266644 0066649 0066731 0066832 0266877 0066894 0266920 0066995 0067090 0367110 0367168 0067187 0067189 0067193 0067312 0067402 0367647 0267795 0068026 0068126 0068166 0068330 0068490 0068546 0068930 0069255 0369366 0269482 0069610 0269653 0069823 0069825 0069920 0269974 0269978 0070222 0070232 0070254 0070463 0070490 0070504 0370543 0370696 0070714 0270912 0071012 0071254 0071367 0071394 0071521 0371778 0071790 0071792 0071802 0071814 0071825 0071841 0071850 0372153 0072159 0072202 0472273 0072314 0272340 0072538 0072730 0072767 0072771 0372788 0072858 0072913 0073070 0073081 0073384 0273432 0073498 0073504 0073660 0473730 0073764 0073773 0373800 0073815 0073909 0073920 0273927 0273974 0074027 0074044 0074134 0074164 0074333 0374358 0274444 0474461 0074505 0374637 0074778 0074861 0374893 0075076 0075105 0075126 0075206 0275259 0275310 0475320 0375412 0075566 0075573 0075658 0075719 0075735 0075763 0075826 0076032 0276051 0076483 0076542 0076665 0276692 0076871 0076915 0376993 0277095 0077200 0277205 0077224 0077275 0077426 0077495 0077570 0078110 0078454 0078569 0278643 0278822 0378825 0278853 0079072 0379131 0379217 0079223 0079231 0079549 0079609 0079752 0079890 0079915 0280195 0080461 0280464 0080698 0080709 0480710 0080757 0080779 0080898 0381158 0081168 0281237 0081262 0081281 0081419 0081628 0281687 0381827 0081885 0081890 0081986 0081991 0082154 0082235 0382251 0082347 0082498 0082587 0082661 0382664 0082716 0282775 0082832 0082840 0082924 0282947 0283081 0083135 0083153 0083232 0283387 0083563 0283575 0083798 0084080 0284232 0084348 0384361 0384424 0084459 0084483 0084513 0084672 0084791 0484823 0085005 0385144 0085155 0085197 0285350 0085494 0085612 0085712 0085752 0085825 0085836 0285891 0085912 0086219 0086222 0086253 0086338 0086471 0086577 0086785 0086929 0087066 0087243 0087418 0287600 0087610 0287640 0087801 0087985 0088011 0088023 0088122 0288345 0088348 0088417 0088675 0088759 0088764 0088946 0089178 0089401 0089471 0289518 0089636 0089676 0290308 0090310 0290370 0090428 0090483 0290549 0390673 0091027 0291040 0291149 0091199 0091211 0091240 0091273 0091337 0391512 0091664 0291686 0091880 0092049 0092157 0092159 0092264 0092363 0092451 0092602 0092690 0292803 0092844 0092947 0093009 0093213 0093260 0293357 0293479 0293677 0093678 0093737 0393779 0093799 0094224 0094277 0094310 0394348 0094391 0094576 0094595 0094677 0094730 0094755 0294942 0094998 0295096 0495118 0295146 0095245 0095427 0095428 0095515 0295865 0095867 0096008 0096077 0096265 0096349 0096355 0096405 0096448 0096583 0096608 0096661 0296743 0096771 0097126 0097129 0097234 0097288 0097296 0097363 0097445 0097457 0097497 0098247 0098249 0098456 0098610 0098837 0098888 0099111 0099131 0399208 0099368 0099438 0299459 0299486 0099744 0099778 0099884 00100249 00100308 00100388 02100528 02100571 00100748 00100808 00100842 04100856 00100899 00100965 02101143 00101144 02101328 02101421 00101423 00101503 00101847 00101902 00101950 00102103 00102113 00102136 00102202 00102290 00102292 02102315 00102396 00102517 00102557 00102888 02102932 00103025 00103148 00103250 00103263 03103270 00103305 00103361 00103530 00103628 02103638 00103845 00104159 00104164 00104299 00104342 00104379 00104612 00104738 00104780 00104849 00105225 00105291 02105424 00105469 00105862 00105996 00106231 00106358 00106364 00106410 00106543 00106708 00106733 00106824 00106841 00106863 00106887 00106937 00106966 00107081 00107260 00107274 00107313 00107369 00107375 00107562 00107696 00107925 02108053 00108181 00108213 00108248 00108447 00108463 00108627 03108647 00108681 00108817 00108878 00108885 00108976 00109088 00109208 00109377 00109479 00109500 00109576 00109603 00109711 00109796 03109811 00109912 02110102 00110210 00110364 00110506 00110609 00110668 00111051 00111052 00111086 00111111 00111197 00111307 00111337 00111678 00111989 00112009 00112103 00112170 00112775 00112807 00112825 00112925 02112944 00113010 00113081 00113600
91620731 0533 0634 03341 00444 021195 031824 041888 001963 002092 032677 023234 003441 044051 004571 034645 044698 005377 005551 005827 005874 045955 006140 046177 026187 006411 006520 046542 016727 046790 037127 047234 047259 027265 007492 027540 027953 008063 048066 008129 048184 008195 028197 048229 048617 038886 009212 049648 039936 009944 009950 039963 0010096 0010349 0410525 0210601 0410678 0411134 0411356 0011819 0212057 0112484 0312774 0012883 0013206 0413239 0013386 0013573 0013743 0013898 0014293 0314320 0014374 0414570 0014729 0015068 0015425 0015457 0415466 0015573 0215575 0415594 0315655 0015988 0016083 0016115 0016370 0416859 0417284 0017602 0217618 0417773 0017863 0018054 0218130 0018666 0418747 0219374 0019383 0019490 0019516 0019567 0019655 0019722 0419775 0019871 0019909 0220081 0020320 0220491 0420518 0020754 0021077 0021293 0021667 0221799 0022160 0022584 0022713 0022852 0022862 0322893 0423040 0023394 0023444 0023884 0023937 0224067 0024369 0424491 0424512 0224639 0024679 0024696 0225419 0025673 0025686 0125872 0025899 0025958 0226021 0426037 0226153 0226218 0226263 0226332 0226438 0026631 0026959 0026973 0427099 0027129 0327232 0027289 0327514 0027653 0027777 0028003 0028020 0028042 0428529 0028569 0028829 0029078 0029422 0029776 0330057 0030185 0330244 0030604 0030911 0030957 0031012 0031026 0331067 0331207 0031447 0031521 0031847 0431895 0032034 0432101 0032197 0332401 0432410 0332740 0032834 0432896 0033024 0033073 0233163 0233250 0033515 0033528 0233631 0034144 0334183 0034206 0034508 0234613 0034859 0035080 0235085 0035321 0035391 0435399 0035601 0035676 0036097 0036145 0036253 0336271 0036329 0036654 0337076 0037164 0037193 0437245 0237617 0037657 0037757 0038243 0238670 0239145 0039166 0239374 0339438 0039498 0039888 0039899 0040005 0040121 0040466 0340557 0240686 0040694 0240733 0240873 0241019 0041154 0041294 0041345 0241396 0041426 0041525 0041536 0241967 0241985 0242171 0042188 0242268 0242558 0442772 0042798 0042834 0242931 0242933 0342993 0043058 0043196 0043303 0043372 0043423 0043551 0043563 0043597 0043734 0043780 0044021 0044282 0044314 0044547 0444863 0245066 0045246 0045320 0045348 0045395 0245411 0045447 0045572 0045660 0045715 0045721 0046007 0046274 0046390 0046929 0047146 0047259 0447695 0447708 0048017 0048095 0048323 0348356 0348798 0248971 0049006 0249109 0249137 0449375 0049510 0350189 0450208 0250497 0250551 0050560 0250686 0050846 0050850 0050960 0251290 0051298 0051584 0051747 0451830 0451998 0052115 0252369 0052512 0252590 0252657 0253010 0253035 0053059 0353220 0053227 0253502 0053516 0253567 0053609 0053640 0253715 0054033 0054137 0054287 0054458 0054711 0054726 0254796 0354841 0454856 0054968 0055194 0055293 0355329 0055397 0255550 0055821 0055879 0255893 0056214 0056405 0356446 0056537 0256642 0056648 0256783 0056870 0057250 0057305 0057361 0257412 0057539 0057692 0057798 0058333 0258368 0058577 0058625 0058629 0258851 0058959 0059001 0059319 0059527 0459633 0059708 0059746 0060284 0060480 0060598 0060980 0061009 0061064 0261144 0061146 0361415 0261526 0061611 0061838 0261842 0062021 0062022 0062267 0062415 0262818 0062954 0063003 0063090 0063349 0063555 0063820 0063999 0064139 0464266 0064283 0064513 0064613 0064843 0364953 0065016 0065303 0265314 0065381 0065504 0065529 0265928 0065985 0066011 0066132 0066176 0066181 0066278 0466443 0366611 0266617 0266695 0266963 0067175 0067415 0067605 0267628 0067808 0068130 0068162 0068336 0068340 0068342 0068376 0068443 0268679 0068715 0368918 0068994 0269132 0269207 0069599 0069617 0369622 0069644 0069845 0270047 0070462 0070591 0070747 0070907 0270926 0070945 0071021 0071344 0071444 0071680 0071701 0071763 0071977 0372084 0472107 0272135 0072239 0372362 0072482 0072537 0072779 0072822 0272892 0073052 0273156 0073239 0073254 0073517 0073668 0073855 0073881 0074010 0274031 0074060 0074942 0074993 0075054 0075217 0275348 0075383 0075439 0375480 0075502 0075693 0075820 0075837 0075851 0076002 0076184 0076274 0076284 0076299 0076388 0076530 0076582 0076652 0076668 0076678 0077370 0077486 0077577 0077676 0077862 0077907 0078052 0078091 0078100 0078159 0078451 0078517 0078579 0078692 0078716 0078843 0078950 0279100 0079106 0079304 0079335 0079488 0079632 0479840 0079858 0080094 0080114 0080171 0080219 0080428 0280455 0080791 0080922 0280948 0381296 0081407 0081629 0081632 0081657 0281854 0081898 0081931 0282286 0082358 0382534 0282811 0082863 0082910 0082942 0083005 0083028 0083123 0083292 0083347 0083426 0083611 0083648 0383705 0083706 0083859 0383939 0083992 0084066 0084169 0084250 0084322 0384441 0084490 0084761 0085074 0085243 0085307 0085308 0085410 0085439 0085768 0085839 0285965 0386043 0386059 0086274 0086314 0086517 0086592 0086696 0086747 0086758 0286880 0086916 0087077 0087110 0087215 0087481 0287553 0087575 0288092 0388203 0088357 0288410 0288499 0088529 0088665 0088697 0288780 0088794 0088795 0088937 0089159 0089201 0089202 0089216 0089247 0089327 0089334 0289418 0089456 0089646 0089718 0089894 0090093 0090244 0090306 0090315 0090371 0090575 0090711 0090786 0090830 0090836 0090888 0090921 0090930 0091010 0091051 0091088 0291345 0091446 0091539 0091546 0091622 0091881 0092003 0292146 0092332 0092435 0092504 0092760 0092937 0092970 0093199 0393284 0093334 0093356 0093403 0093461 0093481 0093554 0093584 0093637 0093795 0093860 0093940 0094029 0094067 0094102 0094120 0094356 0094371 0094594 0394634 0094661 0094746 0095112 0095297 0095321 0095425 0095446 0295531 0095585 0095893 0296098 0096109 0096192 0096264 0096373 0096442 0096531 0496602 0096660 0096792 0096847 0096919 0097045 0097057 0097103 0097523 0097536 0097539 0097679 0097697 0098133 0098268 0098277 0098448 0098993 0099067 0099109 0099239 0099250 0099549 0099551 0099619 0099636 0099838 0099900 0399944 00100161 00100188 00100547 00100625 00100886 00100916 00101067 00101309 00101584 00101689 00101788 00101800 00101997 00102012 00102168 00102267 00102666 00102717 00103159 00103183 00103213 00103228 00103352 00103433 00103445 00103592 00103659 00103666 00103802 00103906 00104051 00104090 00104220 00104389 00104577 00104629 00104777 00104808 00105297 02105325 00105361 00105603 00105648 00105868 00105935 00105971 00106029 00106275 00106521 00106556 00106559 00106838 00106875 00107242 00107348 00107350 00107449 00107565 00107572 00107739 00107848 00108073 00108160 00108309 00108567 00108801 00108897 03108924 00108973 00109010 00109083 00109426 00109453 00109619 00109804 00109837 00109961 00110044 00110344 00110395 00110649 00110683 00110708 02110971 00111033 00111037 00111094 00111115 00111276 00111909 00111968 00112122 00112141 00112180 00112250 00112531 00112608 00112653 00112720 00112978 00113008 00113141 00113281 00113474 00113516
91620741 051 062 00123 00220 00270 04616 04654 00657 04797 03823 03923 02961 021028 001391 001429 041545 021690 031716 011743 041957 042488 032532 042607 022640 022858 032959 023020 033164 043264 023373 043495 043501 033513 003577 003714 003927 034013 024038 004080 004237 004248 004288 034443 024471 024526 034834 004842 025191 025263 025320 005464 025469 045656 035668 035992 045997 036288 036416 036512 036815 007119 007134 037182 047209 027257 027273 037710 027782 007963 038093 008117 008179 008190 038419 008501 008563 028621 038817 028850 008899 039187 009247 009265 029332 009494 009556 029601 039695 029756 019762 009824 049998 0410054 0410184 0010359 0310468 0310511 0010615 0010636 0210653 0310700 0010835 0310839 0010859 0310941 0311091 0011129 0311168 0211178 0411202 0211270 0311287 0011639 0411798 0011826 0311865 0412054 0212392 0012393 0012556 0012614 0012711 0312794 0012821 0413116 0313293 0013294 0013384 0013422 0213451 0213589 0413727 0013819 0213831 0313837 0313904 0013996 0214090 0014126 0014170 0414188 0414253 0014289 0314589 0414648 0414678 0214902 0215024 0215081 0215139 0315141 0315181 0015188 0415348 0215479 0415590 0315795 0415797 0315849 0215899 0315960 0216017 0416029 0316129 0016235 0416342 0216430 0016609 0017167 0317281 0317499 0017581 0017799 0017924 0017978 0318080 0418101 0018166 0318176 0318205 0318232 0218356 0318577 0218578 0318803 0419122 0019200 0019261 0319629 0219695 0019746 0019770 0219781 0019816 0019958 0219998 0220048 0020091 0420183 0320236 0020292 0420348 0020628 0420633 0420643 0020935 0321446 0021474 0421585 0021646 0221852 0421894 0322133 0022367 0322446 0422695 0222930 0323085 0423097 0023209 0323392 0323442 0323445 0023499 0223506 0023509 0023577 0323990 0223999 0224051 0024118 0324242 0024343 0424373 0324395 0024464 0424814 0224920 0024936 0024979 0325059 0025373 0225405 0325422 0025603 0025613 0025617 0025665 0025881 0325904 0325955 0026061 0426295 0426335 0026805 0426957 0326967 0027178 0327240 0327313 0027373 0027596 0027869 0427933 0328199 0028362 0028620 0328634 0228676 0329116 0029233 0029312 0029391 0029533 0429582 0329636 0329814 0029947 0230028 0430298 0030310 0030528 0330603 0030651 0230930 0331407 0031422 0031450 0231468 0031623 0231641 0031744 0332123 0032207 0332217 0032353 0032402 0032532 0032599 0032660 0032772 0432798 0333133 0233139 0333334 0433389 0333613 0033679 0033827 0233852 0033892 0234007 0434018 0434132 0034147 0034324 0334433 0234556 0034568 0034577 0234598 0034607 0434671 0334769 0034771 0334775 0035367 0035628 0035906 0335944 0036135 0036225 0036315 0236435 0236469 0436638 0436669 0336674 0036680 0036695 0036728 0236791 0237114 0037132 0237137 0237169 0037201 0337320 0037328 0437363 0437514 0037536 0237595 0237909 0337930 0337950 0238100 0038187 0338582 0038654 0238676 0238736 0438786 0238809 0038845 0038944 0038974 0038997 0239236 0439371 0339469 0339517 0039519 0339538 0239544 0039610 0439756 0039757 0039822 0439844 0239851 0039923 0340014 0040034 0040090 0340113 0340117 0340166 0040301 0340507 0240541 0040635 0440673 0240935 0041061 0041199 0341264 0041285 0341296 0041327 0041571 0041621 0041692 0041908 0042050 0042061 0342287 0042337 0342585 0042836 0043031 0043231 0443421 0043478 0043593 0043653 0043658 0243692 0343825 0243836 0243943 0044010 0044046 0044057 0244103 0044134 0344227 0244311 0344608 0344823 0044827 0345196 0045322 0245480 0245501 0045688 0045692 0345693 0345712 0245782 0045815 0046047 0046129 0346152 0046256 0046307 0046315 0046358 0346368 0046531 0346871 0346883 0447107 0347244 0047275 0347284 0047327 0047363 0047476 0047615 0047620 0047646 0047757 0047871 0248084 0248085 0048094 0048170 0048180 0048296 0048302 0348372 0448420 0248587 0248725 0248800 0048814 0348930 0249175 0349290 0049295 0049499 0349571 0049605 0249722 0249801 0249842 0050018 0050098 0050413 0050426 0050470 0350498 0050539 0350882 0350992 0251040 0051148 0251250 0251306 0051315 0051325 0351593 0051654 0051725 0051847 0051937 0251942 0351989 0052048 0052211 0452290 0052360 0052418 0052464 0052519 0352545 0052696 0052726 0252880 0052949 0053102 0053151 0353158 0453385 0053414 0253457 0253672 0253840 0053923 0054143 0254239 0454253 0054360 0054413 0254540 0054567 0054647 0354649 0054923 0054955 0355009 0055071 0055095 0055136 0055209 0055308 0055428 0055667 0255867 0055945 0056010 0256097 0056198 0056230 0056418 0056656 0056692 0256750 0056817 0256860 0057020 0257209 0057581 0357828 0258143 0358146 0258167 0058192 0258214 0058278 0058279 0258365 0058393 0058419 0058470 0358608 0058620 0058741 0058748 0058870 0058921 0259040 0259126 0059310 0059431 0359763 0060093 0260393 0060497 0060512 0060514 0060536 0060539 0260569 0160593 0260778 0260934 0061013 0061107 0261120 0361160 0261241 0061246 0261276 0061614 0061722 0361942 0061957 0362132 0062249 0262348 0062397 0062530 0062671 0063007 0463193 0363390 0363393 0063476 0363571 0063596 0063641 0263960 0064010 0064071 0064079 0064321 0064504 0064655 0064714 0064759 0064773 0364783 0264851 0264873 0064876 0365085 0065089 0365095 0065129 0065131 0065158 0365211 0365243 0365268 0065309 0065498 0065572 0065692 0065724 0265865 0266050 0066061 0066140 0366226 0066343 0266437 0066575 0066601 0066938 0367115 0067130 0067252 0067273 0367279 0267292 0067398 0067588 0367663 0367724 0267755 0067794 0267834 0067912 0067924 0068196 0368260 0068360 0268371 0068613 0368704 0068712 0068744 0068802 0368823 0368833 0368845 0368861 0068971 0068987 0069032 0069047 0069074 0069233 0069236 0069294 0069367 0069436 0269727 0069907 0069940 0069946 0070068 0270101 0270257 0270269 0270592 0070632 0070742 0070956 0270958 0371011 0071064 0071212 0071262 0271342 0071389 0071480 0071583 0071616 0271639 0071876 0071958 0271998 0272030 0072049 0072147 0072179 0072270 0272592 0072673 0372770 0472878 0272968 0072983 0472996 0073050 0273171 0373204 0073263 0073380 0073434 0073469 0073514 0073634 0273682 0073707 0073734 0073811 0373847 0073895 0073977 0274181 0074191 0074306 0074309 0374713 0075069 0075118 0075174 0075234 0075249 0375350 0075359 0075472 0075675 0275919 0076037 0076047 0076163 0076385 0276479 0076529 0076601 0076658 0376770 0076925 0077015 0077048 0277079 0077082 0077250 0077290 0377291 0077363 0277452 0377489 0277601 0077646 0077940 0077949 0378157 0078254 0078348 0278400 0078566 0278679 0078723 0078885 0078899 0278947 0279090 0079126 0379158 0079172 0079261 0079354 0379395 0079396 0079677 0079776 0080002 0080031 0080192 0080215 0080286 0380307 0080421 0080573 0080593 0080943 0080990 0081096 0081106 0081120 0281221 0081471 0381520 0081575 0081773 0081918 0081974 0082072 0082073 0082349 0282493 0082510 0082521 0082591 0082593 0282659 0082671 0082750 0082787 0382865 0083202 0083220 0083256 0283289 0083568 0083722 0283782 0083856 0083869 0083915 0084055 0084099 0084129 0084209 0084219 0084321 0384565 0084596 0084790 0084872 0085066 0385165 0085187 0085195 0085276 0085285 0285340 0085436 0085503 0085507 0085514 0085573 0085590 0085756 0085843 0085886 0085895 0085897 0085907 0086033 0086069 0086111 0086193 0286249 0086527 0086584 0086667 0286730 0086844 0086881 0386933 0086944 0087033 0087042 0287046 0087145 0087148 0087368 0087388 0087409 0087473 0087605 0087644 0287679 0087779 0387810 0387812 0288074 0288078 0088124 0088129 0088180 0388222 0088252 0088256 0288265 0388355 0388360 0288407 0088533 0088839 0088862 0388914 0088925 0088931 0088994 0089020 0089044 0089112 0289156 0389360 0089461 0089521 0089561 0289678 0089815 0089984 0290103 0090410 0290482 0090581 0090687 0090797 0090820 0090880 0090997 0091032 0391069 0091121 0091155 0091217 0091237 0091301 0291578 0391778 0091856 0091901 0091910 0091916 0091932 0091948 0091959 0092083 0092089 0092140 0092242 0092269 0092304 0292419 0092432 0092482 0092583 0092629 0092717 0092718 0292954 0093042 0093045 0093084 0093112 0093172 0093373 0093402 0093434 0093464 0093622 0093825 0093985 0094002 0094072 0094093 0094113 0094234 0094265 0094503 0094672 0094715 0294800 0094849 0094863 0094906 0094964 0294977 0294982 0095070 0495203 0095228 0295265 0295291 0095363 0095650 0095939 0096075 0096158 0096239 0096250 0096439 0096454 0096487 0096516 0096614 0096712 0096726 0096746 0096860 0096874 0096977 0097054 0097105 0097201 0097285 0097385 0097427 0397568 0097815 0097937 0098055 0098136 0398199 0298213 0098238 0098344 0098387 0098645 0298682 0098824 0298924 0298982 0099140 0299169 0099201 0099241 0399352 0099355 0099382 0099421 0099437 0099527 0099575 0099719 0299844 0399872 00100181 00100628 02100864 00101070 00101077 00101107 00101301 00101463 00101748 00101790 00101830 00101858 00102119 00102144 00102497 00102602 03102626 00102721 00102763 00102775 00102832 02102906 00102927 00102946 00102992 00103060 02103067 03103091 03103178 03103400 00103482 00103837 03103875 00103879 00103970 00103975 00104030 00104045 00104117 00104119 00104142 00104184 00104367 02104372 00104622 00104763 00104765 00104835 00104908 00104925 00104981 00105013 00105299 00105331 00105338 00105434 00105441 00105699 00105880 00105894 00105965 00106210 03106515 02106606 00106607 00106626 02106639 00106761 00106976 00107077 02107123 00107146 00107149 00107322 00107360 00107429 00107474 02107787 00107899 00107904 00107949 00107969 00107971 00108008 00108025 00108344 00108370 00108418 00108423 00108449 00108476 00108533 00108594 00108970 00109044 00109109 00109185 02109228 00109281 00109308 00109402 00109518 00109604 00109650 00109677 00109716 00109736 00109858 00109900 00109993 00110070 00110142 00110179 00110219 00110232 00110314 00110514 00110534 02110536 00110542 00110548 00110580 03110824 00110862 00110993 00110994 00111042 00111079 00111180 00111262 00111269 00111379 00111572 03111621 02111868 00111894 03112042 00112106 00112172 00112228 00112514 00112752 00112834 00113020 00113051 00113052 00113355 00113467 00113595
91620751 0522 02108 03131 02305 02338 03450 03564 04714 04776 02873 001034 021170 041193 001246 031250 021273 001484 031539 021653 032112 032137 032587 032645 032985 003176 003197 033639 003671 003867 044014 034164 034311 004359 004541 034815 034844 004846 004857 005181 005243 035299 035421 035456 045473 035746 035764 035930 026133 006190 036374 006385 036506 046531 006568 036600 006621 006680 036724 026807 046909 047013 007067 007078 037423 017441 037447 037460 037498 047523 007525 037644 047648 037907 007980 047981 008143 038427 038599 028613 008652 048702 028846 039254 009255 039458 029491 009575 009619 039646 029681 039698 039744 049825 049857 009889 039908 0310019 0310024 0010049 0410199 0310266 0010336 0410339 0310438 0210443 0310445 0410479 0010978 0010998 0011011 0311115 0211225 0311296 0211334 0311720 0311939 0311958 0411974 0412073 0212089 0212140 0112306 0012331 0312470 0412505 0012736 0312782 0312887 0012889 0012947 0013021 0213045 0413258 0013447 0414081 0214133 0214166 0414340 0014342 0014372 0014409 0414479 0314523 0414631 0014802 0214911 0315027 0015052 0015117 0415219 0315245 0015363 0315549 0215567 0015665 0315670 0015900 0315927 0415968 0416064 0316111 0016273 0316341 0016431 0016458 0016948 0317080 0417227 0417444 0417537 0217540 0317785 0318157 0318298 0318500 0218550 0018557 0318742 0319025 0319114 0019231 0019696 0419839 0419897 0419939 0219947 0020191 0020658 0420760 0420841 0420853 0320869 0020952 0320999 0021207 0021328 0021330 0321500 0021518 0321897 0321949 0422173 0022185 0022241 0022302 0222432 0322443 0022790 0422809 0022818 0022988 0422989 0023026 0323317 0323344 0023390 0023518 0023646 0223709 0023821 0024145 0024305 0024333 0224349 0424546 0324560 0324741 0324791 0024926 0024969 0425032 0225294 0025406 0225486 0325493 0025504 0325741 0225767 0425817 0025878 0325937 0225960 0326038 0326041 0226048 0326087 0026206 0226236 0326306 0326442 0326475 0026590 0226840 0026952 0027015 0027052 0327101 0227428 0027543 0027655 0227663 0327678 0327938 0027947 0028027 0428049 0428162 0028309 0028354 0428653 0328730 0228760 0028823 0228898 0429236 0229275 0229302 0029402 0329525 0029565 0429586 0329731 0029777 0329801 0029866 0329908 0029964 0330343 0030497 0230514 0330682 0330871 0230872 0030875 0430880 0030888 0030914 0031020 0031092 0031323 0331336 0331554 0031686 0031778 0031972 0032049 0032105 0332151 0032175 0332241 0032480 0032525 0032637 0032962 0433152 0333236 0233245 0033565 0033607 0033614 0333781 0333948 0334038 0234211 0034281 0034448 0234572 0034586 0334597 0034599 0334743 0034867 0034884 0035123 0335270 0335403 0035570 0035612 0335704 0035758 0435771 0035776 0035959 0436230 0036231 0036269 0036398 0336460 0036752 0036759 0036777 0336810 0036822 0036960 0237033 0237111 0037117 0337306 0037367 0037376 0037438 0237445 0037484 0437767 0037796 0337898 0337915 0037941 0437984 0038310 0038412 0238503 0238518 0038537 0338633 0038758 0338911 0039033 0339253 0339255 0239395 0339474 0039480 0039482 0039514 0339525 0239533 0439535 0039707 0039722 0039821 0339840 0039891 0039913 0339973 0340206 0040209 0040382 0340459 0040807 0040824 0040895 0241082 0041183 0341202 0041224 0041225 0041338 0041349 0041657 0041898 0041990 0342048 0342265 0042355 0042382 0042448 0242534 0242677 0042833 0442995 0043193 0043254 0043336 0043559 0043586 0343610 0043745 0043879 0243925 0043967 0243990 0344209 0144221 0044230 0244509 0044595 0044637 0044790 0044853 0044862 0344908 0044926 0344936 0045054 0345240 0345307 0045398 0045589 0445674 0345861 0345879 0045993 0046035 0246042 0046154 0246191 0046362 0246405 0346621 0046933 0047128 0347147 0047150 0047214 0247236 0047283 0047286 0047502 0047529 0047553 0347724 0047763 0347837 0247963 0247997 0248169 0048270 0048458 0048618 0048664 0248669 0348715 0048729 0048801 0048864 0348980 0049154 0349190 0049419 0049549 0349637 0049673 0049932 0349989 0050026 0050165 0250174 0050284 0350374 0050433 0050448 0450503 0050531 0050608 0050611 0350636 0050720 0350742 0050761 0050930 0050983 0351460 0051511 0051547 0051549 0351568 0051742 0051878 0351905 0251906 0351973 0051988 0352024 0352124 0252319 0052484 0052525 0052676 0353125 0053209 0053463 0353737 0253740 0053809 0053823 0353884 0253922 0053942 0053949 0454034 0254048 0054051 0054054 0354158 0054204 0054331 0054374 0254444 0054461 0254490 0054589 0054657 0054684 0354789 0054865 0054966 0354997 0055033 0055049 0255280 0055328 0055348 0355487 0255490 0355599 0055731 0055770 0056024 0356025 0356210 0256265 0056356 0056373 0356563 0056580 0056811 0356911 0057104 0057108 0357488 0057678 0257712 0057809 0057814 0057854 0057963 0258090 0058161 0058292 0358473 0258477 0258483 0058485 0058513 0358703 0058723 0058846 0058849 0058850 0359034 0359123 0059127 0059321 0259418 0059425 0059433 0059460 0059608 0059706 0059750 0059886 0059988 0359996 0060054 0060259 0060280 0060294 0360337 0060368 0060429 0060525 0060575 0060630 0060741 0060793 0061051 0061145 0361452 0061478 0061859 0362204 0062217 0362295 0062506 0062536 0062568 0262737 0062928 0363088 0063093 0063136 0063406 0063461 0263489 0063684 0063847 0263860 0063903 0064024 0064107 0064249 0064256 0064276 0064314 0064576 0064812 0264940 0064951 0064959 0065113 0065156 0065329 0065373 0065375 0065601 0065835 0365882 0066016 0266036 0066130 0066465 0366534 0466557 0066701 0066712 0066818 0366855 0067069 0067114 0067122 0267170 0067268 0067620 0367710 0067805 0367896 0068016 0068087 0068093 0068159 0368177 0368418 0068434 0268528 0068558 0068560 0068754 0368762 0268776 0068846 0068875 0069030 0069038 0369075 0069160 0369206 0069265 0069295 0069322 0069405 0069486 0069550 0069651 0269693 0069763 0069773 0069801 0369898 0069909 0069923 0070192 0370266 0070525 0070564 0070585 0270788 0370793 0070815 0070840 0070881 0071087 0371296 0071321 0071354 0071432 0371486 0071625 0271668 0071786 0071906 0072026 0072048 0372090 0072118 0072171 0072287 0072335 0372348 0072437 0072483 0272534 0372596 0072721 0072938 0073027 0073041 0273046 0073177 0073224 0073265 0073338 0373555 0073609 0273613 0073625 0073653 0273686 0074101 0274121 0074167 0374223 0074226 0074451 0074816 0074890 0474901 0075103 0075160 0075351 0275387 0075442 0075462 0075545 0075585 0075637 0075686 0075710 0075764 0075786 0375952 0076134 0076303 0076438 0076840 0076863 0077075 0077146 0077154 0077188 0077270 0077396 0077402 0077473 0277566 0077712 0077722 0077739 0077749 0077827 0077978 0078458 0078616 0078761 0378764 0078864 0078929 0078960 0079031 0079102 0079193 0079208 0379235 0079959 0079960 0080063 0080167 0080201 0080242 0080363 0080387 0080451 0080895 0080971 0081027 0081139 0081183 0081227 0081264 0081293 0081461 0081534 0081565 0281655 0081763 0081829 0381832 0281976 0282004 0382127 0082260 0382345 0082389 0082424 0082456 0082482 0082583 0082685 0082793 0082841 0382861 0083056 0283070 0383170 0083189 0083244 0083372 0383393 0283435 0383624 0283671 0083696 0083763 0083844 0083912 0083936 0084370 0084460 0084480 0084550 0084580 0084616 0085017 0385055 0085188 0085275 0085329 0085336 0285361 0085386 0285492 0085540 0085717 0085905 0086107 0386155 0086186 0086303 0086318 0086320 0086347 0086376 0086605 0086731 0086738 0086846 0286860 0387034 0387048 0087116 0087220 0087301 0087316 0087417 0087433 0087711 0087823 0087944 0087952 0088017 0088082 0088118 0088232 0088403 0388413 0088479 0088522 0088641 0088666 0088681 0088690 0388895 0088911 0089000 0089161 0289182 0089431 0089470 0089567 0089586 0389686 0089697 0089723 0089936 0089976 0089983 0390090 0090425 0090503 0090574 0090608 0090737 0090848 0090877 0090963 0091048 0091282 0091459 0091661 0091887 0091896 0091897 0292001 0092066 0292091 0392110 0092207 0392223 0092341 0092375 0092377 0392475 0092610 0092644 0092743 0392842 0092851 0392864 0093090 0093320 0093406 0093612 0393643 0093746 0393765 0093989 0093998 0294041 0094162 0094178 0094257 0094294 0094334 0294360 0394450 0094611 0094764 0094801 0094809 0094861 0094928 0095013 0095142 0395288 0095343 0095371 0095395 0095412 0095423 0095575 0095950 0095985 0395999 0096095 0096195 0096236 0096599 0096637 0396773 0096801 0097007 0097041 0097284 0097357 0097555 0097572 0097599 0097726 0097769 0097939 0097941 0097976 0098069 0098204 0098243 0098270 0098368 0098416 0098434 0098523 0098706 0298773 0098797 0098825 0298875 0298941 0298966 0099096 0099152 0099154 0099248 0099280 0299305 0099415 0099418 0099545 0099991 00100007 03100128 00100134 00100151 00100198 02100221 00100230 00100322 00100362 00100463 00100529 00100549 00100704 00100709 00100721 00100907 00100963 03101083 00101101 00101200 00101272 00101409 00101524 00101625 00101654 00101681 00101715 00101760 00101767 00101839 03101914 00102019 00102186 02102219 00102227 00102261 00102279 00102302 00102363 00102411 00102444 00102539 00102631 00102698 00102820 00102868 00102872 00102887 00102962 03103121 00103416 00103442 00103544 00103612 00103707 00103710 00103722 00103727 00103744 00103775 00103864 00103867 00104127 00104182 00104503 00104576 00104636 00104783 00104881 02105031 00105045 00105112 00105216 00105221 03105230 00105467 00105486 00105536 00105560 00105595 00105621 00105633 00105635 00105639 00105712 00105748 00105881 00105997 00106095 00106100 00106114 03106139 00106160 00106203 00106262 00106386 00106469 00106855 00106861 00107085 03107245 00107531 00107608 00107646 00107756 00107922 00107965 00107978 02107986 00108015 00108196 00108224 03108243 00108493 00108497 02108562 02108571 00108598 00108698 00108797 00108805 00109080 00109122 00109145 00109195 00109207 00109283 00109336 00109340 00109352 00109443 00109520 00109580 00109764 00109772 00109783 00109790 00109836 02109899 00109914 00109932 00110074 00110223 00110426 02110444 00110503 00110551 00110898 00111044 00111050 00111234 00111386 00111411 00111461 00111484 00111514 00111528 02111784 00111834 00111902 00111939 03111964 00112011 00112023 00112056 00112189 00112231 00112358 00112414 00112449 00112583 00112596 00112885 00112923 00112950 00112955 00113148 00113180 00113245 00113247 00113263 00113309 00113530
91620761 01425 04473 03511 04585 04998 031027 001127 001322 021497 041542 021746 031771 001784 021820 041987 022065 032239 002276 022295 032372 002795 003021 003050 033088 043368 033390 043452 033556 033656 043676 033697 033838 033917 003934 044042 004063 044117 044322 024567 034573 024586 014813 045116 025447 045728 025847 036024 036123 046238 036480 026498 036516 046606 046626 036711 006738 036745 007155 047159 037254 007414 037601 007819 037905 038002 008177 038406 028616 008649 038768 008815 028878 048961 009199 049216 049466 029513 039626 049645 009692 029727 039967 0410027 0010110 0010120 0410247 0310319 0310340 0410556 0310708 0010735 0210822 0010910 0311010 0011082 0011185 0211297 0211330 0311495 0411527 0411532 0311762 0212300 0212311 0312421 0412524 0212641 0012792 0212864 0212866 0212874 0312933 0412961 0313109 0013115 0013165 0013313 0313431 0413471 0413584 0313612 0013854 0313860 0413935 0313961 0014059 0214150 0414453 0014486 0014550 0214899 0415091 0015276 0215382 0315459 0215579 0015735 0215924 0015991 0016205 0016210 0016261 0016360 0316394 0316506 0216603 0316967 0317074 0017092 0017109 0317298 0017383 0317415 0017451 0217471 0417509 0217630 0217653 0317664 0317914 0317960 0018239 0218251 0018401 0018469 0318473 0018541 0018560 0318781 0418805 0318867 0219085 0019251 0019395 0019405 0019673 0219906 0319940 0020151 0420156 0420226 0020418 0320659 0020667 0020679 0020859 0220884 0020887 0021035 0321582 0022100 0222124 0422178 0022254 0022274 0022295 0022313 0322316 0422423 0322490 0322947 0023066 0423084 0423105 0323182 0023185 0323289 0223293 0023700 0023824 0323904 0223920 0023997 0324019 0324284 0024297 0224652 0024890 0024967 0225004 0025091 0025135 0325151 0325253 0025300 0025359 0325581 0325783 0025809 0225862 0025868 0025905 0026074 0326122 0226170 0026182 0026189 0026213 0326356 0026817 0426868 0226882 0026956 0027012 0227211 0027238 0227369 0227398 0227539 0027598 0027624 0227935 0328057 0028394 0028441 0028468 0028941 0028991 0329111 0329176 0229399 0229632 0030619 0330627 0331275 0231357 0231648 0031687 0431716 0431842 0031866 0031961 0031989 0232060 0232075 0032122 0032239 0332245 0232321 0332438 0232651 0032694 0232733 0032734 0232744 0032770 0432949 0033056 0033239 0033274 0233363 0233382 0233443 0033568 0333605 0033793 0333893 0033964 0334009 0434461 0034518 0034654 0034699 0334740 0034953 0035112 0235125 0035126 0335326 0035383 0035446 0335451 0435880 0035881 0035923 0036093 0336105 0336151 0036223 0336284 0036440 0336594 0036623 0036666 0036748 0036823 0336984 0037015 0237108 0237246 0037332 0037356 0037574 0337835 0237854 0337870 0037883 0338278 0038300 0438400 0238691 0238710 0038715 0038811 0439078 0039411 0339497 0040158 0340164 0340316 0440377 0040472 0340545 0340705 0040834 0040845 0340931 0040956 0041029 0041071 0241100 0041201 0241521 0241715 0041863 0041864 0342374 0042390 0042463 0042606 0042621 0043060 0343104 0043110 0243195 0243523 0343529 0043704 0043874 0043908 0244042 0044331 0044409 0044461 0344511 0044538 0044757 0344985 0045103 0045120 0045140 0045166 0245169 0045219 0045239 0345292 0245339 0045406 0345473 0245523 0045578 0045787 0345827 0045952 0345953 0046046 0346149 0046532 0246612 0046630 0046747 0046925 0347009 0047212 0247826 0047885 0248088 0348217 0448256 0048293 0048320 0348454 0348530 0048677 0248842 0048897 0348903 0048968 0349171 0249368 0049438 0049523 0049626 0249651 0049666 0049695 0349959 0249960 0050087 0050111 0350202 0050459 0050493 0050796 0250828 0050894 0051150 0051457 0051646 0051812 0051854 0051875 0352037 0052216 0452241 0052491 0352712 0052822 0052892 0053085 0053458 0053631 0253681 0053846 0253850 0053867 0053962 0054093 0354198 0354247 0354289 0054313 0254334 0254408 0354873 0254882 0054900 0055166 0055264 0055363 0355445 0055454 0355465 0255482 0055524 0055539 0255579 0055753 0055773 0356116 0356181 0056209 0056547 0056622 0356735 0356748 0256806 0256895 0356957 0057005 0057351 0257394 0057424 0357433 0057462 0057903 0058062 0058105 0058150 0058239 0058294 0058305 0458652 0058830 0359051 0059189 0059545 0059577 0259780 0059789 0060055 0060070 0060139 0260159 0360288 0260336 0360411 0360483 0060537 0060714 0060792 0261054 0261142 0061203 0061229 0061424 0261438 0061504 0061620 0061917 0061967 0062187 0062305 0262390 0062521 0062543 0262915 0263213 0363434 0363475 0063747 0064031 0064046 0064333 0064340 0064458 0064611 0364712 0064944 0365019 0265088 0365124 0365185 0065187 0065251 0065282 0065335 0065780 0065925 0065981 0066235 0066439 0066541 0066590 0066662 0266852 0066878 0267116 0267194 0267310 0367320 0067454 0067571 0067585 0067890 0367921 0368000 0368379 0068551 0069151 0069163 0269270 0269345 0269371 0069463 0069613 0069828 0370007 0070044 0070275 0070288 0070322 0070342 0270360 0070666 0070753 0070847 0270963 0271063 0071081 0071199 0071395 0371453 0071503 0371535 0271600 0371683 0371730 0071779 0071795 0071810 0371971 0072133 0272183 0072786 0373042 0373054 0073140 0073275 0073293 0373357 0073435 0073539 0073588 0073644 0373748 0073804 0073973 0374340 0074503 0074506 0074628 0074706 0075098 0075271 0075315 0075427 0375520 0275891 0075896 0376197 0076389 0276453 0076509 0076549 0076619 0076634 0076720 0376754 0076760 0076792 0076825 0076861 0077019 0077068 0077103 0377149 0077165 0077234 0077636 0077718 0078114 0078264 0078441 0078456 0078483 0078519 0078591 0378613 0078626 0078828 0078860 0078941 0079069 0079120 0379127 0079151 0079313 0079380 0379449 0079495 0079528 0079710 0379721 0080026 0280052 0380076 0080370 0080372 0080616 0080737 0080785 0081022 0381029 0081225 0081521 0081560 0081585 0081619 0081653 0381656 0081690 0081852 0081878 0081925 0381957 0082099 0382103 0382449 0082738 0382802 0083012 0383067 0083091 0383219 0083322 0083445 0283474 0083534 0083574 0083583 0083603 0083620 0083670 0083682 0083759 0083860 0384024 0084037 0084071 0384123 0084345 0084431 0084541 0484663 0084760 0084801 0084814 0084827 0084896 0085037 0085373 0085690 0085845 0085856 0085991 0086169 0086179 0086233 0086323 0086363 0086426 0086429 0086714 0086757 0087199 0087201 0087223 0087237 0087274 0087299 0087303 0087363 0087380 0087568 0087650 0087705 0087764 0087864 0088193 0088258 0088320 0088388 0088463 0088469 0088508 0088544 0088677 0088751 0088752 0088781 0088864 0088920 0288962 0089042 0089131 0089239 0089258 0389573 0089655 0389882 0089941 0090054 0390121 0090205 0090285 0090450 0390501 0090560 0090650 0090662 0090667 0090828 0290843 0090934 0090985 0091125 0091167 0091195 0091254 0091508 0091864 0091904 0292396 0092411 0092518 0092723 0092849 0092871 0092973 0093099 0093124 0093128 0093318 0093358 0393473 0093486 0393557 0093815 0093850 0393872 0094099 0094200 0094218 0094274 0094296 0094541 0094687 0094779 0094816 0094842 0094923 0095134 0095192 0095293 0095461 0295476 0395633 0095752 0095843 0095890 0095906 0095921 0096001 0096245 0096255 0096396 0096574 0096654 0096810 0096924 0097037 0097092 0097133 0097158 0097233 0097410 0097438 0097614 0097642 0097655 0097800 0097878 0097893 0097938 0397975 0098089 0298098 0098128 0098142 0398211 0098229 0098248 0298402 0098579 0098625 0098813 0098844 0099112 0099166 0399249 0099465 0099499 0099728 00100002 00100119 02100138 00100193 00100194 00100292 00100336 00100410 02100541 00100546 00100596 00100614 00100690 00100747 00101029 00101054 00101128 00101159 00101502 00101546 00101597 03101732 00101923 00102149 02102171 00102340 00102440 00102558 00102591 00102733 00103186 00103210 00103407 00103422 00103664 00103671 00103674 00103829 00104118 00104356 00104695 00104810 00104888 00104893 02105005 00105174 03105358 00105387 03105570 00105604 00105618 00105662 00105808 00105820 02106009 02106101 02106106 00106366 00106434 00106470 00106628 00106677 00106682 00106711 00106762 03107555 00107583 02107670 00107707 00108007 03108051 03108228 00108325 00108358 00108551 00108558 00108582 00108641 00108699 00108710 00108737 00108862 00109112 00109132 02109355 00109497 00109521 00109663 00109956 00110005 00110078 00110083 00110253 00110392 00110475 00110499 00110676 00110723 00110869 00111006 03111186 00111230 00111324 00111402 03111416 00111878 00111917 00112044 00112057 00112244 00112266 00112308 00112513 00112535 00112549 02112946 00112997 00113013 00113059 00113205 03113246 00113453 03113488 00113490
91620771 0251 0295 0499 03233 00342 03392 03435 00437 04451 04676 02704 03711 04767 04794 03896 02968 02971 041183 031248 041284 041350 041389 041399 021407 021536 031752 021798 041827 041868 032242 022267 032277 032316 002318 042335 042341 042347 002523 042662 042670 022702 022732 022771 022942 022963 042994 023086 033168 033332 023340 043460 033472 023661 033782 024059 044100 044103 044202 044220 024332 024404 024618 004619 004633 044754 034763 045378 035386 025509 035729 005898 045975 026022 046064 046131 046141 046151 006256 026297 046325 046335 036387 036407 006449 026524 006525 036607 036638 006785 046882 046967 006988 046996 037030 037229 047504 027528 037539 047568 047576 047622 047693 047790 047825 027932 048052 028108 028131 048275 038322 048694 038737 008784 038859 048938 009016 049075 029101 029148 049193 049276 009339 009433 049668 039678 039687 009714 049743 009753 049768 039775 029837 0310069 0310098 0410287 0410343 0410354 0410437 0310527 0410547 0410570 0410620 0010688 0410781 0410832 0210993 0411130 0211132 0411163 0211229 0211241 0311278 0211346 0411348 0411364 0211511 0311559 0411570 0411650 0211692 0312232 0412297 0412304 0412427 0312466 0412503 0312504 0312531 0212644 0012692 0412880 0312915 0312956 0312969 0212975 0413029 0213038 0313089 0313126 0413149 0013203 0213303 0213331 0413438 0413627 0213652 0413653 0413675 0213787 0313880 0313922 0214117 0414185 0414337 0414355 0314361 0414466 0414494 0214562 0214607 0314617 0414621 0314670 0414937 0015111 0215119 0415121 0415231 0415236 0315237 0215358 0315365 0315370 0215506 0415559 0215635 0315648 0415675 0315715 0315974 0216106 0316293 0216408 0316770 0416915 0417026 0217114 0417144 0417183 0217279 0317352 0117373 0217485 0217535 0417749 0017775 0418020 0018223 0218249 0318266 0218383 0418635 0318675 0018768 0018780 0218996 0219045 0019086 0219100 0319385 0319418 0219428 0319449 0219585 0319865 0419925 0320034 0020060 0420063 0020140 0220188 0220370 0320388 0420391 0020550 0020590 0220595 0220605 0220649 0020664 0320736 0021081 0421093 0221163 0421315 0021337 0221503 0321584 0421632 0421717 0221746 0421778 0021789 0021801 0221838 0021861 0021903 0421924 0321935 0322146 0222198 0022226 0422431 0222453 0422507 0023086 0223260 0223393 0423395 0223429 0223650 0323722 0223774 0323919 0223964 0223988 0024050 0424090 0324095 0224344 0324406 0224442 0024474 0024535 0224564 0424581 0024606 0024649 0124737 0224832 0424929 0225109 0025684 0425707 0425758 0326046 0426163 0026270 0226285 0426456 0326457 0226461 0426535 0226626 0226787 0426971 0027078 0027255 0427261 0427309 0227312 0027344 0327465 0227550 0327593 0427595 0427604 0427640 0427710 0027899 0428028 0028084 0028207 0328228 0028298 0428431 0428438 0428706 0328971 0229222 0429289 0429342 0329378 0029405 0229467 0229519 0429563 0429592 0029624 0029817 0330339 0330611 0230773 0430782 0230947 0231042 0031045 0231049 0231121 0331259 0431277 0231707 0231750 0231941 0432155 0432509 0332551 0032564 0232656 0432688 0432710 0333142 0033261 0033308 0033479 0433556 0433585 0033730 0233760 0034056 0034089 0034236 0234348 0034401 0334592 0434677 0434827 0034829 0435011 0435041 0235046 0435181 0035333 0435347 0235407 0435413 0035435 0335519 0035524 0435801 0235831 0035840 0235927 0235939 0036058 0436071 0036247 0436350 0036612 0236627 0436631 0336788 0236821 0037148 0037237 0037424 0037649 0437761 0237833 0238004 0238031 0038065 0438354 0438380 0438539 0038738 0438936 0338943 0239080 0239116 0039233 0339360 0039423 0339657 0339794 0039929 0339937 0240168 0340586 0041058 0241173 0341177 0041196 0041209 0441291 0441322 0041368 0041429 0041443 0041491 0241496 0241635 0241732 0441734 0441797 0041853 0241930 0442067 0442316 0242341 0342396 0342400 0042499 0342770 0242923 0243026 0443080 0243115 0243153 0443228 0343269 0043277 0243376 0243452 0343464 0243492 0243575 0243669 0043703 0043862 0244173 0344220 0044251 0344296 0244365 0244456 0044593 0044648 0244769 0344914 0045023 0345044 0045261 0045273 0345367 0245756 0445956 0346004 0046422 0246471 0246890 0446937 0046941 0046998 0047008 0047060 0347085 0247106 0447111 0247186 0047248 0347299 0047304 0247567 0347808 0247965 0048097 0048253 0048331 0048388 0348517 0448542 0348615 0048651 0048905 0349004 0449051 0349386 0349500 0049587 0349602 0249715 0049843 0349904 0350024 0050167 0250178 0350201 0250204 0450228 0050252 0250388 0450540 0050633 0451156 0051212 0051257 0351375 0451383 0251429 0051494 0051525 0251637 0251711 0451728 0351743 0352117 0052443 0252460 0252629 0052635 0052637 0352844 0253045 0053057 0053060 0253093 0053124 0353206 0053690 0053748 0353861 0353920 0253981 0054225 0254259 0354342 0054474 0254502 0354631 0254710 0254738 0254804 0254912 0055108 0355271 0355563 0255673 0355689 0055710 0255775 0055954 0055983 0356272 0256320 0056338 0356397 0056422 0256448 0056516 0256520 0056544 0056729 0256797 0356930 0357252 0057355 0057591 0357611 0057800 0057961 0058012 0258055 0058060 0458117 0058160 0058194 0458262 0258317 0358506 0258542 0258615 0058676 0058890 0058952 0058987 0358989 0058998 0259404 0359464 0059655 0059717 0260065 0260072 0260157 0360198 0360246 0260321 0260364 0260582 0260727 0060733 0060791 0060995 0361027 0061207 0361213 0061275 0061294 0261319 0261387 0361460 0061532 0061541 0261773 0361775 0062017 0062024 0462131 0262229 0262340 0262373 0262473 0262632 0062654 0362782 0062795 0063132 0063467 0363644 0063673 0263822 0263983 0264234 0264251 0264497 0264543 0064809 0265151 0265167 0065324 0265510 0265589 0065603 0365760 0265845 0265851 0465873 0265896 0265995 0066066 0066086 0366229 0066261 0066286 0266325 0366345 0366396 0466642 0066989 0067019 0067186 0267598 0067654 0367680 0067728 0067875 0067920 0267943 0068519 0368523 0068813 0068862 0468906 0368950 0268983 0268997 0069052 0069088 0069098 0369107 0269168 0369232 0069237 0269385 0069449 0069467 0069473 0269488 0269634 0369677 0069689 0069840 0269892 0070049 0370359 0370532 0370715 0270733 0270746 0371080 0071160 0071413 0071473 0071566 0471653 0071867 0371993 0072089 0272095 0072139 0272222 0272308 0372435 0072443 0072570 0372573 0372794 0272910 0073048 0073134 0273149 0373349 0273406 0073416 0273566 0373623 0073632 0073978 0073987 0374197 0074480 0274525 0074978 0275177 0075227 0075330 0075437 0075484 0275523 0375561 0075594 0075624 0075712 0075791 0076013 0376030 0276103 0376651 0276816 0076835 0377083 0377158 0277161 0277444 0377617 0077772 0078028 0378068 0278255 0378278 0078434 0078521 0078642 0078645 0078702 0078772 0078975 0078981 0279002 0279016 0079103 0079185 0079292 0079312 0279334 0279407 0279431 0079438 0379462 0079501 0079828 0079875 0080142 0280191 0380440 0280441 0080463 0080521 0080669 0080754 0080829 0080858 0380891 0280917 0081041 0081095 0081104 0081388 0081395 0281490 0081514 0081555 0281643 0081723 0281781 0081821 0081915 0281989 0282209 0382434 0282497 0082660 0282668 0082785 0082857 0383077 0383252 0083471 0083957 0383967 0284187 0284302 0084329 0284367 0084380 0284433 0084451 0084501 0384678 0084737 0084949 0285031 0085048 0385050 0385211 0085233 0285315 0085581 0285593 0285658 0085678 0385736 0385896 0086373 0286399 0086474 0086571 0286858 0086890 0086913 0087101 0287158 0087171 0087190 0087195 0287260 0387365 0287503 0287661 0087868 0288261 0088419 0088486 0288932 0089046 0089062 0089185 0089263 0089279 0289335 0289450 0089779 0089884 0290047 0390085 0090358 0290525 0290605 0090633 0090674 0090758 0390861 0390912 0391381 0391393 0091648 0091759 0291993 0292075 0092135 0092138 0092187 0092371 0392805 0092866 0293011 0293193 0393238 0293280 0093450 0293493 0093537 0393609 0393778 0393786 0093882 0094110 0094199 0294284 0394306 0294443 0094460 0094550 0094717 0395014 0095117 0095496 0295773 0395927 0395946 0095958 0396094 0096299 0096389 0296699 0096851 0096915 0296978 0397089 0397157 0097211 0097331 0397530 0397788 0097923 0098043 0298088 0298165 0298289 0098383 0298397 0398495 0098505 0098531 0298667 0098735 0099156 0099176 0299268 0099331 0099435 0299605 0099816 0099857 0299972 0299988 00100204 00100240 00100479 00100508 00100543 02100616 03100677 02100815 03101040 00101155 00101450 04101674 00101695 02101784 03101810 00102074 00102221 00102386 00102501 00102565 00102618 02102774 00102890 00102989 02103112 00103232 02103438 00103633 00104023 02104054 02104354 00104450 00104600 00104792 00104800 02104877 00104926 00105021 00105038 00105201 00105245 02105709 00105731 02105757 02105874 02105890 00106157 00106356 00106690 02106747 02106777 00107156 00107291 00107377 00107757 02107950 00108067 00108194 03108513 00108577 02108708 00108767 00108856 00108921 00109039 00109050 00109155 03109199 00109383 02109564 00109691 03109919 02110040 00110305 03110325 00110528 03110639 00110738 00110868 00110920 00111058 00111108 00111120 00111158 00111167 00111319 02111470 00111598 00111609 00111820 00111888 00112101 02112590 02113053 02113103 00113137 02113280 00113465 00113511 00113557 00113564
91620781 0497 02126 04232 04306 04332 00440 04483 04532 02611 04669 04695 04724 001050 001088 041128 041304 041347 041405 041782 021787 001791 041800 041892 031904 042042 042282 032304 042371 042673 042749 042934 043045 043139 023158 043232 043398 043529 033530 023623 023738 003807 033844 003919 003946 023970 044028 044152 044169 044348 024511 004537 044875 024876 044969 045145 045395 025488 045507 035576 005692 025774 025807 045988 046027 046085 036097 036114 046356 046419 026571 046610 036644 046852 046917 046926 036999 027050 047329 047347 007554 017645 037689 037824 047858 048004 028059 048064 048192 048300 048490 028618 048816 048885 048932 048965 009044 049057 029252 049325 049333 049487 049554 0410042 0410089 0310118 0310248 0410417 0410923 0211005 0411087 0211162 0411200 0411663 0411753 0412052 0212414 0412431 0212604 0412903 0412920 0213063 0413107 0413223 0413318 0213373 0013536 0413771 0313786 0213822 0013873 0413906 0414141 0014280 0214425 0414436 0414652 0414807 0014980 0015025 0315069 0215254 0415462 0415571 0415719 0415736 0415799 0415834 0215992 0416051 0416187 0016557 0416558 0416570 0216601 0416623 0416725 0216817 0316894 0417156 0417302 0417397 0317450 0417612 0217760 0317780 0417805 0317855 0017951 0218053 0418227 0418272 0018429 0419027 0419038 0419044 0419208 0119288 0419375 0019386 0319420 0319452 0219570 0419583 0419603 0419679 0219885 0219957 0320337 0320343 0320662 0020994 0421040 0221101 0421169 0321448 0321450 0021580 0321751 0221982 0422022 0422086 0022098 0422333 0422347 0022425 0422486 0222692 0422842 0423056 0223149 0323179 0023274 0323309 0223534 0223560 0423749 0023752 0223771 0423779 0323857 0023971 0423984 0324189 0024309 0424347 0424388 0024808 0224852 0325052 0325054 0025152 0025183 0425287 0025503 0425507 0325517 0325692 0325769 0425790 0425855 0425927 0226317 0326379 0026498 0426519 0226542 0026658 0226789 0026944 0027080 0027133 0227519 0027601 0327608 0027613 0427667 0027695 0027701 0427756 0427791 0427803 0327808 0027885 0427904 0027928 0028031 0428239 0028266 0428306 0028437 0028512 0028615 0228734 0228772 0428854 0428928 0429007 0029108 0229119 0029147 0329208 0029420 0329821 0029895 0229916 0030018 0430089 0430138 0230165 0030174 0430248 0030313 0330415 0330443 0430916 0431043 0431144 0431166 0031250 0231290 0431374 0331417 0231487 0031502 0231527 0431568 0031585 0331591 0331703 0031879 0432190 0032363 0432546 0032579 0432600 0332613 0432727 0232831 0432861 0332928 0333002 0233059 0333188 0033353 0033650 0233721 0033888 0233891 0234119 0034223 0034290 0334296 0434626 0434697 0434760 0234845 0034865 0434934 0434961 0234963 0034969 0435027 0035205 0035243 0035281 0335503 0435549 0035809 0235820 0035976 0435992 0436005 0436100 0036323 0036412 0236648 0436661 0336729 0036831 0236893 0336935 0037002 0237101 0337335 0337492 0237585 0437733 0237801 0037802 0037843 0037878 0438045 0438049 0038089 0038168 0338229 0438406 0038421 0038636 0438771 0038785 0238801 0038804 0338905 0238989 0039199 0439339 0039450 0239500 0039676 0040017 0040051 0340215 0040306 0440359 0040759 0041009 0341072 0041140 0341263 0241284 0341350 0041366 0341379 0441535 0041741 0041830 0041880 0241896 0241943 0341975 0241986 0442404 0042475 0042494 0242531 0042629 0042886 0043010 0243035 0243071 0043134 0243262 0443428 0043455 0043457 0343632 0243767 0044339 0044460 0044479 0044692 0044768 0444897 0045304 0045426 0045526 0045542 0345810 0245869 0246239 0446288 0246293 0046365 0246436 0046537 0046725 0046953 0246986 0447347 0247395 0047401 0447458 0047498 0447805 0247883 0048155 0048187 0348340 0248558 0048761 0048809 0449029 0349298 0349409 0049449 0049472 0049493 0049788 0049814 0249846 0449856 0049861 0049971 0250108 0250117 0050126 0250168 0450193 0050300 0050431 0350457 0450684 0450981 0051067 0251300 0051333 0051481 0251814 0351907 0252276 0353095 0453201 0053263 0453599 0053930 0054083 0454098 0054508 0354662 0054722 0054814 0054943 0054963 0455376 0455379 0255461 0355492 0055584 0355631 0255890 0055920 0255997 0356000 0056055 0056187 0056223 0056270 0356556 0056659 0056685 0456802 0057023 0057095 0057155 0257259 0057332 0057387 0257437 0057663 0057714 0357957 0057967 0258247 0058342 0058574 0058602 0058750 0058802 0058822 0258861 0059266 0059640 0259884 0259941 0059952 0360053 0060166 0060498 0060638 0060645 0060717 0060750 0260772 0060782 0360939 0061378 0061439 0361465 0061553 0061561 0261657 0261723 0061731 0362013 0062178 0262234 0062532 0062541 0262992 0063197 0063512 0263648 0263799 0063819 0063852 0063919 0064093 0064273 0064524 0064528 0364728 0264756 0464886 0064952 0264960 0065014 0265027 0465111 0065230 0065468 0065480 0265608 0265621 0365675 0265744 0065861 0066069 0066112 0066170 0266294 0066494 0066526 0066540 0066809 0066879 0067126 0067346 0067780 0067843 0368116 0068232 0068785 0068949 0269398 0069513 0269547 0069559 0269776 0069917 0070665 0070763 0070764 0270811 0271053 0071207 0071248 0271264 0071491 0071581 0071669 0371780 0071837 0071879 0071900 0071919 0272062 0272137 0072289 0072352 0072502 0072542 0072552 0072841 0072867 0073015 0073063 0373130 0073151 0073307 0073344 0073371 0073425 0073444 0373511 0073587 0074012 0074161 0074214 0074667 0074790 0074878 0474931 0074948 0075243 0075279 0075307 0275327 0075381 0075914 0076064 0076255 0076786 0076898 0276931 0277191 0077449 0077480 0077487 0377565 0077595 0078101 0278226 0278284 0278490 0078763 0078873 0079061 0079085 0079175 0279259 0079307 0079388 0079425 0079432 0379486 0079622 0379930 0080003 0280070 0080132 0480772 0080940 0280944 0081013 0081161 0081220 0281320 0281776 0381824 0282029 0082296 0082708 0082744 0282768 0083066 0083134 0283453 0083837 0083851 0084290 0084450 0084625 0285239 0085394 0385449 0085469 0285557 0085567 0085683 0085686 0085816 0085869 0086175 0086199 0286349 0086407 0086673 0086808 0086826 0487240 0287256 0087352 0087456 0387510 0087552 0287803 0087934 0088009 0288112 0088141 0288301 0088535 0088635 0088712 0288731 0088763 0088859 0089186 0089222 0089223 0089955 0090023 0090136 0090167 0090176 0090393 0290505 0090526 0290617 0090789 0391039 0091159 0091268 0091355 0091369 0291418 0091501 0091525 0091559 0091605 0091684 0091763 0091830 0291981 0092074 0092175 0292186 0292210 0092486 0292499 0092505 0292578 0092924 0092986 0093685 0093772 0093846 0093848 0293851 0093885 0293958 0093992 0094019 0094324 0094467 0094555 0094622 0394934 0094946 0294979 0095114 0095197 0395198 0095357 0095384 0295486 0095600 0095643 0095688 0095708 0095856 0095936 0096043 0096289 0296311 0096400 0096418 0096422 0096424 0096460 0296488 0096742 0097411 0297942 0098066 0098192 0098269 0098273 0098319 0098359 0098362 0098494 0298791 0398859 0099025 0099069 0299115 0299244 0099337 0099641 0099752 02100082 02100307 04100355 02100553 02100587 00100739 00100968 00101071 00101095 00101142 00101209 00101358 00101396 00101531 00101657 00101704 00101744 00102027 00102066 00102081 00102120 00102360 02102524 02102863 00102889 04102939 03103065 00103454 00103461 00103537 00103770 00104050 00104335 00104384 00104392 00104852 00105050 00105095 00105226 00105246 00105294 02105312 00105334 02105475 00105931 00106113 00106127 00106248 00106334 00106474 00107005 02107076 02107390 00107467 00107567 00107624 00107731 00107994 00108145 00108221 00108428 00108445 00108456 00108471 00109280 00109471 00109498 00109526 00109540 03109588 00109744 00109963 00110222 00110345 00110558 00110597 00110709 00110808 00110838 00110864 00110871 00110942 00110958 00110974 00111286 00111407 00111858 03112036 00112238 00112242 00112271 00112430 00112589 00112845 00113134 00113146 00113167 00113239 00113473 00113527
91620791 0370 03111 00167 04177 04211 00256 04355 03374 04502 03543 02652 00685 001182 041231 041290 031374 031400 041448 041664 031804 032027 042191 012236 032323 022364 042513 002878 032887 043063 033206 033253 023393 023514 043612 043645 023664 023753 043982 024009 044242 004255 004347 024354 024499 024550 044742 024757 025056 025140 045155 025496 045548 045651 005688 045831 045890 046007 046020 036043 036091 036222 046350 026503 046566 046582 046651 046884 007028 047181 047442 007472 047643 037913 048150 048238 048438 028648 028701 038754 048882 029095 039099 049327 019364 009524 029647 049793 049921 0310200 0010205 0410226 0410262 0310300 0210462 0210466 0410591 0210618 0410712 0410736 0310814 0410848 0010967 0211172 0011261 0211274 0411425 0211468 0211515 0011565 0311700 0011782 0011902 0011949 0312022 0312066 0012067 0312093 0412358 0412442 0412460 0412465 0212513 0012722 0012749 0212758 0412776 0212800 0212929 0012957 0313034 0313177 0213385 0013395 0013575 0413580 0313656 0113730 0313738 0413744 0413871 0214106 0314152 0014153 0414194 0414199 0014224 0414232 0014268 0214763 0214785 0214838 0414995 0415032 0415186 0215327 0415384 0215532 0415608 0015681 0315832 0215860 0215864 0315953 0016008 0316010 0016162 0216165 0416167 0416406 0416523 0416677 0416732 0416909 0417033 0217094 0317324 0417351 0017576 0017592 0417939 0317943 0418009 0018063 0418475 0218522 0319265 0019340 0319384 0019662 0319701 0219859 0319883 0419929 0420152 0020332 0220344 0320352 0320363 0220396 0020757 0020761 0420792 0420799 0220933 0021061 0321209 0221284 0021686 0421811 0021969 0221984 0022009 0322049 0222072 0022258 0222421 0422445 0322698 0222774 0222795 0222869 0422935 0223037 0323165 0023190 0223227 0023251 0023253 0423337 0223376 0023745 0423802 0023977 0223994 0224023 0424065 0424400 0424403 0224440 0024541 0224547 0424665 0024792 0324817 0224821 0024983 0425066 0225196 0025244 0325349 0225489 0025586 0225596 0025698 0225784 0325796 0025923 0026036 0026091 0326256 0226391 0026574 0026698 0026737 0226745 0426955 0027042 0427121 0427290 0227301 0027386 0027412 0227440 0227459 0227714 0327767 0327982 0228022 0428179 0228262 0228378 0328389 0028559 0228679 0328822 0228836 0329079 0229154 0029265 0229327 0429357 0329393 0029448 0229452 0229501 0029540 0429647 0029736 0230079 0230081 0230114 0030120 0430129 0030178 0430194 0230302 0230463 0030755 0031069 0331084 0331272 0031442 0031696 0231867 0031888 0031907 0332089 0432096 0232177 0032202 0232208 0232253 0232283 0032320 0432366 0232460 0232639 0232690 0032778 0032830 0032921 0033067 0233086 0033110 0233112 0033121 0033189 0333371 0233480 0333540 0033597 0033696 0033727 0233749 0233890 0034070 0234153 0234176 0234232 0234265 0034360 0434754 0034856 0334857 0235042 0335140 0035202 0035412 0035530 0035893 0435908 0235996 0336091 0436483 0236490 0236495 0436829 0436868 0336938 0236983 0037024 0037081 0037242 0037381 0237456 0037489 0037628 0237690 0037707 0337772 0038042 0438130 0338207 0038267 0038322 0038350 0338901 0038966 0039325 0039394 0339428 0039588 0039602 0239611 0339696 0039841 0239920 0040142 0040152 0340289 0240615 0040760 0340836 0040853 0440871 0040930 0041278 0041332 0241387 0041638 0241640 0041681 0041915 0341918 0042013 0042049 0342101 0042220 0242302 0442329 0042518 0042728 0242730 0042732 0042773 0042791 0342848 0043120 0443408 0243459 0043570 0043583 0043670 0243814 0344151 0444303 0044437 0044526 0344855 0045099 0045163 0045229 0445327 0045364 0345368 0045620 0445893 0046031 0046099 0246123 0046324 0346352 0346366 0446419 0246434 0046442 0046572 0046576 0246623 0246873 0046874 0046887 0246959 0047090 0247113 0047198 0347423 0047436 0347446 0447464 0047489 0247532 0247543 0447634 0047893 0248185 0048275 0048820 0049054 0049069 0249264 0249299 0449713 0349746 0249829 0050053 0250255 0050437 0050477 0250719 0050763 0050939 0050951 0451062 0051105 0251415 0051571 0451655 0051925 0251929 0251994 0052078 0052099 0352385 0052442 0052627 0452739 0452770 0052875 0053069 0053108 0253194 0353513 0053665 0053739 0053800 0254085 0354145 0054162 0054170 0054223 0254236 0254296 0054309 0054539 0354558 0254597 0054641 0254651 0054728 0054731 0254785 0054898 0054935 0354939 0354970 0055002 0055413 0355937 0055985 0056057 0056060 0056235 0056359 0256365 0056708 0256727 0256847 0056885 0256961 0057025 0057140 0057176 0057934 0058044 0058074 0058180 0358185 0058457 0058991 0059059 0059299 0059352 0059420 0259475 0059484 0059485 0059531 0059534 0059619 0059628 0359675 0059906 0260088 0260642 0060703 0060866 0061336 0061431 0361458 0061505 0261732 0261757 0061886 0061889 0061909 0061986 0062058 0062117 0062127 0062264 0262282 0362477 0062478 0062516 0062990 0363278 0263291 0263320 0263497 0063655 0063701 0263893 0064106 0264125 0264160 0464162 0064414 0364793 0464888 0264988 0065003 0265042 0065084 0365181 0065426 0265587 0065694 0065802 0066000 0266076 0066203 0066421 0066446 0066454 0066460 0066492 0066598 0066719 0066737 0366740 0066749 0266941 0067103 0267164 0267313 0067426 0067471 0267502 0067525 0067531 0267572 0067653 0267746 0067774 0067866 0368025 0468131 0368134 0068275 0068352 0068404 0068494 0268585 0068901 0268903 0069103 0269199 0269264 0069272 0369440 0369468 0069501 0369656 0069712 0069983 0070108 0070178 0070230 0070307 0070324 0070437 0070448 0370551 0070712 0070801 0270806 0270865 0070930 0370971 0271096 0271146 0071206 0071288 0071290 0071353 0071457 0071811 0071928 0071980 0371989 0071996 0072004 0072138 0272395 0072526 0272541 0272562 0072704 0372744 0072830 0072920 0073005 0073012 0073087 0073097 0073133 0073326 0273385 0273417 0073568 0373674 0273676 0073823 0073970 0073983 0273991 0274363 0074535 0374593 0074648 0074699 0074721 0074953 0075208 0075276 0275285 0075534 0075810 0275956 0076144 0276164 0076168 0076177 0076206 0376314 0076409 0076435 0376683 0076686 0076712 0076725 0076813 0076893 0076917 0076946 0077004 0077255 0077309 0277331 0277625 0077854 0277881 0077896 0077898 0078129 0278215 0078392 0078534 0078646 0078657 0078776 0078913 0078932 0078938 0279011 0079173 0079389 0079394 0079423 0079437 0079487 0079831 0279924 0380103 0080137 0080360 0280386 0080399 0280502 0280552 0080641 0080691 0280697 0080727 0080850 0280892 0081108 0281274 0081552 0281717 0081785 0081828 0081904 0381953 0081993 0082060 0082061 0082131 0382234 0082323 0282326 0282636 0082769 0082953 0383051 0083095 0083139 0083152 0083420 0083636 0083677 0083776 0283807 0083852 0083871 0083876 0083890 0083997 0084059 0084076 0084121 0084395 0084402 0084452 0284590 0084664 0084686 0084706 0084865 0085176 0085583 0085597 0285623 0085661 0385706 0085734 0085755 0085857 0085916 0285964 0086078 0286142 0086168 0386343 0086395 0386530 0086672 0086828 0086989 0087057 0287060 0087080 0087163 0087271 0087385 0087562 0287653 0387761 0287767 0087978 0088004 0088108 0288126 0288148 0088178 0088253 0088393 0088560 0088670 0088852 0088875 0088896 0088906 0088950 0288974 0288980 0389013 0089059 0089441 0089473 0089493 0389524 0289667 0089762 0089771 0089817 0089829 0089887 0090000 0390152 0090163 0390246 0290465 0090640 0090767 0090849 0090947 0090996 0091025 0091044 0091064 0091140 0091200 0091362 0292004 0092047 0092142 0392155 0092201 0092263 0092335 0092462 0092483 0292711 0092890 0092919 0292942 0092997 0093113 0093148 0293154 0093229 0093549 0093569 0093645 0093662 0293761 0093807 0393829 0093927 0093936 0094406 0294562 0094573 0294704 0094762 0094777 0094965 0094978 0294987 0095043 0295082 0395174 0095195 0095303 0095415 0095507 0095535 0095672 0095675 0095947 0396064 0396121 0096168 0096372 0096390 0096436 0096530 0096537 0296580 0096689 0296875 0096896 0096963 0096968 0097043 0097074 0097075 0297138 0097140 0097276 0097317 0097332 0097550 0097606 0097621 0097729 0097747 0297889 0297908 0297964 0298058 0298209 0098266 0098308 0098393 0398401 0298475 0098603 0098777 0298867 0098891 0098979 0298989 0299008 0099066 0099297 0099298 0099387 0299544 0399668 0099747 0099883 00100169 00100238 00100435 00100498 00100608 00100754 00100799 02100839 00100844 00101231 00101278 00101434 00101451 00101471 00101494 00101570 00101622 02101659 02101712 02101714 00101730 00101855 00101880 00101898 00101945 02102002 00102093 00102165 00102167 00102191 00102670 00102715 00102732 00102747 00102836 00102837 02102865 00102934 00103037 00103043 00103092 00103177 00103374 00103440 00103799 00103808 00103866 00103869 00103895 00104018 03104145 00104225 00104320 00104537 02104731 00104753 03104930 03105060 00105077 00105305 00105344 00105549 00105682 02105701 00105784 00106014 00106103 00106109 00106179 00106312 00106457 00106458 00106576 00106744 00106789 00106878 00106973 03107031 00107056 00107142 00107199 02107209 02107328 00107497 00107597 00107637 00107705 00107729 00107734 00107768 00107856 00107906 03107907 00107973 03107983 00108018 00108087 00108178 00108191 03108478 00108484 00108495 00108507 00108570 02108604 00108635 00108936 00108987 00109184 03109248 00109250 00109372 00109450 00109474 00109559 00110023 00110043 00110088 00110244 00110324 00110397 00110404 00110727 02110853 00111070 00111104 00111443 00111448 02111458 00111522 00111582 00111695 00111729 00111737 00111777 00111987 00112069 00112095 00112252 00112458 03112507 00112511 00112547 00112576 00112714 00112748 03112802 00112808 02113003 00113079 00113133 00113254 00113347 00113567 00113580
91620801 02193 04313 02393 02443 02478 04577 03782 041035 001202 001663 021866 041911 022086 042165 022292 022373 032397 022562 042583 032622 032705 002776 022789 023049 043097 003335 003388 003560 033929 003953 003974 004095 004178 044301 024531 004726 024768 034947 044954 045074 005081 025121 025195 045244 005324 005435 045672 005714 006289 046303 026430 006444 046597 027101 027506 047507 007830 028056 048110 048202 028254 028342 048549 008847 049183 049291 009318 049340 009385 009778 009807 049965 0010194 0410303 0410534 0210539 0310864 0010872 0410927 0210966 0011049 0411325 0211742 0112034 0312060 0412179 0212327 0012453 0212463 0212472 0112487 0412511 0412543 0012618 0412635 0412838 0213181 0313219 0013257 0413278 0413359 0213531 0213625 0213702 0013827 0313893 0413919 0413974 0014159 0214276 0214324 0414748 0014903 0014994 0015070 0415071 0415109 0315248 0015366 0215380 0215632 0015730 0215770 0315870 0216085 0016086 0316156 0116841 0016922 0417003 0017143 0417171 0017254 0217412 0017526 0417541 0017744 0017779 0017930 0418399 0018564 0218853 0018936 0218963 0018985 0019094 0019170 0219254 0219336 0019337 0419345 0019530 0219558 0419569 0319659 0219721 0320016 0420192 0220235 0420241 0220339 0420682 0420775 0420855 0320936 0220987 0321055 0321146 0221239 0421318 0321366 0021406 0221808 0421963 0222088 0022105 0222350 0022384 0322518 0222580 0022808 0022847 0022887 0023074 0423468 0024160 0324663 0024703 0424826 0224867 0024990 0025118 0325132 0325682 0025697 0025721 0325849 0226215 0226307 0226366 0326423 0426614 0226690 0426791 0226916 0027045 0027109 0027162 0227194 0027276 0227405 0027627 0427748 0428011 0428383 0228420 0428504 0028695 0228806 0229224 0029316 0229325 0029478 0029750 0229783 0029889 0029946 0430287 0330294 0030582 0230650 0330791 0031126 0431155 0031795 0331801 0231828 0232002 0332210 0232533 0032868 0032931 0332987 0033100 0333212 0033251 0233339 0033407 0033499 0433762 0033815 0033831 0033975 0234013 0034085 0234214 0034244 0234393 0334430 0234434 0434442 0034590 0034667 0234686 0034795 0334815 0334840 0434977 0435562 0036027 0336366 0336491 0236767 0336857 0036916 0337008 0237451 0237467 0037735 0337797 0037850 0437889 0238219 0338276 0038656 0438745 0339049 0039092 0039534 0439621 0039932 0040093 0040239 0340282 0040440 0040460 0040555 0340638 0240716 0440891 0241091 0441289 0041499 0041626 0041756 0041861 0241938 0242001 0042023 0242088 0242142 0042251 0242524 0343042 0443116 0243353 0243554 0043625 0043720 0343747 0343812 0444137 0044360 0244482 0044609 0244843 0244986 0045205 0045349 0045543 0245549 0045668 0045798 0045980 0246100 0246156 0346168 0046195 0046219 0246235 0246490 0446515 0046518 0046675 0246777 0246978 0047144 0347230 0247300 0047301 0247477 0447483 0047648 0448010 0248116 0448121 0048258 0048287 0248406 0048641 0048988 0249067 0349235 0349282 0049307 0049450 0349536 0049608 0250198 0350364 0350576 0050682 0050730 0050758 0350808 0250860 0050935 0350990 0050997 0051039 0251184 0351426 0051589 0251718 0251940 0252131 0352169 0052187 0052412 0052550 0252853 0052868 0252985 0453025 0253041 0053113 0353276 0053327 0253498 0453560 0253770 0253799 0353869 0054063 0054065 0254122 0454332 0254350 0054498 0054550 0354579 0054636 0254663 0254930 0055015 0055076 0255177 0055779 0255999 0056061 0256249 0256287 0056507 0456565 0456657 0056821 0356884 0256958 0256973 0357110 0357124 0257276 0057314 0057617 0057783 0258031 0358269 0258315 0058828 0358891 0259052 0059330 0059375 0059530 0259848 0259898 0259901 0059903 0360040 0260081 0360231 0060340 0360488 0260516 0060551 0360603 0460624 0360664 0260755 0061342 0061486 0061510 0061527 0261882 0061911 0062016 0062026 0062165 0362328 0262351 0362545 0062546 0062698 0462773 0063052 0063239 0263337 0063585 0263679 0263764 0463909 0064086 0064094 0064231 0064710 0264764 0064983 0065269 0065354 0265446 0065625 0065826 0065833 0065900 0065952 0066048 0066213 0266444 0066535 0066547 0266589 0066758 0267184 0367240 0267327 0067347 0067355 0367385 0267397 0067621 0067952 0368252 0068385 0368682 0068750 0068881 0068984 0369099 0069102 0069180 0069187 0069349 0069395 0069676 0069768 0269921 0069963 0070074 0370107 0070321 0270401 0070430 0070508 0070531 0270667 0070756 0070779 0070868 0070983 0070989 0271191 0271211 0071613 0072071 0272100 0072232 0072304 0272436 0072724 0272894 0072896 0072928 0073102 0473126 0073192 0073195 0073242 0273284 0273509 0073626 0073638 0473852 0073871 0273890 0073938 0074113 0074328 0074369 0074377 0374380 0074416 0274551 0274557 0074618 0074639 0274909 0075267 0275380 0275403 0375466 0275654 0075852 0075862 0275913 0375961 0076120 0076254 0376328 0376362 0076482 0076546 0376646 0076722 0076803 0077179 0077339 0077387 0077510 0277679 0077702 0277775 0078002 0078079 0378086 0078088 0078102 0278106 0078140 0278186 0078217 0278518 0078625 0278693 0278768 0078800 0078811 0078956 0079043 0079203 0279532 0279571 0079603 0079646 0079706 0279913 0080042 0080083 0280408 0080483 0080507 0080581 0080606 0080919 0081018 0281361 0081718 0081737 0081921 0082006 0082018 0082027 0082213 0082282 0082329 0082351 0082355 0082717 0382742 0082795 0083061 0083062 0083222 0283388 0083422 0083475 0083604 0283699 0083794 0083947 0084042 0084149 0284278 0084371 0084610 0084642 0384708 0084933 0084968 0385105 0085387 0085393 0085405 0285407 0085420 0085471 0085723 0085917 0085923 0086031 0086120 0086162 0086237 0086286 0086412 0086803 0286804 0086856 0386938 0087039 0087052 0087239 0387468 0087544 0087835 0087852 0087965 0088274 0088278 0088371 0088412 0088619 0288628 0388639 0088815 0088861 0088964 0089158 0089225 0089342 0089433 0089569 0089600 0089739 0089846 0089900 0389999 0090086 0090161 0090181 0390237 0090250 0090259 0390519 0290766 0090904 0090918 0090993 0091031 0091054 0291059 0091117 0091160 0091220 0091541 0091573 0091647 0091669 0091893 0091964 0091966 0092190 0092191 0092197 0092213 0092365 0092553 0092570 0092588 0292716 0092768 0092779 0092840 0392934 0093326 0293385 0093472 0093718 0093819 0094047 0294150 0394363 0094400 0094476 0294517 0494533 0394593 0094667 0294757 0094765 0095223 0095280 0095319 0095545 0095549 0395618 0095678 0095718 0095790 0095871 0395875 0095877 0095955 0096037 0096227 0296342 0396491 0096522 0296529 0096552 0296727 0096814 0097025 0097159 0097185 0097188 0097425 0397543 0097652 0097847 0097906 0098135 0298259 0298267 0298662 0298675 0098803 0098914 0098990 0299367 0099471 0099589 0099629 0299661 0099842 0099969 00100085 00100299 00100319 00100448 00100556 00100624 02100767 00100837 00100911 00101031 00101287 00101299 00101407 00101416 00101738 00101932 03101999 00102192 00102210 00102273 00102332 00102335 00102583 02102607 00102751 00103223 02103226 02103303 00103818 00104068 00104071 00104218 00104250 00104481 00104492 02104574 00104606 02104631 03104711 00104817 00104984 00105250 04105274 00105368 00105527 02105690 00105843 00105920 00106017 00106073 00106092 00106340 02106473 00106581 00106589 00106746 00106763 00106862 00107261 00107633 00107854 00107881 00107888 00108192 00108391 00108659 00108679 00108752 03108765 00109273 00109315 02109399 00109490 02109636 02110642 00110785 02110845 00111527 00111539 00111684 00111739 00111786 00112087 00112140 00112463 00112588 00112771 00112968 00113152 00113235 02113271 00113499 00113579
91620811 03175 04309 02678 03949 02954 031239 041417 001559 021696 041751 041835 011858 021955 042062 022321 032330 032348 042365 002391 042400 002669 002758 022761 032808 032894 033085 043128 033151 003166 023219 003691 033723 034057 004070 034091 034110 004194 034409 004438 034505 034539 024540 014596 004640 044661 035053 035059 005267 035442 005671 045706 035799 005820 005848 026002 026207 046230 046287 046697 026836 026910 037097 047129 007215 037303 007340 037356 007360 047401 007479 047555 037571 027632 007754 037781 037815 027840 007935 048039 028098 008122 028401 038593 038615 008799 008992 049259 009275 009278 049472 029504 029597 029685 009742 039763 039809 039928 029931 0010092 0010183 0310361 0010383 0310390 0410392 0010475 0010654 0210753 0210830 0310868 0010881 0010947 0011144 0311153 0011199 0311399 0011427 0411439 0311601 0011657 0011728 0212020 0212284 0312391 0212438 0012527 0312601 0212616 0012696 0312856 0312907 0313007 0013082 0413216 0213256 0413322 0013364 0013551 0413552 0313634 0413687 0213790 0013799 0214207 0314549 0314576 0414590 0014618 0314651 0414664 0314728 0314810 0214850 0315100 0315144 0215160 0415454 0315456 0015481 0315544 0315578 0015771 0215883 0215955 0016021 0416155 0016159 0316164 0416259 0316321 0416368 0216465 0416540 0216542 0216745 0016821 0317002 0317266 0317269 0217312 0217638 0017701 0417733 0017807 0217825 0017839 0317925 0418004 0218077 0318084 0318371 0018412 0018453 0218570 0318604 0418673 0318822 0018850 0318899 0318932 0319007 0019022 0219031 0319068 0219112 0319339 0319366 0219409 0019417 0219513 0019606 0419607 0219639 0319665 0019710 0320029 0320123 0220132 0220157 0020299 0320385 0220423 0420496 0320529 0420558 0320582 0320616 0020705 0020798 0320886 0221008 0321103 0021141 0221159 0021175 0321403 0421770 0221772 0321912 0421961 0222055 0022073 0222237 0022428 0322461 0322547 0322576 0322785 0422800 0022839 0322875 0422907 0323067 0023223 0323250 0323314 0023319 0223324 0323510 0223539 0023593 0023617 0023683 0423958 0023991 0324091 0424112 0324115 0324146 0324256 0024264 0024325 0324705 0024773 0024941 0325068 0225304 0025352 0325451 0325605 0025723 0325760 0225781 0325830 0225886 0025978 0226062 0326103 0226300 0326336 0026407 0226480 0426540 0326695 0026800 0426838 0226924 0026931 0027120 0227226 0027268 0427302 0027424 0327448 0227560 0027749 0227770 0027877 0327985 0228203 0328313 0028327 0028611 0428689 0228719 0028754 0228847 0428931 0028984 0328993 0029232 0229268 0229319 0329324 0229367 0329416 0229469 0029527 0029581 0229598 0329622 0429924 0029943 0230154 0430342 0230440 0230444 0230560 0030620 0430626 0030752 0230761 0331037 0031073 0031112 0031180 0431195 0431232 0331268 0431366 0031436 0431602 0031662 0431674 0231701 0231981 0132156 0232166 0032200 0032298 0332306 0232342 0332387 0332400 0432496 0032521 0332523 0032539 0032578 0332594 0232642 0032775 0432829 0332849 0333016 0033064 0233448 0433463 0033497 0234029 0334257 0334504 0234546 0034573 0234581 0434605 0034691 0234765 0434944 0435137 0435284 0335409 0435568 0335697 0335822 0035904 0035997 0336007 0036009 0236106 0036117 0236310 0236438 0236459 0236514 0036852 0036863 0436875 0436891 0236901 0037013 0337181 0037190 0337251 0237283 0037318 0037406 0037454 0037684 0037897 0037925 0037931 0337956 0237986 0038249 0038302 0038384 0338425 0238428 0438457 0338464 0438484 0038560 0038666 0038813 0239261 0039331 0039335 0039468 0239599 0039742 0039778 0039972 0040023 0240081 0240172 0240179 0240188 0340451 0040571 0340667 0040737 0240782 0240893 0440903 0440936 0041028 0041054 0441062 0041083 0041161 0041257 0241344 0041371 0041580 0241592 0041644 0041654 0041718 0241720 0042129 0042232 0042368 0042469 0342797 0042894 0342905 0242972 0343037 0343183 0043217 0043399 0243400 0043654 0243702 0343714 0043736 0043941 0443992 0044044 0044164 0444165 0044212 0344322 0044545 0044572 0344636 0244703 0445019 0445050 0245077 0045101 0245132 0445174 0345237 0245400 0045409 0345455 0245705 0045725 0345771 0045779 0345866 0245939 0245996 0046130 0346372 0346389 0046409 0346428 0046569 0246619 0046651 0046702 0246753 0246926 0046982 0046988 0247134 0047136 0047169 0047365 0047403 0447481 0047771 0247928 0048124 0048136 0048174 0048328 0048358 0048462 0048690 0048700 0248911 0248928 0349268 0049310 0249321 0249428 0049442 0049580 0049682 0049830 0049943 0049947 0050072 0250455 0250483 0050534 0350550 0050565 0050645 0350678 0050729 0250831 0050866 0050918 0050967 0051048 0351059 0251191 0251295 0051305 0351384 0251395 0252045 0252209 0252219 0252257 0452307 0052363 0052462 0252613 0052618 0052677 0252802 0052902 0052918 0353116 0353256 0053577 0053590 0053735 0253858 0253871 0053900 0353936 0253948 0253988 0254012 0054068 0054173 0054276 0054308 0254427 0054445 0054486 0054530 0054598 0354743 0054758 0054770 0254811 0055035 0255215 0055540 0055661 0055755 0055880 0055916 0055943 0256002 0056077 0256335 0056494 0356645 0056940 0257034 0057035 0257103 0357159 0357198 0057241 0057288 0257379 0257520 0057584 0057701 0258104 0258250 0058320 0058352 0058517 0058654 0258774 0058911 0259022 0259107 0059117 0059262 0059324 0059894 0059966 0059975 0059982 0059989 0260011 0060068 0360253 0060504 0060511 0060802 0060942 0261108 0061158 0061564 0061566 0261606 0061652 0261776 0061840 0261868 0061870 0262035 0262207 0262453 0262515 0062634 0062730 0062856 0062861 0362875 0062957 0362984 0063024 0263049 0263222 0063235 0063243 0263306 0263471 0063518 0063561 0063651 0063732 0263898 0263929 0064015 0264176 0064232 0264383 0064711 0364768 0264781 0064833 0064845 0365002 0065030 0265100 0065305 0365346 0065500 0065533 0065553 0065664 0265683 0065863 0065921 0065933 0066246 0066250 0266374 0066415 0066423 0266497 0066669 0066763 0466787 0066807 0266951 0266971 0266979 0367030 0067242 0067254 0267255 0067366 0367464 0267524 0067669 0067840 0067856 0067859 0068008 0368772 0068963 0369031 0069186 0369402 0069466 0469502 0269582 0369633 0069811 0069993 0070119 0070229 0070299 0370397 0070459 0070752 0070871 0370883 0270906 0070909 0270992 0071010 0271066 0271104 0071372 0271400 0371465 0071499 0371500 0071891 0072360 0072425 0072439 0072474 0272569 0272587 0272760 0072768 0072900 0072937 0272944 0072950 0073114 0073169 0073346 0073365 0073408 0073687 0073775 0073834 0074036 0074446 0074514 0274516 0074616 0074630 0274685 0274720 0074728 0074809 0274975 0075041 0275156 0075212 0075397 0275454 0075507 0075685 0075792 0075876 0375917 0076048 0376128 0276380 0076432 0076446 0076463 0076543 0376642 0076732 0077025 0377085 0077416 0077912 0077961 0078017 0278131 0378162 0078241 0278248 0078296 0278487 0078548 0378572 0078586 0078614 0078635 0278649 0278655 0078664 0078704 0278841 0078848 0078876 0078983 0078986 0079078 0379237 0079247 0279250 0079357 0079401 0079433 0279456 0079481 0079542 0279547 0279685 0079690 0079711 0079792 0279898 0079922 0079956 0380035 0080153 0080248 0080298 0080490 0280557 0380650 0280747 0080912 0280959 0081004 0081191 0081229 0081277 0081402 0081411 0081623 0081677 0081722 0081733 0081774 0081811 0282000 0082067 0082163 0082285 0082414 0382415 0082453 0082489 0082516 0382705 0082773 0082814 0083150 0283210 0083276 0083362 0083365 0083440 0083458 0083511 0383516 0083524 0083656 0083965 0084006 0084012 0084038 0084072 0084100 0384171 0384339 0084357 0084407 0084655 0084873 0084959 0385107 0085128 0085162 0085199 0085229 0085237 0085258 0285277 0085297 0085749 0085771 0085945 0086002 0086092 0086254 0086290 0086298 0086299 0086445 0086567 0086762 0086793 0086834 0287076 0087128 0087153 0087161 0087207 0287617 0287914 0088070 0088128 0088135 0388154 0088217 0088481 0088551 0388648 0388683 0088816 0088898 0089226 0089444 0289577 0089893 0089899 0289992 0390056 0090070 0390182 0090186 0390261 0290383 0090438 0090471 0090615 0090705 0290770 0290778 0290853 0090922 0390944 0090986 0090992 0091050 0091132 0091188 0291194 0091245 0091271 0091342 0291429 0091490 0091695 0091758 0391760 0091798 0092247 0092356 0092394 0092568 0092579 0292591 0092594 0092797 0292914 0093004 0093051 0093250 0393321 0093336 0393448 0093623 0093714 0094154 0094319 0094340 0094451 0294566 0394599 0394798 0094826 0094911 0094919 0095115 0095190 0095326 0095358 0095662 0096384 0096517 0396590 0296600 0096674 0096680 0096723 0296733 0396762 0096764 0097013 0297022 0097176 0097206 0097212 0097424 0097452 0297469 0097567 0097637 0097718 0097791 0097861 0297872 0097874 0097891 0097910 0097934 0098140 0098256 0398363 0098366 0098410 0398427 0098668 0098760 0098778 0098801 0098864 0098880 0298963 0398977 0099013 0099014 0299120 0099127 0099219 0099238 0099302 0099494 0299520 0099670 0099855 0099912 00100219 00100250 02100445 00100568 00100714 00100802 00100940 00100947 00100979 00101069 00101098 00101193 00101218 02101573 00101736 00101737 00101757 00101985 00102129 00102173 00102233 00102271 00102283 00102285 00102297 00102325 00102349 03102400 04102505 00102638 00102671 00102693 00102769 00102846 03102882 00102892 00102909 00102963 03103214 02103251 00103282 00103286 00103578 00103642 00103733 00103762 00103768 00103954 00103983 00104019 03104028 00104137 00104148 00104209 00104294 03104337 00104417 02104512 00104543 00104587 00104759 00105033 02105213 00105317 00105406 00105506 00105727 00105790 02105800 00105933 00106005 00106008 00106028 03106083 00106120 02106156 00106261 00106398 03106508 00106674 00106728 03106737 00106939 00106971 02107177 00107215 00107293 03107485 00107618 00107642 00107650 00107795 00107816 02107842 03108006 03108014 00108118 00108210 00108216 00108233 03108414 00108424 00108563 00108565 00108686 00108690 00108827 00108842 00108904 00109015 00109055 00109097 00109135 00109182 00109200 00109229 00109318 00109422 00109423 00109442 00109640 00109740 00109834 02109859 02109910 00109999 02110032 00110098 00110294 00110332 03110410 00110517 02110568 03110633 00110787 00110791 00110818 00110836 00110961 00111002 00111194 02111238 00111253 00111275 02111311 00111342 03111452 00111553 00111556 00111645 00111720 02111792 00111808 00111922 00112160 00112188 00112255 03112294 00112354 00112367 03112555 00112565 00112602 00112783 00112784 00112831 00112859 02112892 00112937 03112957 00112967 00112987 02113128 00113212 00113217 00113260 00113335 00113360 00113414 02113510
91620821 02101 03228 02229 02383 03555 04781 03880 031094 021109 031241 031520 041538 031689 041698 031851 031882 001946 031961 031988 032309 022494 032500 022512 032589 032639 042906 042931 033144 023282 033511 003840 033968 034035 004039 034076 034266 034357 034397 044456 034599 004820 034914 044961 035143 045375 035478 035502 035790 006033 016036 006051 026135 026147 036181 036243 036354 026676 036678 036691 046923 007009 047139 007445 027650 027762 027937 048006 028030 048174 038199 028245 038329 038358 048372 038464 048645 038870 008884 029002 009124 039293 049319 049425 029467 009486 029586 009701 029731 039806 039822 039862 039905 009985 0310060 0310137 0410366 0410607 0410689 0410907 0210929 0310949 0311105 0011187 0411219 0311341 0211544 0311624 0311776 0311964 0012024 0212233 0012315 0012522 0212767 0012850 0212908 0212934 0013046 0313081 0413139 0013148 0313224 0413276 0213279 0413459 0213566 0013711 0313715 0213777 0013948 0314037 0314259 0214373 0214432 0314464 0014469 0414548 0314551 0314753 0314858 0314910 0215028 0015031 0315317 0316310 0016319 0316358 0316372 0016395 0316848 0316900 0316901 0316999 0317025 0217066 0317104 0317123 0417148 0417277 0317357 0317492 0317521 0217524 0317735 0317804 0218057 0318141 0318150 0318329 0018386 0018418 0318682 0018829 0018885 0419124 0319267 0019390 0319406 0319512 0019638 0419671 0419764 0319898 0019903 0220022 0320023 0420027 0320187 0020367 0320434 0320452 0320461 0020469 0020622 0220645 0320924 0321193 0021199 0321486 0221669 0221698 0121923 0421934 0022122 0322201 0022338 0022369 0322383 0022620 0322691 0022940 0323167 0223358 0023377 0323500 0023515 0323668 0323707 0023742 0323834 0323908 0323928 0324109 0024119 0024312 0324323 0024382 0024397 0024480 0224513 0224845 0024889 0024923 0324977 0325047 0025239 0025328 0325592 0025677 0325690 0325800 0226049 0326214 0326375 0226380 0326697 0426731 0326762 0426886 0227383 0427468 0027773 0227859 0327908 0328311 0228498 0028564 0428782 0228879 0228943 0329134 0329181 0029284 0229299 0029341 0429484 0029604 0029705 0429722 0329773 0329911 0029938 0430107 0030164 0330186 0230214 0330423 0230803 0231027 0031330 0231363 0331405 0331483 0331525 0331531 0031573 0031769 0031873 0331927 0332067 0032518 0232607 0032632 0332708 0432722 0332757 0332810 0032871 0032900 0433120 0333169 0333510 0033856 0233928 0333936 0034100 0034250 0034297 0034326 0334377 0034435 0434600 0034711 0034727 0234801 0034895 0334947 0335028 0335330 0235410 0035462 0035465 0035670 0335673 0235698 0335730 0035778 0235954 0336002 0336018 0036112 0036372 0336498 0036531 0336590 0336602 0436636 0036707 0236747 0336749 0036766 0236910 0036962 0037379 0337616 0037623 0337668 0237675 0237752 0037790 0037899 0038205 0438377 0338411 0038438 0038637 0038680 0438775 0038870 0038896 0038900 0038945 0339056 0039067 0439091 0039163 0339213 0239219 0039462 0039554 0439562 0039590 0039617 0039647 0239692 0339758 0339825 0040055 0340098 0340331 0040411 0040430 0040500 0340502 0040628 0040784 0240795 0040798 0341089 0041123 0341251 0041846 0341868 0042005 0042201 0042255 0342333 0242375 0042401 0042424 0342540 0242664 0042786 0042806 0342810 0342888 0242920 0442974 0343172 0043213 0343220 0343281 0043315 0043348 0243454 0343737 0343797 0343889 0043947 0344175 0044306 0044348 0244558 0044605 0044685 0344693 0045021 0345183 0345429 0045446 0045565 0045714 0345797 0045931 0046488 0246680 0046736 0046759 0046833 0046943 0346963 0046970 0047183 0347266 0047307 0247494 0447579 0047723 0247768 0047777 0247811 0048038 0348062 0348072 0048130 0348341 0448379 0348427 0248436 0348472 0248564 0348795 0348817 0348875 0248917 0049079 0349143 0349148 0249196 0049209 0349346 0349394 0049545 0349576 0049621 0049624 0249816 0249822 0249869 0350249 0050278 0350290 0350313 0050628 0050767 0350803 0251201 0451274 0251338 0051522 0251662 0051748 0351892 0051952 0252153 0052184 0352227 0052264 0052295 0352456 0352575 0052600 0052804 0052856 0053021 0353058 0353493 0053542 0353558 0353664 0053762 0354019 0354049 0454124 0354167 0354307 0054336 0254506 0354648 0355038 0055042 0055184 0055190 0355196 0355225 0055382 0055649 0055760 0055862 0056038 0356128 0256134 0356171 0056207 0256245 0256343 0056443 0356515 0256532 0056658 0356699 0256842 0356975 0057275 0057302 0357398 0257889 0358032 0058125 0358164 0058175 0458369 0358438 0058584 0058596 0058817 0058826 0058853 0058905 0058928 0058934 0059028 0059137 0059171 0059186 0359256 0359279 0059372 0059489 0059491 0359560 0059624 0059879 0359957 0360061 0360145 0360183 0260211 0360257 0060269 0060303 0060304 0360832 0060900 0061026 0061099 0261152 0361186 0361248 0361264 0261382 0061619 0261664 0261783 0061796 0362023 0062160 0362531 0262562 0062645 0062748 0362997 0063069 0363072 0063131 0363311 0363428 0063474 0363844 0063850 0063891 0264002 0064068 0264184 0364270 0364317 0364376 0364657 0364762 0364795 0364856 0364929 0064954 0065138 0365157 0265225 0365434 0065451 0065455 0265514 0065560 0065594 0065661 0065812 0065816 0065908 0065993 0066151 0066173 0066300 0066630 0066801 0266821 0366834 0367067 0367417 0067449 0067850 0368062 0368206 0268389 0068619 0068635 0368693 0068891 0069159 0369262 0069428 0269454 0069538 0069539 0369686 0069705 0369722 0269753 0369927 0069951 0370036 0070038 0070393 0070639 0370649 0370778 0370785 0070964 0070994 0071024 0071136 0071214 0071224 0471250 0071393 0371504 0271515 0371590 0071627 0071791 0071885 0071936 0072141 0372182 0072332 0272481 0072585 0072727 0072923 0072939 0372946 0073016 0073030 0373075 0273633 0074000 0274166 0274270 0074302 0074331 0274413 0074465 0074469 0074474 0074545 0074691 0074692 0074966 0275179 0075366 0076114 0076141 0076280 0076398 0076399 0276459 0276501 0076755 0076826 0276855 0376930 0376954 0077034 0077129 0077320 0277342 0077349 0077587 0077588 0077622 0377640 0077874 0077934 0077988 0078039 0078067 0078429 0078488 0378525 0078617 0078651 0378745 0379089 0079118 0079128 0079166 0079200 0079262 0079346 0079468 0079537 0379552 0379640 0079861 0079894 0080011 0080020 0080044 0080080 0080288 0080328 0080412 0080436 0080565 0380717 0080734 0280840 0380880 0080996 0381140 0381184 0281257 0081359 0081426 0081444 0081727 0081952 0281996 0382030 0082515 0082590 0082602 0082706 0082753 0382816 0082836 0082839 0382880 0082956 0083031 0383072 0383086 0383087 0083100 0083109 0083533 0283588 0383678 0083692 0083820 0083848 0083873 0083962 0383988 0084027 0284093 0284186 0084210 0284259 0384374 0384385 0084430 0084498 0084770 0284780 0084950 0285022 0085164 0085438 0085603 0285644 0086157 0086185 0086258 0086504 0086540 0086723 0386741 0086753 0086791 0086816 0286946 0087103 0087182 0387250 0087493 0087498 0287546 0087598 0087724 0088171 0088361 0088421 0288465 0388664 0388679 0088783 0088786 0288970 0088983 0089256 0089311 0089313 0089394 0089575 0089774 0090009 0090067 0090122 0090158 0290381 0090487 0090538 0090561 0090576 0090706 0090783 0090852 0090924 0090926 0391005 0091042 0291166 0091235 0091416 0091543 0091547 0091731 0092192 0092209 0092260 0092477 0092498 0092512 0092519 0392830 0092900 0092929 0092953 0092975 0093077 0093126 0393234 0093346 0093372 0093627 0093715 0093922 0094044 0094053 0094090 0394112 0094139 0094198 0094207 0094399 0294464 0294487 0094607 0395241 0095269 0295285 0095432 0395460 0395488 0295596 0095602 0095670 0095694 0095811 0395987 0095997 0096178 0096184 0096291 0096351 0096407 0096589 0096673 0096747 0096803 0096834 0396892 0096905 0296907 0097080 0297150 0397181 0097235 0097262 0097491 0097538 0097549 0097633 0397673 0097693 0097712 0097905 0098145 0098193 0098201 0098407 0398707 0098716 0398796 0298885 0098922 0098950 0399254 0099388 0099701 0099716 0099732 0099873 0099975 0099979 00100236 00100408 00100415 00100582 00100742 00101198 02101245 02101255 03101347 00101612 00101665 00101998 00102068 00102383 00102484 00102509 00102590 00102594 00102624 00102686 00102778 00102856 02102871 00102916 00103075 00103166 00103410 03103582 00103605 00103636 00103766 03103777 03103793 00103814 02103937 00104064 03104093 02104106 00104188 00104310 00104371 02104415 03104446 00104530 00104535 00104635 03104647 03104650 00104799 00104812 00105003 00105007 00105540 00105624 03105834 00105876 00105958 00105970 00106151 02106321 00106447 00106520 00106752 00106772 00106883 00107055 00107071 00107090 00107105 02107121 00107235 00107253 02107258 00107324 00107423 02107620 03107668 03107704 00107717 00107745 02107758 00107809 00107959 00108030 00108122 00108269 00108298 00108312 00108337 00108404 00108702 03108758 00108837 00109300 03109362 00109382 00109466 00109467 00109478 03109492 03109538 00109598 00109671 00109794 03110258 00110331 00110348 02110519 00110624 00110699 02111087 03111110 00111333 00111583 00111671 00111794 00112256 00112261 00112407 02112408 00112575 00112650 00112682 00112684 00112749 00113156 00113199 00113213 00113284 00113315 00113336 00113398 00113546 00113548
91620831 0387 03212 00245 03307 04343 02379 04413 03446 03521 03529 00534 04706 00793 04815 04911 041010 041032 021192 031220 031385 021483 021532 021601 001630 021842 031977 021985 022044 002148 022221 032368 002399 032441 002685 022775 002826 042860 022954 043117 003210 023406 043771 033775 003796 043906 044096 004097 004184 034318 024434 024506 024517 044830 024889 024942 035020 045026 035296 005317 005374 045489 045514 045577 045620 005792 005804 035829 045837 005878 035880 005882 026006 046079 026240 006331 006425 006476 006696 046731 046772 006828 006830 006862 006928 037006 027069 027098 047255 027274 037415 037435 007452 047466 027593 037655 027962 037987 048118 008126 028347 008356 008408 048592 028755 048802 008873 039139 039174 029205 049218 049230 019290 049298 049781 049796 049915 0010240 0410312 0410318 0010409 0410446 0310461 0410500 0010505 0310842 0010850 0410899 0410982 0010987 0311063 0011147 0011155 0211221 0411300 0011478 0411498 0411502 0411676 0411683 0411832 0011835 0211846 0411934 0212007 0412047 0412121 0212193 0212196 0212335 0312454 0312486 0012654 0012674 0412804 0213383 0113409 0313494 0213547 0013733 0013864 0013973 0414012 0314030 0014073 0314093 0214212 0214318 0014376 0014379 0314402 0014482 0314612 0014645 0214806 0214908 0014964 0315009 0215101 0015324 0315353 0415618 0215677 0015802 0015836 0215920 0016004 0416015 0016033 0216071 0316131 0016246 0216521 0216639 0016746 0316776 0016807 0416983 0417113 0417381 0417487 0217614 0417762 0017851 0417885 0017912 0417969 0318087 0418098 0018103 0418165 0018203 0218264 0218275 0418387 0418410 0218449 0318532 0418672 0018863 0218999 0419006 0419017 0019056 0019146 0219197 0019207 0219239 0019305 0319398 0419500 0419531 0219561 0019588 0219643 0219692 0019791 0419847 0319975 0219976 0019985 0020133 0220280 0020347 0220449 0020512 0320544 0220586 0220589 0220657 0420729 0220791 0020871 0421254 0021343 0221382 0221412 0021436 0021464 0021538 0221545 0021985 0022040 0022060 0422152 0322360 0322599 0322703 0422736 0023094 0023096 0323120 0423231 0423275 0223399 0023532 0023595 0423706 0423750 0423847 0023879 0423986 0424008 0224012 0424016 0024404 0324459 0424466 0024552 0424641 0024669 0224763 0024892 0024912 0024938 0025111 0225187 0225238 0225256 0125312 0025611 0225657 0025667 0225683 0025747 0025770 0025834 0425841 0425860 0425865 0325891 0325906 0325944 0025973 0226009 0326067 0226226 0226291 0226384 0026402 0026445 0426482 0026490 0026507 0226616 0226725 0026918 0227118 0427196 0427239 0027359 0027388 0427588 0327610 0227644 0227712 0027891 0328004 0028006 0228077 0428100 0028127 0028176 0428255 0228278 0328413 0428475 0228617 0428812 0429317 0029403 0029454 0429561 0429642 0429734 0029818 0229920 0029945 0030142 0230146 0230241 0030308 0430539 0430556 0030750 0330845 0030960 0330991 0331057 0231165 0231192 0431300 0231311 0231408 0431464 0331615 0031812 0332024 0032108 0032216 0232242 0032305 0232634 0232724 0432886 0432939 0332967 0333063 0033090 0433091 0033298 0433309 0033387 0333438 0033440 0033618 0433626 0033648 0233663 0433785 0233989 0033993 0034017 0234073 0034287 0334333 0234346 0234380 0334469 0234495 0034523 0034595 0434676 0034862 0334975 0235015 0235020 0335191 0035225 0035308 0235364 0035411 0035839 0235896 0335983 0036085 0036199 0036303 0236523 0336588 0036646 0436842 0336954 0036993 0037123 0337161 0237248 0037299 0437452 0237629 0437778 0337908 0037958 0037988 0438006 0038026 0238153 0238161 0038362 0038634 0238651 0238741 0039037 0239063 0439098 0039124 0039210 0239330 0339391 0439481 0239518 0339598 0039614 0339683 0439802 0439901 0040092 0240114 0040192 0340305 0040431 0240515 0040526 0040590 0040599 0040647 0440676 0040704 0240799 0340819 0240929 0440957 0441004 0041021 0041122 0041158 0441216 0041244 0441250 0041450 0441481 0241482 0241490 0241505 0041552 0041636 0241671 0041709 0041753 0041833 0041881 0341888 0341891 0041973 0042039 0242234 0042782 0242800 0342983 0242984 0043022 0243050 0343119 0043229 0043240 0443252 0343493 0243571 0043645 0443688 0443750 0043844 0343987 0444052 0044135 0444180 0244207 0244257 0444259 0044289 0044438 0244651 0044779 0044902 0244979 0045008 0045016 0045209 0045276 0445412 0245416 0045444 0345509 0245618 0045881 0046039 0246058 0046135 0046173 0446406 0046460 0046514 0046522 0046668 0046974 0047055 0047321 0247630 0047732 0047790 0247901 0047904 0447985 0048022 0048108 0248111 0048448 0048463 0048737 0048740 0048773 0048921 0049002 0049016 0049060 0349105 0049112 0049212 0049280 0049335 0249522 0249543 0049659 0049668 0349752 0249794 0049797 0249826 0049839 0249913 0249928 0050287 0050295 0250330 0050415 0250529 0050553 0050657 0050752 0050884 0051013 0051034 0051077 0051094 0051177 0051267 0051281 0451397 0451459 0251538 0051592 0051738 0051788 0251810 0251860 0251869 0051873 0051916 0052026 0252029 0052089 0052217 0252399 0452500 0252570 0052649 0052709 0052901 0353012 0053027 0353038 0453049 0453080 0053094 0053200 0053361 0053400 0053428 0053479 0053549 0053592 0053781 0053931 0253945 0354046 0054089 0254105 0054136 0054227 0054303 0054310 0054383 0054601 0054714 0054837 0254953 0254964 0054983 0055094 0355339 0055481 0055486 0455505 0055778 0055805 0255819 0355947 0355972 0056147 0056314 0256369 0056664 0356689 0056740 0356781 0056825 0056917 0357021 0057212 0257376 0057400 0057525 0057594 0057598 0057657 0357811 0257910 0057919 0058010 0058051 0258067 0258156 0058171 0358308 0058401 0058404 0258409 0058415 0058567 0058739 0258772 0058820 0058876 0058881 0059089 0359111 0259369 0059492 0059524 0059590 0059599 0059659 0059808 0059833 0260026 0060039 0360086 0260118 0260184 0060236 0460262 0060372 0060374 0060450 0060453 0060467 0060609 0460647 0060665 0260680 0060732 0060763 0060999 0261109 0061170 0061179 0061365 0061488 0061562 0061648 0061687 0061699 0061894 0361946 0061947 0262411 0062448 0062595 0262814 0362887 0063018 0063199 0263281 0063425 0063447 0063539 0063556 0263562 0063573 0263674 0063703 0063797 0063823 0063951 0263972 0264023 0264247 0064250 0064363 0064392 0064580 0064600 0064715 0064830 0065194 0065287 0065528 0065581 0065606 0065738 0265767 0065844 0365907 0365910 0065967 0066009 0066019 0266256 0066298 0366316 0066344 0066475 0266792 0066805 0066853 0066895 0267077 0067117 0067141 0067322 0067405 0067408 0067423 0267610 0067693 0067765 0268090 0268266 0368411 0068421 0068481 0068495 0268498 0068512 0368550 0268784 0068864 0068869 0068957 0069137 0069167 0069210 0069248 0369450 0269497 0069560 0069573 0069578 0069598 0069608 0069640 0069645 0069871 0070271 0070287 0270311 0070374 0070418 0070447 0470461 0070500 0070548 0070562 0270563 0070641 0070922 0270943 0070998 0071000 0071022 0071056 0071101 0071162 0471185 0071227 0071304 0071481 0271571 0271598 0271681 0071720 0071743 0471852 0071862 0071969 0072128 0072155 0372268 0372288 0472329 0372525 0072666 0072675 0372677 0072852 0372869 0072963 0073028 0373053 0273093 0073098 0073154 0073267 0073306 0073377 0073445 0073471 0073641 0373652 0073656 0073658 0073669 0473681 0073867 0074023 0274053 0274057 0074097 0074135 0074145 0074364 0074403 0074424 0074457 0074477 0074523 0274617 0074731 0074742 0074888 0074933 0375023 0275037 0075042 0275065 0075242 0075326 0075328 0075449 0075471 0075485 0075547 0075678 0275732 0275785 0075806 0075921 0075955 0076024 0076045 0076178 0076320 0076348 0076370 0076467 0076540 0276967 0076992 0077239 0077417 0077427 0077631 0077666 0077707 0077781 0077801 0077977 0378019 0078121 0078201 0078334 0078345 0078648 0078795 0078803 0078904 0079093 0079277 0079279 0079349 0079454 0279467 0079526 0079535 0279601 0079648 0079778 0079783 0279822 0079860 0379911 0079919 0079997 0080110 0080204 0080312 0380374 0080375 0080405 0280621 0280622 0080661 0080715 0080733 0080873 0080962 0081123 0081137 0081353 0281446 0081621 0081758 0281777 0281861 0081865 0081887 0081892 0082070 0382193 0082397 0082438 0082451 0082494 0082696 0382771 0082776 0082835 0082893 0082991 0283127 0083146 0083224 0083250 0283270 0283363 0383417 0083518 0383565 0383667 0083803 0083897 0383938 0083961 0284133 0084438 0084494 0084534 0284775 0284867 0084901 0085084 0385094 0085220 0085428 0085487 0485548 0085807 0285900 0086041 0086088 0086139 0086164 0286205 0086400 0086518 0086560 0286677 0086703 0086768 0086780 0086829 0086948 0386956 0086984 0087338 0087390 0287424 0087616 0087671 0087962 0088030 0088096 0288138 0288167 0088290 0088364 0088406 0088409 0088495 0088621 0088656 0088669 0088968 0088984 0289196 0089236 0089298 0089393 0089403 0089430 0089458 0089525 0089553 0089559 0089571 0089635 0389747 0089783 0090065 0090208 0090212 0290228 0090231 0090290 0090331 0090376 0090432 0290437 0090464 0090488 0090511 0090544 0290598 0090609 0090704 0090768 0490875 0091038 0091143 0391209 0391244 0091248 0091325 0091402 0091415 0091524 0091557 0091568 0091890 0091891 0091925 0091934 0092017 0092022 0092082 0092147 0092168 0392198 0092224 0092282 0092549 0292598 0292673 0092751 0092930 0293169 0093182 0093368 0093386 0093404 0093561 0093659 0094064 0294141 0094308 0094328 0094520 0094623 0094642 0094709 0094778 0094783 0094877 0094884 0094913 0094949 0094952 0295159 0095325 0095393 0095505 0295508 0295628 0095632 0095674 0096031 0096050 0096125 0096172 0096173 0096199 0096270 0396306 0096314 0096343 0096374 0096495 0096563 0096696 0096787 0096877 0096990 0097122 0097175 0297210 0097244 0097248 0097512 0097517 0097723 0297734 0097857 0097948 0097954 0097978 0098170 0298322 0098483 0398519 0098526 0298558 0098653 0098775 0098866 0098955 0099164 0099210 0299213 0299312 0299370 0099422 0099439 0099440 0399456 0099473 0099578 0099590 0099602 0099640 0099748 0099774 0099834 0099905 0099951 02100074 00100248 00100337 00100368 00100518 00100520 00100583 00100861 00101002 00101018 00101378 00101540 00101717 00101725 02101791 02101893 00101968 00102099 00102225 00102443 00102492 00102518 00102530 00102579 00102625 00102822 00102929 00103020 02103153 00103519 00103604 00103760 00103767 00103780 00104017 00104195 00104238 00104242 02104332 00104353 00104440 03104488 03104491 00104529 00104558 00104727 00104958 00104960 00104990 00105052 00105123 00105125 00105209 00105271 00105389 00105456 00105587 00105673 00105691 00105708 00105832 00105865 00105869 00105875 00105953 00106052 00106105 00106180 00106239 00106279 00106330 00106341 02106490 00106531 00106592 00106637 00106666 03106687 02106872 00106904 00106990 00107059 00107066 00107174 00107176 00107210 00107506 00107522 00107613 00107708 00107801 00107805 00108137 00108199 00108203 00108222 00108281 00108461 00108502 00108631 00108648 00108815 00108823 03108874 00109008 00109073 00109217 00109301 02109342 00109512 00109649 00109674 02109693 00109723 00109759 00109805 00109844 02109954 00110007 00110107 00110141 02110240 00110252 00110340 00110353 00110368 03110441 00110454 02110465 00110496 00110581 00110710 00110812 00110990 03111130 00111141 00111148 00111149 00111279 00111306 00111313 00111476 02111611 00111704 00111813 00111863 03111920 00111929 00112059 00112133 00112345 00112460 00112529 02112609 00112616 00112667 00112671 00112718 00112738 00112813 00112840 00112841 00112867 00113009 00113121 00113140 00113208 00113339 00113381 00113399 00113470 00113480 00113585
91620841 03165 00283 04416 03547 00576 00723 04729 00921 00947 00979 031011 001023 021087 001252 031285 001685 031828 002071 002244 042482 042659 032695 042791 042965 003013 033019 043106 023126 003149 043507 043755 043938 033987 004043 034085 004190 004362 024447 004555 004680 024720 004890 044976 034988 035095 025370 035546 035596 005601 025625 035702 005913 036031 026193 046242 026246 006358 036371 006481 036573 046752 027054 027081 037219 027304 047328 037393 037746 037836 047864 047930 008251 028414 028451 048453 048519 038550 038689 008741 028803 018890 038949 049077 009168 039202 049248 039263 009281 049405 0310108 0010236 0310518 0010584 0311030 0311040 0011534 0011735 0311799 0212005 0312148 0012255 0212401 0312514 0012994 0213024 0313154 0013519 0013636 0013832 0414135 0014184 0214197 0314254 0214411 0414451 0014559 0214969 0115018 0015143 0015392 0415508 0415568 0315775 0315971 0016014 0216042 0016101 0016284 0416386 0416738 0216802 0317484 0417493 0417496 0017543 0317688 0317704 0317959 0017983 0218116 0318193 0418244 0018296 0218422 0018705 0318837 0418923 0019036 0319157 0219199 0019286 0319294 0319610 0319780 0319790 0319829 0320208 0420336 0020524 0020530 0320597 0020602 0320626 0320962 0420967 0020976 0021060 0421073 0321208 0221270 0421344 0321427 0421459 0421493 0421542 0321682 0421837 0322064 0022340 0322400 0322508 0322515 0322572 0422648 0322838 0222905 0423001 0323031 0223042 0023176 0023240 0423282 0323388 0023459 0423541 0324292 0024501 0224563 0424597 0324714 0424718 0424834 0024873 0324882 0224901 0424956 0325077 0325446 0325715 0325802 0325866 0325968 0225998 0026240 0326312 0026377 0326454 0026470 0326515 0326704 0326718 0326744 0327076 0427287 0027304 0027447 0327469 0227618 0327641 0227758 0427990 0028062 0328067 0228096 0428159 0028184 0028235 0328334 0328598 0428659 0028721 0328834 0228853 0328867 0028876 0429152 0429244 0229354 0429427 0229725 0029870 0330105 0030193 0030203 0330496 0030505 0030667 0330724 0230834 0030850 0431058 0331251 0331295 0331427 0331574 0031609 0231733 0031991 0032055 0032160 0032222 0032413 0232581 0032630 0032652 0032670 0032747 0432776 0232839 0032866 0032935 0032989 0433017 0433044 0333158 0333244 0233312 0033545 0333553 0433660 0033672 0033839 0333955 0034067 0034217 0334267 0234440 0334635 0234670 0234805 0034889 0234978 0035458 0035565 0435623 0035672 0035765 0235899 0335922 0335926 0035952 0336015 0236024 0036040 0336068 0036107 0236250 0036337 0236484 0036614 0336762 0037010 0037091 0037373 0437441 0037538 0037704 0437759 0337816 0037963 0338091 0338145 0038167 0038285 0438413 0038513 0238514 0038621 0038684 0238696 0039239 0039362 0339408 0339429 0239433 0039506 0439579 0239601 0439634 0239795 0039915 0339961 0039992 0040156 0240238 0440574 0040711 0040740 0040826 0241070 0341172 0341229 0441300 0341541 0041619 0241633 0341758 0041969 0342090 0042160 0442273 0042330 0342344 0042589 0342641 0042719 0042743 0342765 0343158 0043275 0243286 0043434 0043539 0343618 0443648 0443783 0343787 0343796 0043904 0043945 0344102 0044316 0044397 0044622 0044820 0044961 0044977 0045167 0045475 0345576 0345820 0345838 0345859 0346076 0446193 0046457 0346604 0046606 0046646 0346693 0346718 0346845 0046882 0346916 0346930 0047124 0047205 0047279 0047290 0247349 0347389 0047472 0047493 0247687 0047836 0047969 0347987 0048013 0048066 0048081 0048093 0048415 0248739 0248951 0349044 0349092 0349139 0049158 0049174 0049292 0349304 0049314 0349370 0049540 0349627 0349681 0049734 0349821 0349881 0050185 0050240 0250329 0250402 0050508 0250627 0050635 0050732 0250751 0050988 0051122 0051248 0351311 0051604 0251736 0051761 0051839 0252156 0052278 0052303 0052375 0052665 0352738 0252759 0052827 0052854 0052920 0252931 0352952 0053126 0053384 0253484 0053612 0053798 0453974 0353997 0254118 0054217 0054516 0054749 0054819 0354929 0055245 0055301 0355303 0055317 0455484 0355532 0055650 0056090 0056104 0356145 0356292 0056435 0056681 0056794 0056835 0057138 0057254 0257271 0057358 0057384 0057458 0057492 0057546 0057822 0057973 0458071 0258332 0058412 0058524 0258685 0058766 0059133 0059207 0059290 0059806 0459895 0459992 0260030 0360043 0060103 0360320 0060322 0260338 0060631 0060844 0060893 0060896 0060932 0061360 0061555 0062014 0062167 0062216 0062269 0062487 0062600 0062674 0262691 0062892 0362994 0062996 0263019 0263036 0463103 0063186 0063374 0063451 0363527 0063552 0063595 0063659 0063930 0063947 0064006 0064051 0264178 0064319 0064409 0264456 0064530 0264625 0364632 0064948 0364949 0065341 0065351 0365400 0365811 0365827 0065980 0366111 0266155 0066188 0266312 0066648 0266913 0267075 0067171 0067443 0367453 0067541 0067608 0067616 0067732 0267821 0068034 0068036 0068114 0068199 0068262 0368345 0368347 0268409 0368430 0068504 0068614 0268634 0269307 0269333 0069338 0069389 0369397 0069481 0269751 0069759 0069969 0069991 0470004 0070005 0270110 0070112 0070572 0070709 0070718 0470768 0270843 0071035 0371382 0071410 0371462 0071482 0371518 0071529 0071545 0071589 0071615 0071632 0271724 0371799 0271926 0071933 0072012 0272033 0072066 0072132 0372146 0072218 0072294 0072370 0072397 0072505 0072897 0072927 0073150 0073249 0273387 0073519 0373636 0073706 0273751 0374141 0074174 0074327 0074378 0274393 0074411 0074532 0074747 0074834 0074858 0374859 0074992 0074996 0074997 0075094 0075115 0075137 0075600 0075902 0075951 0376131 0076149 0276333 0076393 0076439 0076827 0076907 0077216 0077269 0077280 0277289 0077361 0077393 0077569 0077771 0077779 0377802 0077921 0077973 0078120 0078161 0078285 0278304 0078321 0278324 0378364 0078805 0278832 0378943 0078962 0079112 0079280 0379330 0379455 0279520 0079881 0080269 0380506 0080584 0280657 0080682 0080686 0080701 0380905 0380929 0080977 0381102 0081117 0081238 0081622 0081780 0081902 0081955 0081959 0081987 0083044 0083206 0083243 0383423 0083438 0083464 0083522 0083576 0283653 0083673 0383702 0083744 0083753 0383795 0083909 0083990 0084144 0084151 0084327 0084422 0084560 0084688 0284720 0384799 0084985 0085019 0385159 0285230 0085295 0285325 0085366 0085432 0085530 0085638 0085701 0385888 0386023 0086055 0086138 0086224 0086241 0386311 0086472 0086547 0086595 0086620 0286628 0086668 0086720 0286850 0387000 0087022 0287029 0087090 0287140 0387203 0087325 0087371 0087439 0087693 0087772 0087774 0087872 0087960 0088100 0088286 0088372 0088459 0088546 0288571 0088792 0089002 0089074 0089111 0389179 0389198 0089271 0089437 0089447 0089498 0089733 0090114 0090126 0090128 0290224 0090327 0090443 0090486 0090668 0090700 0090731 0090749 0090851 0090940 0091071 0091198 0091266 0091323 0091439 0091483 0091652 0091780 0291816 0091926 0292156 0092347 0092401 0392623 0392650 0092703 0092907 0092988 0093030 0093184 0093233 0093243 0093466 0293487 0093613 0093698 0093747 0093880 0094048 0094411 0394462 0094465 0094640 0094689 0094750 0094814 0094940 0095029 0295077 0095102 0095104 0095235 0095239 0095841 0095904 0096070 0096149 0096226 0096346 0096366 0296503 0096597 0096690 0096928 0096950 0096975 0097027 0397067 0097287 0097475 0297479 0097541 0097566 0097597 0097619 0297630 0097715 0097736 0097832 0097853 0097930 0097936 0098041 0098079 0298094 0098265 0098288 0298330 0298479 0098490 0098585 0098696 0098763 0398795 0098812 0098879 0098991 0399147 0399333 0099395 0099567 00100331 00100464 00100483 00100522 00100561 00100586 02100698 03100701 00101138 00101161 00101173 03101238 02101305 00101489 00101619 02101620 00101631 00101716 00101811 00101886 00101891 00101949 00101960 00101994 00102096 00102139 00102169 00102248 00102374 00102402 00102419 00102601 00102606 00102757 00102807 00103069 03103157 00103404 03103458 00103520 00103857 03103870 02103907 00103961 00104101 00104105 00104402 03104455 00104474 00104774 00104940 00104961 00104999 00105064 00105417 00105565 03105665 02105695 00105714 00105794 00105878 00105884 00106159 00106336 00106489 00106542 00106651 00106885 00106912 00107027 00107166 00107552 03107581 00107631 00107679 02107783 00107817 00107932 00108039 00108127 03108167 00108214 00108342 03108446 00108666 00108747 00108793 00109026 03109110 00109173 00109475 00109507 00109626 00109684 00109688 00109871 00109975 00109980 00109994 00110097 00110105 00110174 00110204 00110246 00110266 00110299 00110586 00110591 00110669 00110720 00110963 00111022 00111047 00111127 00111154 00111176 00111183 00111468 02111530 00111830 00111958 00112083 00112336 00112420 03112455 00112551 00112643 00112723 02112810 00112820 00112861 00112959 00113466
91620851 0527 0628 0535 0636 0271 03118 00182 04360 04510 03540 04818 04868 02888 031019 031063 001079 021098 021185 041215 021300 021453 041522 001544 041555 021703 001998 032082 022095 032204 042225 022254 042746 002772 032853 002855 002975 043051 023089 043241 043252 023296 033428 033636 003683 003773 003810 033955 044036 034224 044417 044572 044721 024746 004823 024956 025076 035117 025118 035216 045250 025310 025341 025430 045501 045504 035599 045985 025987 006166 036309 036342 046376 046802 046871 007547 037586 027599 038188 038217 028294 008677 048738 008767 028785 008795 048869 009005 039068 029071 049084 009224 029264 039366 009572 039669 039707 009732 049737 009816 039881 009929 029991 0410068 0410155 0410228 0210411 0210670 0411019 0411023 0411071 0411191 0311882 0411906 0211924 0211959 0012210 0312228 0312377 0112419 0212432 0412557 0312777 0412843 0212913 0313444 0413454 0013502 0013581 0213818 0413960 0313981 0414040 0014114 0414121 0314248 0414278 0014404 0314571 0414793 0214979 0414987 0215320 0215484 0315522 0215536 0415657 0015908 0315950 0415989 0015997 0216046 0416069 0416081 0216180 0316248 0416253 0216272 0316280 0216418 0017083 0417174 0017181 0417314 0017380 0217578 0417620 0217697 0217764 0317777 0017822 0217941 0018023 0318257 0318280 0018414 0018456 0018461 0018554 0418616 0318658 0418706 0318789 0018847 0418855 0418911 0218942 0319060 0019164 0319181 0019183 0319357 0219705 0319914 0219941 0020128 0020198 0320239 0220291 0020427 0020495 0420618 0320686 0320734 0320790 0221043 0221071 0221388 0321439 0121549 0021781 0321859 0322128 0322199 0022342 0422420 0022474 0022658 0222773 0222792 0322824 0422871 0223065 0423080 0223121 0323135 0423450 0223688 0223730 0324014 0324376 0424393 0024431 0424455 0224500 0424529 0324766 0224842 0224850 0024944 0424958 0024993 0225028 0325268 0425280 0225282 0425314 0325367 0026029 0026145 0226257 0226564 0426622 0026997 0427176 0027436 0227656 0328119 0228224 0228386 0428525 0028596 0328631 0428861 0229157 0429348 0329361 0229410 0429522 0429538 0029591 0329728 0429749 0029882 0029918 0429970 0230083 0230096 0330150 0330254 0430270 0330291 0230666 0230709 0030774 0030798 0430988 0431064 0231108 0031205 0231210 0031223 0031242 0031289 0231572 0031645 0431790 0031833 0232286 0332311 0332425 0332443 0033271 0033355 0233375 0433415 0333477 0033525 0433619 0233621 0233642 0333659 0233959 0233962 0333994 0334081 0334129 0434213 0234412 0234486 0234707 0034755 0334874 0334932 0335003 0335166 0235178 0235267 0335282 0435302 0235444 0435525 0235583 0235611 0035688 0235760 0435930 0335972 0036025 0436115 0236272 0036283 0436319 0336336 0236420 0036546 0236563 0236789 0036814 0336817 0036859 0037121 0337142 0037209 0337300 0037314 0237369 0437568 0037588 0037605 0437993 0038020 0238038 0338059 0238197 0038280 0338291 0038316 0238431 0238443 0338496 0238567 0438765 0038852 0038894 0238940 0239075 0239089 0239140 0439767 0239781 0040039 0040060 0040219 0040338 0340367 0040389 0240444 0040570 0040668 0040791 0340876 0441398 0341401 0041417 0041488 0041506 0041605 0241650 0341719 0241774 0341828 0342315 0442489 0042640 0242710 0042747 0242792 0042846 0443337 0243690 0043979 0044073 0344376 0344385 0444392 0044453 0045003 0445180 0245186 0045199 0045202 0345264 0045330 0245586 0245623 0445646 0045710 0045745 0345811 0345877 0245920 0046059 0046080 0046102 0346124 0346221 0246230 0246279 0346290 0346413 0046752 0046790 0046940 0247017 0447027 0047336 0347340 0047394 0047516 0047541 0247614 0047690 0347706 0047756 0347831 0347876 0047982 0047984 0348009 0248092 0048201 0048351 0048636 0448646 0048848 0348949 0248987 0249362 0049365 0049862 0249879 0449986 0049999 0250014 0350027 0250088 0250100 0050283 0051085 0251151 0251243 0051322 0251517 0051661 0051835 0251853 0252105 0052142 0252202 0352371 0052383 0352496 0052782 0052824 0452831 0352863 0052889 0253142 0353264 0053671 0353709 0053810 0253993 0254103 0054160 0254178 0454404 0254422 0354435 0254463 0054562 0354568 0354823 0455192 0055333 0055645 0055672 0355686 0355709 0055996 0256086 0256416 0056468 0056525 0056691 0056751 0256775 0356805 0257163 0057188 0057200 0057354 0357540 0057640 0357755 0357776 0357780 0257808 0057815 0057833 0057965 0058002 0058081 0258304 0258359 0058493 0058503 0258552 0458649 0358695 0258915 0258982 0459000 0059095 0059275 0059552 0059567 0059759 0059765 0359962 0060009 0060012 0260013 0060028 0060170 0060244 0060270 0060415 0060447 0260508 0360578 0360611 0360915 0061080 0061389 0361425 0361743 0361900 0062104 0362114 0062414 0062440 0262610 0062742 0362769 0362810 0063000 0363181 0063223 0063383 0063496 0363536 0063842 0264078 0264095 0264099 0264111 0064169 0064404 0264587 0064717 0364731 0065326 0065360 0065384 0265439 0065497 0065578 0065726 0065889 0065890 0265891 0266108 0066218 0066274 0066310 0366464 0066488 0066543 0066716 0066727 0266775 0466780 0066872 0067029 0267330 0067737 0067812 0067909 0067971 0068189 0368269 0068328 0268597 0268773 0268932 0069085 0069161 0069202 0069325 0069439 0069523 0069627 0469649 0069830 0369930 0069988 0070198 0070226 0370381 0070466 0070498 0270584 0070587 0070904 0470915 0071077 0071099 0271169 0271246 0071300 0071373 0071508 0071907 0071909 0272103 0072382 0072386 0372409 0272429 0272623 0072809 0073061 0373064 0273080 0273123 0373421 0073547 0073788 0273878 0074006 0274064 0074186 0074213 0274342 0274368 0074583 0074705 0074712 0074727 0074768 0074851 0074914 0075246 0275360 0075606 0075630 0075905 0075959 0276083 0076294 0076465 0076562 0376974 0077018 0277163 0077167 0377389 0077523 0377856 0277876 0277925 0078198 0078598 0078826 0378957 0279042 0079230 0079338 0079405 0079452 0079470 0379600 0079896 0079927 0079993 0080443 0080446 0280586 0080860 0280904 0081003 0081069 0281112 0081559 0381593 0081680 0082176 0382198 0082403 0082522 0083025 0383160 0383320 0283353 0283441 0283569 0083594 0083714 0083760 0083797 0083868 0083979 0083983 0084004 0084162 0084271 0284331 0084454 0084499 0284504 0384666 0084716 0284826 0284850 0084951 0085207 0085216 0085546 0085568 0285672 0085757 0285778 0285859 0085926 0386045 0386135 0386361 0286397 0086543 0086585 0287088 0087227 0087347 0287348 0287395 0087420 0087603 0087637 0087670 0087853 0088086 0288208 0088323 0288423 0088609 0088776 0288945 0089072 0089157 0289228 0089288 0089398 0089641 0089944 0090265 0390616 0090619 0290812 0090868 0290950 0091072 0091115 0091137 0091180 0291241 0091306 0291376 0091395 0091563 0291583 0091671 0091905 0292012 0092014 0292315 0092497 0292589 0092616 0092628 0092671 0093021 0093188 0293201 0093397 0093526 0093547 0093591 0093658 0093965 0094115 0094203 0294245 0294608 0094703 0094953 0095090 0295676 0095733 0296053 0096274 0096483 0096840 0096895 0396976 0096983 0097242 0097328 0097350 0097429 0097508 0097720 0097856 0098144 0098189 0298197 0398296 0098564 0098600 0098661 0098680 0298785 0099040 0299058 0099371 0299385 0099407 0099420 0099470 0099526 0099599 0299720 0099751 0099788 0099889 0099899 0299935 0299994 00100177 00100390 02100712 00100752 00100845 02100882 00101006 00101046 00101047 02101251 00101498 00101532 00101797 00101802 02102028 00102102 00102115 00102474 00102560 00102674 00102881 00103120 00103188 02103292 00103343 00103533 00103715 03103827 00103897 00104169 00104211 02104377 00104847 00104878 00104951 03105006 00105016 00105126 00105244 00105407 00105459 00105515 02105561 00105599 00106080 00106164 00106250 00106264 02106477 03106696 00106721 00106821 00107010 00107112 00107182 00107427 00107446 02107481 00107619 00107778 00107792 00107923 00107929 00108180 00108282 03108400 00108409 02108425 00108427 00108662 00108695 00108771 00108802 02108834 02109323 02109624 00109714 00109867 00110217 00110224 00110594 00110622 02110896 00111406 00111437 00111629 00111643 00111747 02111810 00112114 00112158 00112553 00112879 00112924 00113094 00113194 00113476 03113559 00113561
91620861 056 067 04106 02119 00127 02153 03206 00316 03367 03533 02759 03940 03956 03964 021174 041179 021217 031222 031244 021306 021413 021450 041458 031479 041507 001533 001602 031841 031863 032000 022041 042078 032157 042168 002198 022217 022240 042287 032320 002423 022486 002581 032655 002658 022684 002693 022709 022854 032861 032993 043055 023074 023141 043276 033348 033360 023419 043420 033432 043462 033606 003703 043817 033865 033895 033965 034005 034049 024162 034173 024309 004351 034399 004416 034484 034536 044556 034560 024579 034581 044644 034665 034733 024826 005041 035043 005066 045079 035110 035148 035228 045295 025304 035319 045385 025390 025457 035493 035536 015836 025885 035961 035977 006078 046107 036221 026281 046382 046412 036422 036458 046575 036592 026624 036660 036669 026900 037080 037092 027133 037201 037213 037235 007371 027373 027419 037510 037527 007657 007731 047740 007867 047880 047926 037989 028008 048020 038033 038139 028140 038232 038284 038416 008511 048529 038562 028569 048688 038698 028746 008842 008854 009128 009178 049227 009240 009344 049445 039450 009602 029623 049689 0210004 0210088 0410176 0210218 0210221 0010261 0210297 0210587 0410655 0310695 0410760 0410860 0310997 0311098 0311110 0311151 0311171 0411174 0211254 0411457 0411466 0211489 0311540 0311581 0311755 0011763 0311794 0011797 0311812 0311849 0311871 0311970 0312009 0412015 0312030 0312165 0212271 0212387 0312440 0212445 0012478 0212481 0012537 0012621 0312624 0412826 0312963 0213002 0013051 0413055 0313160 0313263 0313355 0313441 0013483 0213514 0013539 0413542 0313596 0213640 0213659 0213683 0013692 0013770 0413788 0013840 0013924 0313956 0314032 0214033 0414087 0314116 0214249 0314291 0214294 0214310 0014366 0314449 0214500 0214756 0314773 0314794 0314841 0314915 0214919 0014947 0215020 0215087 0415172 0315225 0015298 0315307 0015339 0315401 0215442 0415541 0315553 0415562 0215644 0015722 0315732 0015840 0315898 0315930 0415932 0315935 0015938 0316045 0316082 0316089 0416095 0316099 0016146 0416337 0216339 0216437 0416587 0016628 0316638 0316659 0316683 0416834 0316892 0016898 0316906 0417015 0317077 0017095 0017134 0417248 0317400 0417550 0017594 0017662 0417722 0317750 0317853 0017899 0217966 0018016 0018045 0318104 0218113 0018154 0418195 0318273 0218312 0318336 0418342 0318392 0218463 0218505 0318620 0418726 0218762 0318792 0418836 0418878 0018979 0219029 0419033 0219182 0219245 0319408 0319507 0219538 0419609 0319626 0019699 0319773 0319786 0219804 0219894 0219928 0319952 0119989 0220062 0320092 0420203 0320356 0020400 0220456 0320493 0220552 0220638 0220665 0320733 0420740 0320830 0321084 0321130 0321137 0321212 0321290 0221302 0321321 0321429 0321488 0421524 0321639 0321674 0321697 0421802 0321877 0321972 0222034 0022065 0222171 0222188 0322197 0322362 0322397 0022439 0022442 0322593 0322657 0022699 0422714 0322811 0422885 0222889 0222975 0423013 0023125 0423134 0323323 0323421 0223436 0323508 0323694 0323695 0324028 0324265 0324290 0024407 0224454 0324570 0324596 0224761 0324996 0425014 0225016 0225044 0225097 0225341 0325464 0225491 0225502 0325555 0225588 0325643 0225649 0225670 0225733 0025780 0325823 0325961 0026068 0026070 0226097 0326193 0326280 0326303 0426466 0326503 0426530 0426552 0026571 0226793 0327021 0027056 0227062 0327074 0227096 0427185 0227233 0227279 0327281 0227324 0227387 0427414 0227621 0227652 0227735 0427763 0427783 0027802 0227818 0327888 0328015 0228046 0428147 0428161 0328164 0228218 0028277 0228304 0328520 0328521 0028522 0228523 0228552 0228599 0328690 0228784 0028798 0428954 0428959 0229020 0329037 0029098 0229135 0229351 0329370 0229401 0329437 0329447 0229608 0429631 0329741 0029791 0230167 0030257 0330284 0330390 0330430 0330453 0330513 0330526 0030805 0030900 0030969 0330973 0331033 0231119 0331151 0031264 0231334 0031346 0031429 0231439 0031494 0431541 0331651 0231820 0431837 0331940 0331966 0331980 0032090 0332107 0232331 0232412 0432456 0232569 0232780 0032814 0032957 0233007 0333011 0333055 0233192 0333303 0233357 0333562 0033603 0333707 0333741 0333817 0333898 0334050 0434188 0334189 0334210 0234221 0334255 0234277 0334279 0334322 0334336 0234369 0434452 0334478 0334575 0234587 0034693 0334729 0334790 0234881 0334901 0335157 0435176 0235246 0335343 0335591 0035625 0235684 0335724 0235793 0035824 0035883 0035886 0035978 0235980 0336084 0336146 0336275 0236331 0036450 0336554 0036620 0036650 0236670 0036828 0336883 0336950 0336958 0037145 0337191 0037262 0437287 0337353 0337415 0237755 0037808 0337866 0037923 0037935 0238128 0338166 0438184 0338226 0038288 0038348 0038418 0038478 0238491 0238578 0238639 0238784 0238848 0338874 0339016 0039045 0239147 0339211 0339313 0239361 0239545 0239582 0439677 0239759 0239761 0239859 0239862 0039897 0239922 0039957 0340049 0040078 0040091 0040169 0340187 0240205 0240216 0340270 0040283 0240370 0040556 0040581 0340602 0340660 0340695 0340794 0040880 0340899 0040962 0340967 0040976 0041188 0241277 0241308 0041363 0341394 0341486 0341548 0341632 0341649 0241661 0341814 0241872 0341904 0242116 0342127 0442237 0442245 0042296 0242366 0042409 0342447 0342643 0342669 0242670 0042695 0242720 0342790 0042875 0242915 0342927 0343028 0243078 0343258 0443266 0343273 0243276 0243279 0043280 0343310 0443325 0343396 0343540 0043630 0043696 0043726 0343743 0343841 0443961 0244074 0044095 0244181 0344224 0244357 0344369 0244491 0044531 0244611 0244634 0344656 0044674 0344715 0444803 0444832 0344924 0344925 0044943 0245049 0045078 0345098 0045116 0045486 0345544 0445634 0245695 0045765 0045836 0045846 0045935 0245957 0346043 0246075 0346162 0446227 0346234 0246298 0346412 0346438 0346470 0346511 0046562 0446567 0346588 0246633 0046673 0246815 0046822 0046826 0046835 0346851 0246908 0247092 0347129 0247168 0047172 0247332 0347342 0247383 0447386 0247409 0047645 0247729 0047739 0047822 0247843 0047860 0347955 0248105 0348131 0048186 0348214 0248322 0248334 0048396 0248604 0248640 0348686 0048752 0348790 0348929 0248993 0248999 0249040 0049101 0249229 0249421 0349474 0449537 0049573 0049625 0049654 0049675 0049706 0049719 0449739 0249832 0349955 0350404 0350510 0350605 0350716 0350726 0250898 0250941 0351018 0051056 0051089 0351137 0351320 0351407 0251423 0251652 0351699 0451724 0251783 0351919 0251979 0051987 0052145 0052218 0052311 0452347 0252479 0252482 0052568 0352588 0352805 0352815 0052873 0252908 0352956 0052983 0053013 0053036 0353186 0353254 0253301 0253390 0353470 0353854 0254250 0054316 0254320 0254402 0254415 0254430 0354827 0054894 0054918 0055160 0255170 0255221 0255508 0355529 0055564 0255799 0055808 0055817 0255975 0356043 0256056 0056073 0056089 0356105 0056211 0456371 0356524 0056562 0356668 0256770 0256810 0356814 0456852 0356908 0356997 0357002 0257022 0257036 0057186 0057248 0257266 0057278 0057296 0057487 0257506 0057589 0357643 0257724 0257787 0257829 0257850 0057884 0057930 0057990 0258018 0358343 0358403 0058478 0058507 0258523 0058569 0258586 0258686 0058753 0358806 0058842 0258847 0358859 0058902 0359091 0259124 0059229 0059250 0359353 0259377 0359450 0059462 0259692 0059809 0259888 0060071 0060112 0360134 0060147 0060214 0360281 0060461 0060559 0260815 0260855 0060970 0361034 0061115 0261124 0061126 0261153 0361245 0361257 0261359 0061412 0061420 0061470 0361521 0261721 0061750 0361753 0262003 0062065 0062073 0062095 0062219 0062409 0262459 0362500 0262535 0062557 0062564 0062599 0462692 0362756 0062788 0262828 0262850 0262946 0263056 0063060 0063095 0063300 0363332 0263366 0063402 0063549 0263554 0263685 0063698 0063806 0363941 0064008 0064090 0064318 0364348 0064499 0064644 0264647 0064713 0264741 0064916 0364935 0064982 0065026 0265083 0365128 0365148 0065359 0065436 0065470 0265491 0065640 0365814 0065919 0065931 0265979 0266024 0366046 0266182 0366215 0066253 0266275 0366516 0066533 0266546 0366600 0066668 0066681 0066735 0066813 0066899 0066945 0266953 0367061 0267106 0367138 0267216 0067318 0067363 0067380 0267386 0067388 0267587 0267779 0067848 0067863 0267922 0067935 0067938 0268120 0068146 0068185 0068194 0368335 0368433 0068566 0368633 0268653 0368718 0268770 0068852 0368985 0369046 0369129 0269351 0069492 0069545 0069667 0269674 0069808 0069855 0069864 0269960 0070050 0270305 0270332 0470383 0370389 0070433 0270450 0070533 0070566 0270595 0370610 0370719 0070770 0370877 0271037 0271165 0071198 0071313 0071399 0071417 0371446 0071588 0071650 0071709 0371735 0072142 0072203 0072276 0072365 0372438 0372647 0272712 0072829 0272840 0272908 0373059 0373071 0273082 0073182 0073200 0073388 0273472 0273475 0273481 0373637 0373651 0273657 0073738 0073880 0373902 0373962 0074151 0074260 0074279 0374295 0274497 0374502 0374531 0074600 0274779 0374803 0074867 0074963 0375093 0075125 0075419 0075443 0275535 0075550 0275582 0375767 0375802 0375863 0075936 0375962 0375984 0276179 0376288 0376523 0076612 0076617 0076702 0276733 0276822 0076892 0276999 0077038 0077064 0377140 0377180 0377198 0077302 0077437 0077563 0077583 0377628 0277766 0377817 0077894 0078050 0078281 0078289 0378301 0378349 0078350 0078466 0078513 0078610 0078682 0278794 0078870 0078871 0378920 0079005 0079012 0079046 0079285 0279483 0079507 0279627 0279857 0379889 0279967 0080033 0080054 0280193 0080224 0080239 0080317 0080524 0080594 0080615 0280635 0380656 0380664 0080668 0380693 0080768 0280814 0080893 0081042 0081061 0281236 0081893 0281906 0281937 0281945 0082031 0282129 0082139 0282184 0082273 0082281 0082314 0282443 0282454 0382614 0082644 0282652 0082730 0282808 0082862 0282994 0083178 0283195 0083299 0283478 0083621 0083764 0083980 0383986 0084116 0084466 0084530 0384605 0384750 0085083 0285109 0085414 0385531 0085587 0085645 0285681 0085808 0385928 0085960 0086052 0386126 0286131 0086204 0386331 0086383 0286417 0386482 0086491 0086544 0086676 0086866 0086966 0287009 0287115 0387200 0087284 0387474 0287477 0287484 0087574 0387999 0388020 0088143 0088149 0288162 0088185 0288200 0288224 0388268 0088354 0088435 0388915 0288952 0089173 0089191 0289207 0089229 0089299 0089557 0289585 0089766 0089814 0289890 0089953 0289987 0290073 0090153 0290199 0090276 0390355 0090385 0090423 0090903 0090905 0091079 0091089 0291153 0291311 0291367 0091601 0091888 0291913 0391974 0092148 0392165 0092283 0092358 0092429 0092547 0092593 0092665 0292702 0292735 0093134 0093173 0093266 0093345 0093410 0093436 0093831 0093949 0094105 0094345 0394437 0094505 0094526 0294635 0094660 0294840 0094899 0294900 0294918 0095049 0095052 0395224 0095374 0095376 0095514 0095536 0295555 0295995 0396025 0096056 0096099 0296229 0096247 0296379 0096541 0096623 0296667 0296830 0296881 0097061 0097108 0097160 0097463 0097575 0097615 0097688 0297690 0097880 0298010 0298044 0098090 0098217 0098251 0098261 0398370 0098431 0298447 0298482 0098596 0398719 0098806 0398826 0398895 0098925 0098946 0098981 0099078 0099086 0299090 0099103 0299139 0099336 0099362 0099386 0399427 0099521 0099734 0099761 0299762 0299794 0099818 0099893 03100035 00100059 03100264 00100290 00100471 00100531 02100578 00100630 02100663 00100695 00100811 03100878 00100912 02101001 00101093 03101149 00101326 02101454 00101505 00101591 00101672 02101693 00101764 00101814 00101922 00101977 00102030 00102133 02102203 00102254 02102487 00102498 02102621 00102716 00102797 02102815 02102942 03103051 00103196 00103203 02103499 02103566 00104031 00104043 02104049 00104267 03104298 00104454 00104498 02104522 00104542 00104618 00104993 00105025 00105069 00105134 03105158 00105172 00105196 02105285 00105342 00105399 00105455 00105472 03105567 02105848 02105916 00105926 00105943 02105990 00106001 00106066 00106093 00106099 00106181 00106216 00106426 00106502 00106518 00106529 00106610 00106635 02106680 00106837 02106925 00106946 00106950 03107002 00107175 00107395 00107455 00107471 00107527 00107566 00107638 00107798 03107955 00108061 00108095 00108100 00108343 00108531 00108763 02108861 00108948 02108949 02108974 00109085 02109247 03109420 00109436 00109439 00109480 00109499 00109509 02109539 00109746 03109802 00109852 00109911 00110019 00110030 00110090 00110195 00110213 00110384 00110396 00110399 00110415 00110468 00110618 03110621 00110767 00110783 02110810 02111010 00111057 00111208 00111243 00111280 00111340 00111489 00111676 00111764 00112125 02112168 02112297 00112466 00112539 00112828 00112938 00112947 00112973 00113006 02113215 00113362 00113491
91620871 03215 03513 03730 03740 04902 03916 04948 021044 031052 001255 031523 021528 031553 031801 031951 032007 032030 002286 032418 032461 032485 002654 032734 032802 032864 042881 042952 022983 003102 003229 033488 033663 033808 043858 023945 024032 004055 044172 004252 024451 044559 034576 044674 024775 034867 005178 045305 005439 035481 045498 025600 035607 035719 045721 006122 026391 036552 016559 026594 006618 036787 036927 046929 036935 036956 007017 007111 007158 037206 007334 047355 047425 047713 007789 037847 037868 007870 028233 028637 038731 038764 008927 038986 049019 039024 049052 039150 039163 009361 029483 049509 039657 009758 029823 049924 0310057 0310149 0010342 0310377 0410431 0010606 0210690 0310809 0310841 0410931 0311015 0311072 0411119 0211121 0011291 0311647 0211652 0211654 0011693 0311730 0011749 0211878 0011892 0011917 0112101 0012229 0012433 0012806 0412998 0313010 0213061 0013064 0413118 0013199 0313344 0313410 0213440 0013610 0313637 0313828 0313853 0313858 0314052 0014086 0414260 0014277 0214292 0214498 0314606 0014672 0314730 0315016 0215017 0215437 0315630 0215664 0015778 0315917 0015986 0316084 0016090 0316170 0216345 0316347 0016591 0216614 0216723 0016724 0017023 0317065 0317210 0317374 0017422 0017571 0017574 0317795 0017872 0217926 0418175 0018191 0318201 0418436 0418518 0418531 0318607 0018669 0218756 0218800 0018813 0319020 0019635 0319713 0319890 0019899 0219908 0320073 0020109 0020182 0020259 0320554 0020568 0320592 0320619 0320636 0020642 0320652 0420809 0020849 0220852 0221125 0321183 0221206 0021236 0221307 0421625 0021661 0321728 0221780 0321845 0021989 0022114 0422272 0222298 0022354 0422355 0422605 0322864 0022877 0023061 0423199 0023216 0023332 0023465 0323495 0023772 0023787 0024410 0024441 0024612 0324628 0224724 0024797 0324829 0024974 0325049 0025123 0325150 0225214 0025293 0225299 0225431 0025551 0225612 0325732 0325902 0225939 0026211 0026251 0026462 0326509 0426576 0426625 0027072 0027160 0027164 0327199 0027308 0327527 0227642 0027705 0427848 0328043 0328047 0028052 0028178 0428195 0028216 0028233 0028244 0428280 0028459 0028499 0028683 0428818 0028864 0028933 0228973 0229160 0329167 0029435 0229494 0229688 0029868 0029885 0329893 0429965 0230002 0030047 0030191 0330380 0030670 0330683 0330695 0030707 0030812 0231077 0031349 0331484 0331510 0331706 0231734 0031904 0231917 0032036 0032183 0332201 0032386 0332389 0432436 0232499 0232531 0032704 0032855 0333144 0233204 0333344 0033722 0033772 0033990 0034011 0034098 0334149 0234256 0034269 0334334 0334449 0434663 0034792 0034808 0034887 0034894 0235115 0035143 0335211 0235299 0035310 0035316 0235560 0236128 0236179 0336200 0336236 0036538 0436582 0036608 0436809 0236878 0036884 0036905 0037097 0037221 0237337 0337382 0237642 0037665 0337719 0237824 0037933 0438062 0038210 0338218 0338270 0338390 0038548 0338597 0038599 0438796 0038798 0038815 0238902 0338984 0339226 0239451 0339454 0039539 0339547 0039673 0039701 0039799 0039921 0039962 0239987 0340061 0240074 0340108 0240344 0240362 0040474 0340524 0440592 0240665 0340746 0040818 0340912 0240915 0041360 0341478 0441509 0341544 0341545 0241730 0441780 0341782 0341792 0241821 0341847 0342026 0342159 0042163 0042192 0042269 0242437 0042480 0342504 0042539 0442602 0042607 0042616 0242739 0342760 0242864 0342895 0042928 0042960 0442977 0243132 0443162 0243222 0343278 0243438 0043497 0343623 0043820 0343870 0043955 0043996 0244156 0044343 0344363 0444487 0344569 0044814 0345206 0245283 0045383 0245448 0345538 0245592 0245655 0045687 0045707 0045728 0245729 0445730 0045884 0045982 0246120 0246266 0046342 0346544 0046617 0346642 0046695 0246732 0046784 0046844 0046852 0046900 0247165 0047354 0047407 0247435 0047518 0447662 0347722 0047966 0347996 0048040 0048158 0048279 0048390 0048430 0248634 0348661 0348678 0248878 0048926 0349056 0049120 0349173 0049183 0049302 0049433 0049506 0349622 0349764 0349926 0250112 0250264 0050271 0050367 0350414 0250735 0050844 0050862 0050944 0251124 0051136 0351219 0351302 0051332 0051366 0051405 0351430 0251535 0051630 0051874 0351938 0351956 0252034 0352204 0052234 0052436 0352504 0052621 0052692 0252767 0352812 0052929 0253029 0353071 0353190 0053196 0053275 0053462 0053541 0353545 0053568 0353704 0053828 0053896 0353903 0054110 0054211 0354349 0054369 0354388 0054494 0454521 0354529 0254735 0254860 0054890 0055065 0055179 0355263 0055272 0055399 0255488 0055872 0355898 0055907 0456269 0056550 0356584 0356834 0056865 0056938 0357006 0057125 0057167 0057221 0457295 0257569 0257609 0057684 0257862 0357915 0357979 0058085 0058097 0358318 0258730 0259026 0059030 0059368 0059432 0059509 0059575 0259595 0059646 0059713 0059845 0059893 0059984 0060419 0060567 0060596 0360766 0460787 0060858 0360943 0261116 0361161 0361206 0361293 0261346 0061650 0361684 0061693 0061737 0361760 0061786 0061794 0061805 0361876 0061915 0361923 0362308 0062435 0362436 0362469 0062572 0262602 0062621 0362712 0062725 0062761 0062859 0062978 0462982 0363516 0063643 0063721 0363881 0063905 0363968 0064003 0164062 0264362 0264407 0364540 0264583 0264615 0264666 0064684 0264918 0065087 0265238 0065416 0065585 0365599 0065786 0365855 0066018 0066141 0066333 0366413 0266509 0066603 0066641 0066699 0266790 0366816 0066970 0066986 0266994 0267383 0067410 0367444 0267841 0367844 0367865 0067998 0068070 0068074 0068179 0068279 0068302 0068365 0068449 0268521 0068530 0068556 0468826 0368835 0068836 0068898 0368933 0069066 0269111 0369164 0069189 0269316 0269377 0069721 0369737 0269784 0070165 0370179 0070181 0370256 0270296 0270336 0070338 0070345 0370569 0370789 0070914 0070927 0070957 0071020 0071108 0071184 0071236 0071371 0071429 0071461 0071490 0071659 0071672 0071688 0071705 0272036 0072157 0372237 0072301 0272478 0272489 0072622 0072634 0272635 0272705 0072995 0073107 0373296 0373491 0273600 0073724 0073778 0273869 0074035 0074304 0074450 0074509 0374761 0374783 0074831 0374884 0274934 0074994 0275009 0075153 0275251 0375740 0075774 0275887 0075943 0375946 0076118 0076224 0076296 0076440 0076526 0376541 0076555 0076790 0276828 0076883 0076890 0376936 0077022 0077107 0077125 0277227 0277285 0277310 0077333 0277434 0077612 0077680 0077723 0077763 0077813 0077886 0078040 0078085 0378118 0078148 0078184 0078486 0078629 0278707 0078719 0078755 0278836 0078988 0079033 0079494 0079524 0079574 0079612 0079839 0080351 0080523 0280589 0380823 0080986 0081111 0081157 0081160 0081195 0081215 0081245 0381434 0381450 0281618 0081635 0081696 0081849 0081850 0081884 0081886 0082157 0082303 0082354 0082565 0282573 0082647 0382761 0283227 0083233 0383242 0083380 0083479 0283550 0083627 0083718 0083745 0083923 0084019 0084083 0284262 0384288 0084397 0284410 0084511 0384551 0084695 0084719 0085024 0085028 0085086 0085222 0085262 0085298 0285312 0085524 0385676 0085728 0085829 0085898 0085935 0285943 0086084 0086143 0086255 0086321 0086378 0086555 0086679 0086759 0087015 0087020 0087296 0087318 0087476 0087623 0387659 0087699 0287700 0087747 0387792 0287895 0287897 0088066 0088109 0088188 0088338 0088375 0088534 0088565 0288813 0388845 0089195 0289297 0089463 0089495 0089605 0289707 0089796 0089797 0089888 0090002 0090055 0090129 0090227 0090411 0090421 0090554 0090671 0390694 0090802 0090818 0090892 0090893 0091016 0091324 0091339 0091356 0091400 0391491 0091499 0291523 0091719 0291867 0092019 0092092 0392106 0092125 0392176 0092273 0092373 0092397 0092551 0092561 0092726 0292757 0092909 0093075 0093236 0093263 0093391 0093494 0093517 0093634 0093801 0393840 0093868 0093888 0093895 0093920 0393921 0393950 0093987 0294024 0094129 0094269 0094461 0094463 0394542 0094612 0094613 0094676 0394838 0094905 0095072 0395205 0095208 0095289 0095336 0095352 0095439 0095532 0095608 0095845 0295874 0395914 0096104 0096156 0096219 0396286 0296307 0096321 0096371 0396420 0096605 0396768 0096779 0096941 0296947 0096969 0096985 0396991 0097021 0097040 0097145 0097289 0097422 0097501 0097527 0097676 0297782 0097833 0098070 0298082 0098436 0098446 0098512 0098528 0098574 0098714 0098726 0098945 0099030 0099193 0099267 0299306 0399311 0099462 0099634 0099679 0099687 0099760 0099763 0399789 0099819 0099952 0299983 00100046 02100050 00100118 00100142 00100148 00100244 03100414 00100689 00100783 00100895 00100972 00101014 00101097 03101163 00101171 03101253 02101515 00101598 00101669 00101700 00101727 00101827 00101903 00102005 00102083 00102091 00102117 00102399 00102468 02102647 00102652 00102682 00102851 00103015 00103208 02103372 00103436 00103538 00103709 03103769 00103812 00103822 00103960 00104034 02104410 00104820 00104985 00104986 03105087 00105093 00105253 00105293 00105313 00105329 00105332 00105528 03105774 00105805 00105871 00105913 00105952 00105987 00106050 00106178 03106183 03106344 03106420 00106524 00106612 00106751 00106858 00107153 00107335 00107397 00107419 03107480 00107606 00107617 03107635 00107753 00107883 00107936 00108103 03108226 00108482 00108553 00108575 02108727 00108745 00108822 02108884 00108896 00108923 00109001 00109009 00109024 00109065 00109353 00109549 00109643 03109645 00109787 00109809 00109855 00110152 00110255 00110467 00110477 00110556 00110569 00110607 00110698 00110741 00110792 00111409 00111559 03111635 00111731 00111788 00111982 00112047 00112090 00112440 00112469 00112612 00112625 00112660 00112665 00112791 00112844 00113058 00113139 00113266 00113276 00113356 00113393 00113418 00113452 00113525 00113599
91620881 053 064 04161 04187 04242 03272 04278 04296 04476 03493 03645 03707 031009 041140 041156 031163 001196 041260 031261 021264 041287 021489 041570 031577 031604 041621 001654 001697 021729 041818 031909 032004 042012 032085 042162 032216 042238 042274 042279 022324 022369 022435 042436 002459 042552 042763 042852 042869 043078 043159 033162 023165 033174 023225 033237 033281 023387 043482 003549 003573 043684 033730 043764 033811 033814 003878 023922 043972 043975 004026 044034 024046 034134 034228 044283 044313 044427 044590 044637 034648 034672 024693 034706 034728 044888 044922 044949 044958 034990 034998 025040 035101 045105 035167 045213 035237 035254 035285 005298 045367 005388 025513 035580 035631 005633 045679 025681 005682 005697 035773 045795 045870 035876 035906 005919 025960 045969 026019 046075 026101 046212 046290 036296 006324 036345 006388 036478 046485 026548 046555 046569 006640 026665 046687 036714 046717 036813 046855 036893 047036 047185 027220 047361 047365 037369 037412 037440 037546 037610 007679 007687 047770 047842 037894 027895 037901 047924 047936 048032 038097 048127 028133 048144 048147 038148 038253 008260 048475 008481 048576 048598 048607 008614 028740 038749 038757 038761 048928 038933 038954 009025 039029 029066 039204 039222 049238 039239 049243 029304 039307 049312 009347 039386 029443 049540 049581 049588 019616 039654 049683 009760 049774 049785 029812 049992 0310039 0410100 0210116 0210162 0010416 0310441 0110457 0410506 0010691 0410728 0410844 0010922 0010924 0311027 0011042 0411080 0411189 0411215 0311226 0411298 0311369 0211391 0011392 0011523 0011542 0411562 0311563 0311577 0411621 0011715 0311723 0211792 0211855 0011866 0311869 0311978 0411980 0312043 0412108 0412188 0412286 0312321 0412368 0312443 0412476 0212552 0012655 0312751 0012780 0412793 0212824 0212840 0412841 0212968 0213048 0413102 0013172 0313202 0213267 0013305 0013348 0413381 0313399 0413477 0313817 0313914 0013927 0213982 0414010 0314064 0414065 0414068 0414077 0214233 0114444 0314599 0214656 0314676 0414772 0414827 0414872 0314928 0414942 0015005 0315228 0015255 0315330 0315387 0315409 0215550 0315572 0415662 0415711 0315725 0315792 0415808 0215819 0315904 0015914 0415926 0015972 0216074 0316176 0416213 0316282 0216298 0216306 0016340 0416464 0416563 0216627 0416760 0416840 0216907 0316975 0417032 0317052 0417192 0217205 0217208 0217211 0317234 0317326 0217349 0217365 0317411 0317423 0417522 0317617 0417651 0317684 0017884 0217893 0217938 0018100 0318172 0218173 0318179 0018234 0018284 0418345 0218361 0318366 0318382 0218393 0018472 0318489 0318566 0418595 0018679 0018757 0218894 0318948 0319003 0219010 0019120 0319363 0319382 0019396 0319532 0319573 0319631 0219718 0319765 0320054 0420129 0420141 0220193 0420247 0420254 0420424 0320454 0320513 0020617 0420670 0420789 0020797 0320872 0220941 0220973 0321017 0221018 0221037 0321074 0421158 0021349 0421395 0221516 0221522 0421574 0321575 0421733 0221744 0321803 0221832 0421884 0021932 0321937 0021942 0321955 0221967 0322036 0322047 0022120 0022151 0222253 0322266 0322283 0322341 0022408 0422426 0322429 0022478 0422489 0422533 0422623 0322642 0322683 0422958 0223089 0023114 0023157 0223175 0323241 0423254 0423294 0223354 0423673 0423808 0323822 0023924 0223940 0224063 0324120 0024123 0224150 0324165 0224174 0224281 0224327 0224354 0324355 0324420 0324481 0024488 0224544 0224715 0224837 0024857 0424947 0325119 0225145 0025215 0225351 0425421 0425476 0425565 0425653 0025717 0225838 0325885 0225897 0425898 0225926 0225942 0026026 0226081 0326094 0026140 0026204 0426247 0426301 0326309 0026334 0426562 0426597 0326781 0426788 0426816 0326844 0026853 0326901 0326976 0427243 0427341 0027354 0027439 0227504 0427513 0327547 0227568 0227574 0427581 0327707 0327737 0027821 0227912 0227939 0427948 0027989 0328000 0228009 0228029 0028120 0328256 0228258 0228315 0228392 0428408 0228470 0028547 0228555 0228651 0328662 0428738 0228739 0328767 0328872 0228904 0028974 0228998 0329114 0229146 0029206 0329466 0429496 0029517 0429549 0029607 0229623 0429691 0429751 0029760 0229850 0029910 0329959 0030011 0430020 0430021 0030023 0430141 0330324 0330425 0330448 0230468 0330473 0030633 0430647 0030735 0430847 0230942 0030986 0030998 0231078 0431115 0031184 0031236 0231265 0231276 0231288 0231309 0031365 0331401 0031650 0231710 0431884 0231901 0031956 0331995 0031998 0032042 0232081 0432091 0232127 0432169 0232196 0232256 0332322 0032343 0232548 0332549 0232689 0232702 0032723 0332725 0432765 0332766 0332785 0232788 0032789 0232817 0332864 0032984 0033088 0233094 0233127 0033164 0233180 0233214 0333289 0033305 0333429 0233439 0433483 0033536 0233547 0033555 0433588 0033714 0033738 0433790 0233968 0233982 0033998 0234005 0334030 0034108 0234194 0434295 0234358 0234370 0034437 0034510 0034526 0034560 0034563 0234621 0034704 0034720 0334721 0434739 0234758 0234787 0434833 0234875 0234914 0335018 0335189 0335206 0335233 0035346 0435398 0035514 0035594 0235892 0335942 0235967 0435979 0036211 0436321 0236335 0336351 0436408 0336415 0036449 0336485 0336516 0236536 0436655 0436739 0236780 0336803 0036849 0036894 0036948 0036961 0337049 0337100 0437165 0337179 0337182 0237239 0437243 0237280 0437390 0037449 0037499 0037530 0337639 0237677 0037687 0037740 0237756 0237766 0037821 0437860 0237868 0337928 0337994 0238007 0238074 0038086 0338122 0038174 0238182 0438294 0338303 0238335 0238533 0338543 0038570 0338600 0038602 0038635 0038706 0438780 0338867 0038915 0038969 0038978 0239001 0039141 0039193 0439208 0439245 0039282 0039290 0439328 0339515 0039532 0039553 0239556 0039642 0039786 0039816 0439928 0040052 0240059 0240177 0040197 0240449 0340491 0040492 0040662 0340678 0340766 0240790 0440797 0240821 0340846 0240923 0040966 0040973 0041007 0041076 0041164 0041215 0041311 0241343 0041433 0041456 0441523 0341556 0341595 0041936 0241956 0241970 0041980 0241989 0042017 0342175 0342230 0242325 0242336 0242422 0442425 0442442 0342481 0342582 0042596 0342697 0042698 0242953 0342965 0343009 0243076 0043150 0343214 0443223 0343412 0243419 0043440 0043481 0343516 0443619 0343686 0043693 0243723 0043758 0343765 0443890 0243976 0044037 0044120 0344213 0244245 0344267 0344330 0044381 0044391 0244400 0044433 0244507 0044577 0044602 0444613 0344629 0344631 0344650 0244756 0344807 0244849 0344923 0244947 0244952 0244969 0244987 0345046 0245057 0245154 0045162 0045214 0445371 0245394 0045500 0445577 0045606 0045615 0445650 0045696 0345709 0245747 0045772 0045795 0345856 0345911 0245916 0345977 0246126 0246160 0246291 0446301 0046429 0046430 0046491 0346525 0046549 0346627 0046657 0046713 0346817 0046830 0346836 0246906 0446956 0246965 0347021 0247043 0047097 0347100 0447178 0047220 0347280 0047305 0247495 0047554 0447573 0047583 0047633 0247770 0247810 0047814 0047855 0347913 0047927 0348228 0048319 0048339 0248525 0448529 0048532 0348575 0048585 0048710 0348718 0048748 0348819 0448927 0048979 0049224 0049265 0349396 0049418 0349552 0049575 0349658 0249690 0249876 0449889 0049945 0349979 0350002 0450144 0350151 0350234 0050282 0350301 0050317 0450348 0050392 0250556 0050614 0050681 0350704 0050712 0350764 0350773 0050775 0050816 0050841 0350851 0050885 0251060 0051161 0351233 0351245 0351252 0251276 0251413 0051490 0051502 0251556 0351558 0251583 0351656 0051686 0051754 0051767 0051778 0351859 0051867 0052000 0052057 0452069 0452126 0052129 0252147 0052197 0252366 0052367 0352424 0052510 0052528 0352596 0052720 0352876 0052896 0252921 0353055 0053166 0353191 0253214 0053272 0353391 0053570 0353578 0053598 0253625 0053637 0253698 0053763 0253788 0353811 0353831 0053849 0353879 0253926 0253960 0053964 0054000 0354032 0354119 0054149 0354150 0354177 0254255 0054437 0254507 0354560 0354692 0054732 0254824 0254874 0054973 0454995 0055020 0055031 0355066 0055078 0355123 0355127 0055139 0055173 0355176 0055226 0255235 0055262 0055275 0255282 0355287 0055362 0055447 0055494 0055591 0255671 0355782 0055802 0355892 0355919 0456042 0356074 0356087 0356150 0256213 0056216 0056341 0456383 0256395 0056478 0356536 0256542 0356586 0256596 0056745 0256758 0056763 0056799 0056804 0356894 0356953 0256954 0056972 0256984 0357117 0257160 0057247 0057447 0357460 0057510 0457561 0057651 0257658 0257694 0057881 0257922 0257976 0358148 0358276 0258277 0258288 0258319 0058414 0258488 0258623 0358714 0258721 0258728 0258779 0058862 0058863 0058872 0358873 0258874 0058968 0059011 0059073 0059078 0259210 0359344 0259461 0059543 0059614 0259625 0359683 0059711 0059795 0059802 0059910 0059964 0260019 0060060 0060087 0060361 0060573 0060656 0060658 0060715 0060817 0360837 0260918 0461050 0061090 0261223 0061230 0461242 0261255 0061282 0061306 0261349 0061356 0261450 0261466 0361507 0361512 0061519 0061577 0061815 0061844 0461950 0062088 0262188 0462481 0262497 0062538 0362540 0362567 0062587 0062635 0062830 0262871 0462908 0263015 0363047 0063065 0063092 0263108 0263175 0363225 0063386 0063479 0063531 0363606 0263622 0063646 0063662 0063682 0063708 0263864 0363889 0064022 0064098 0064168 0364294 0064517 0064552 0264562 0064672 0264675 0364678 0364869 0364910 0264996 0065102 0065103 0265169 0065190 0065229 0065237 0365247 0065320 0365321 0065353 0265358 0065391 0265492 0265662 0065703 0365737 0065824 0365886 0366067 0266094 0066238 0066386 0066498 0066518 0266520 0266950 0066961 0367224 0067323 0367564 0267633 0067676 0267793 0267800 0367936 0068205 0268300 0268355 0068381 0268456 0368486 0268590 0068622 0068684 0068726 0068732 0268755 0068757 0068777 0368829 0068876 0068880 0068962 0068967 0069009 0069041 0069109 0369110 0269139 0069183 0069212 0069218 0069256 0069372 0069384 0269387 0069410 0269426 0069447 0469462 0069518 0069654 0069657 0269756 0069814 0069926 0069959 0270012 0370141 0270153 0070215 0370220 0370251 0070477 0470501 0270573 0270605 0370619 0070686 0070783 0370821 0070826 0070878 0070897 0070940 0470986 0071014 0071093 0271178 0071200 0371509 0271516 0071754 0072060 0072104 0072111 0072127 0072172 0072459 0072591 0072597 0272663 0072700 0472857 0072893 0072934 0073276 0073381 0273401 0073476 0273546 0073622 0073624 0273629 0273643 0373689 0373782 0274099 0074313 0374349 0074402 0274419 0074423 0374440 0074487 0074631 0374689 0374717 0274737 0074774 0474804 0074828 0074865 0074895 0074916 0274965 0075087 0075214 0075260 0075321 0275370 0075461 0075477 0375496 0075506 0475513 0075514 0375583 0275626 0075647 0075663 0275672 0075708 0075904 0276011 0076100 0076165 0076208 0076247 0076310 0276401 0276406 0076458 0076461 0076497 0276545 0276568 0376583 0376586 0276618 0076724 0076812 0076842 0377160 0277303 0077344 0077609 0377699 0377843 0377863 0277872 0377930 0377998 0078023 0078049 0078064 0078080 0278160 0078276 0078338 0378383 0378503 0078537 0078926 0078944 0078951 0078998 0079003 0079019 0079028 0079034 0079153 0279159 0079248 0379289 0379364 0079465 0079475 0379587 0079670 0279719 0279784 0079838 0079928 0079981 0080116 0280126 0080260 0080267 0080344 0080409 0080556 0080587 0080665 0080749 0080788 0080792 0081092 0281114 0081121 0081197 0081199 0081290 0281455 0381564 0281589 0081608 0081676 0081708 0081744 0081772 0082075 0282098 0082167 0082292 0082325 0282446 0082462 0082465 0082476 0282530 0282629 0382641 0082712 0282905 0082921 0282968 0083108 0083122 0083167 0083169 0083271 0383298 0083370 0083500 0283551 0083701 0083752 0083767 0383840 0083845 0283989 0084039 0284179 0084217 0384427 0084435 0084458 0084545 0284606 0084668 0284681 0084793 0285040 0085044 0085056 0085087 0285149 0085236 0385270 0085339 0385411 0385423 0085516 0085606 0085660 0085809 0285850 0085940 0085957 0085958 0386147 0086170 0086252 0086277 0086308 0086406 0086418 0086470 0286640 0086693 0286708 0086951 0087013 0087119 0087154 0287189 0087196 0087231 0087276 0087295 0087307 0287394 0287509 0287560 0087612 0087624 0087641 0087740 0387843 0087847 0087863 0087877 0287912 0087938 0087940 0087958 0288005 0288014 0088044 0288076 0088087 0288116 0288213 0088260 0288307 0088315 0288331 0288347 0088411 0088418 0288492 0088566 0288614 0088663 0088734 0088840 0088854 0089077 0089085 0089136 0289177 0089260 0289443 0089467 0089506 0389580 0089638 0289665 0089691 0289694 0289748 0289826 0089849 0389896 0390010 0090042 0090118 0090131 0290175 0090248 0290272 0390339 0090359 0090475 0090518 0090546 0390727 0290810 0390906 0090943 0090983 0090995 0091049 0091077 0091122 0091148 0091156 0091187 0091203 0091225 0091319 0391331 0091390 0091529 0091531 0391544 0091624 0091645 0291755 0091833 0391922 0091968 0291998 0092056 0092070 0092235 0092248 0092364 0092453 0092454 0092526 0092637 0392663 0292692 0292766 0092795 0093136 0393164 0093181 0093289 0293400 0293416 0393425 0093449 0093642 0093760 0093827 0093835 0293856 0093900 0493930 0294179 0094372 0094457 0094475 0094493 0094557 0294792 0294874 0094984 0095037 0095044 0095116 0295230 0095277 0295362 0095365 0095452 0095453 0095493 0095516 0095524 0095530 0295576 0095594 0095822 0095851 0095929 0396019 0296160 0096182 0096186 0096334 0096406 0096438 0096504 0096525 0296553 0096577 0096579 0096751 0396800 0096808 0096886 0096911 0096999 0097058 0097136 0297352 0097402 0097404 0097561 0097650 0097704 0097732 0097756 0497798 0297859 0397896 0097988 0298015 0098111 0098137 0098161 0098183 0398327 0098371 0098461 0098616 0098664 0098683 0098730 0398731 0098733 0098757 0098820 0298863 0398936 0098969 0099039 0099045 0099052 0099059 0099160 0099185 0099200 0099211 0099273 0399339 0099353 0099434 0099507 0099513 0399581 0099649 0299699 0099707 0099756 0399860 0099937 00100001 02100015 00100080 02100129 03100159 02100211 00100298 00100332 03100369 00100456 00100496 00100525 00100573 00100601 00100671 00100760 00100874 00101127 00101154 00101186 00101243 00101280 00101294 02101362 00101389 02101466 00101467 00101501 00101683 00101694 03101745 00101946 00101969 00101973 02102039 00102193 00102198 02102239 00102306 00102338 00102379 03102502 03102616 00102709 00102780 00102864 00102896 00102958 00102995 00103097 00103106 00103185 00103246 00103247 00103308 00103358 00103615 00103754 00103792 02103920 02104074 03104227 02104231 00104278 00104297 00104403 00104422 02104509 00104515 00104528 02104615 00104700 00104779 02104833 00104931 00105268 00105310 02105320 03105372 00105418 02105450 03105477 00105479 00105526 00105530 00105654 00105703 00105718 00105782 00105798 02105928 00105929 02105938 00105975 00106154 03106158 00106292 00106314 02106345 02106384 00106421 00106571 00106663 00106864 00106914 02106935 00106940 00106959 00106985 00107068 00107132 00107134 00107136 00107187 00107217 00107225 02107250 00107255 03107277 00107365 00107374 00107382 00107451 00107509 00107675 00107702 00107823 00107980 00107982 00108041 00108080 00108106 00108120 02108131 00108140 00108144 00108278 00108326 03108334 03108356 00108359 00108401 00108403 00108454 02108549 03108670 00108749 00108804 03108832 02108838 02108920 00108962 03109156 03109175 00109187 00109210 00109275 02109305 00109343 02109756 00109793 00109903 00109989 00110042 00110051 00110061 00110190 00110216 00110819 00110940 00110947 00110981 00111147 00111152 00111157 02111173 00111207 00111209 03111331 00111563 00111565 00111595 00111627 00111686 00111840 00111865 00111872 00111916 00111969 02111983 00112071 02112175 02112243 00112349 00112438 00112475 00112554 00112564 00112569 00112595 02112598 02112639 02112645 02112664 00112681 00112710 00112843 00112851 00112919 00112930 00113033 00113209 00113220 00113225 00113228 00113313 00113320 00113348 00113421 02113423 00113468 00113577
91620891 0542 02409 02428 03536 04546 02716 04937 001142 021358 001404 031473 031527 001551 021626 021876 001914 001918 012138 042152 042171 002228 042245 042466 002567 042602 022873 032876 002898 043150 003300 043391 023458 033695 043699 033780 043805 023835 033973 044004 034021 034024 024089 044123 034137 024138 004316 045221 045545 045683 045767 006012 046096 006171 006188 016500 046563 006584 046756 026784 046821 026827 036966 027038 047094 047102 047231 047341 027623 047640 037649 047696 047817 047951 008045 028125 048296 048386 008442 008638 038889 048907 009038 039133 039534 039612 009671 039786 049798 009819 039957 009959 0310007 0010044 0210102 0010138 0410195 0310215 0010234 0010311 0410444 0410469 0210565 0010716 0010759 0310954 0011033 0011487 0011545 0011682 0211838 0411876 0411937 0011987 0012137 0012742 0012805 0212878 0413074 0413157 0213228 0013423 0313460 0413699 0313729 0313731 0013747 0413755 0313848 0214025 0214046 0414148 0414244 0014252 0014270 0414274 0214286 0214357 0214360 0414491 0314625 0214662 0414714 0314718 0014722 0014779 0314832 0315059 0015076 0015223 0215593 0315598 0015956 0216397 0416459 0416708 0017203 0317333 0317523 0217596 0317696 0417713 0417729 0017788 0418061 0018351 0018380 0018405 0418625 0318704 0018845 0418851 0319274 0219355 0019586 0019618 0019882 0420002 0220032 0220161 0220309 0320420 0420436 0220500 0220521 0020584 0220749 0220877 0321005 0421119 0021415 0421428 0021492 0421606 0021631 0021815 0022041 0322252 0422265 0422282 0322375 0422553 0022592 0422644 0222659 0222801 0022844 0322856 0023091 0023099 0023152 0423238 0223256 0223758 0423871 0323887 0023968 0024106 0024157 0224166 0224235 0324307 0324502 0224805 0424985 0025315 0025318 0025324 0225414 0025543 0325627 0425663 0425726 0025919 0026154 0226228 0026292 0026537 0226556 0026635 0326808 0026861 0326969 0027090 0327959 0228156 0328232 0028332 0428374 0428412 0028415 0028566 0028658 0428729 0228803 0228888 0028938 0029140 0229186 0029272 0429492 0229639 0429654 0229765 0029775 0229828 0029835 0229905 0430145 0230190 0230262 0230365 0030668 0030767 0430768 0030824 0330839 0030909 0230917 0430983 0431190 0031305 0331603 0031806 0031821 0331971 0032068 0332110 0232161 0232373 0032760 0232899 0232929 0032953 0232954 0033155 0033379 0033657 0033780 0233792 0033806 0233972 0034171 0034310 0234316 0234351 0334408 0234602 0234835 0034846 0034906 0234988 0035065 0235219 0335551 0035632 0335667 0335728 0335738 0035752 0236013 0336039 0336143 0336212 0036376 0336403 0336656 0436775 0036838 0436959 0236986 0037012 0037045 0037579 0037655 0037722 0037952 0338023 0238105 0338189 0038191 0038399 0238574 0038589 0038590 0038669 0038760 0238794 0438819 0438887 0338930 0238934 0039052 0239122 0039204 0439310 0239552 0239770 0039847 0240077 0340293 0340461 0240551 0040605 0240927 0040950 0041005 0241175 0241226 0341315 0041407 0341641 0441679 0041700 0241957 0441994 0342051 0042158 0342536 0042545 0042727 0042737 0042961 0243284 0043312 0043359 0043394 0243398 0043416 0443477 0143590 0043738 0044063 0244262 0044597 0044822 0044928 0345035 0445064 0345173 0045241 0045318 0045442 0045580 0045844 0045999 0046091 0046213 0346308 0446431 0046495 0046605 0046626 0446715 0046935 0046990 0047010 0047418 0047691 0047711 0247715 0247780 0247861 0047867 0047888 0048028 0048369 0048570 0048598 0048851 0248922 0448933 0348936 0249005 0349017 0249182 0249381 0349533 0249579 0249596 0049643 0249645 0249699 0249767 0049786 0349998 0250006 0050043 0450044 0050052 0050176 0050233 0350454 0350482 0050538 0050548 0050603 0050744 0050768 0350815 0250855 0350865 0351134 0051182 0051358 0251603 0251704 0251945 0052081 0252146 0252163 0052176 0052318 0252394 0052451 0452582 0052592 0252664 0052768 0352886 0352900 0053098 0253107 0253351 0053362 0053393 0053469 0253600 0053661 0253787 0053838 0253843 0253868 0054107 0254343 0254406 0054426 0254456 0054526 0054700 0054751 0054790 0054868 0254957 0355022 0055030 0255046 0255072 0255079 0055220 0255343 0055373 0255474 0355483 0055543 0255578 0055793 0356033 0056062 0056195 0356196 0256260 0256294 0256299 0056427 0056485 0256549 0256621 0056628 0256697 0056703 0056705 0056722 0056833 0356925 0057076 0357121 0457158 0357189 0057192 0057327 0057426 0057466 0057612 0057722 0057777 0357856 0057901 0057918 0358131 0058544 0058704 0058742 0058972 0058983 0359012 0059025 0259181 0259338 0059593 0059610 0359639 0259671 0359685 0059724 0359737 0459744 0259767 0059832 0059947 0059991 0060025 0260116 0060222 0260248 0060271 0060301 0260410 0060462 0060482 0060540 0060612 0060635 0060709 0260848 0060912 0060925 0061035 0061057 0061128 0061379 0061414 0061416 0061694 0461708 0362157 0262367 0062400 0262476 0262603 0062659 0062767 0262800 0263040 0063107 0263410 0363418 0263454 0063547 0063578 0063863 0063936 0264033 0064097 0064191 0064279 0364289 0064572 0064767 0064878 0364956 0065168 0365301 0365334 0065635 0065782 0065801 0265899 0065975 0265999 0066045 0066077 0066110 0066113 0066116 0066168 0266612 0066733 0266755 0266786 0066820 0366846 0366851 0066929 0267048 0267100 0067314 0467429 0067489 0467586 0267668 0067681 0068022 0268099 0268234 0068592 0268608 0068812 0068995 0069021 0069184 0269267 0069381 0269480 0069529 0069620 0370122 0070154 0070377 0270846 0070852 0070860 0070978 0271017 0071343 0071512 0071560 0271593 0271858 0072065 0072099 0272148 0072220 0272555 0072746 0472969 0073004 0073106 0273313 0073414 0073530 0073827 0073989 0074109 0274189 0274207 0074379 0374468 0074556 0074586 0074724 0074869 0074887 0074925 0074949 0075047 0075127 0075295 0075367 0075458 0075549 0075555 0375567 0075638 0275656 0075958 0075988 0276090 0276342 0076346 0276434 0276567 0076961 0076964 0077090 0077153 0077157 0277314 0077398 0077568 0077721 0277855 0077905 0277944 0277957 0378156 0078175 0078609 0278754 0078810 0078889 0079054 0379104 0079273 0079397 0079661 0079723 0079942 0280087 0080187 0080320 0080632 0380702 0080714 0380775 0080796 0080820 0280921 0080957 0080981 0081783 0281867 0282052 0282312 0382440 0082669 0082966 0082996 0083171 0083277 0083348 0083424 0083461 0083527 0283555 0083681 0083708 0283784 0083978 0084079 0084096 0084114 0284122 0084154 0084236 0084264 0084400 0084412 0284539 0084574 0084588 0084704 0284755 0084817 0284832 0084935 0085012 0085069 0085365 0085390 0485542 0085709 0085783 0385978 0286038 0086171 0086273 0286479 0386666 0286783 0086825 0087167 0387407 0087471 0087504 0087529 0087743 0287814 0287822 0287826 0287830 0087854 0087972 0088024 0088029 0088238 0088308 0088374 0088517 0288723 0288897 0089079 0089114 0089181 0089205 0089261 0389292 0089486 0089621 0089780 0089927 0090030 0090119 0090198 0090255 0090307 0090600 0090602 0290665 0090718 0090772 0090775 0090860 0090937 0090954 0091028 0091056 0091073 0391129 0091154 0091204 0091230 0091305 0091385 0291408 0091569 0291701 0091741 0091810 0291869 0092027 0092076 0092099 0092169 0092203 0392206 0092412 0292734 0092771 0292951 0093114 0093132 0093231 0093444 0093534 0293579 0393602 0093684 0093722 0093751 0093824 0093912 0093941 0094180 0094241 0094474 0494584 0094696 0094699 0094776 0094789 0094846 0094882 0094968 0095094 0095097 0095220 0095236 0295250 0095307 0095324 0095723 0095849 0096052 0096241 0096550 0096619 0096709 0096789 0096807 0097309 0097379 0297432 0097454 0297596 0397627 0098006 0098039 0098107 0098149 0298169 0098230 0098648 0098767 0098817 0298819 0098835 0299141 0099255 0099287 0099327 0099357 0099913 03100027 00100057 02100061 00100072 00100400 00100461 00100497 00100641 00100750 00100773 00100948 02100978 00101020 00101645 00101696 00101763 00101840 00101916 00101982 00102060 02102125 03102200 00102284 00102323 00102389 00102412 00102417 00102514 02102766 00102801 02102847 00102974 00103117 02103134 00103170 00103284 00103365 00103507 00103579 00103665 00103979 00104140 00104213 00104223 00104368 02104421 00104567 00104594 00104686 00104699 00104701 00104739 00105010 00105154 03105212 00105281 00105295 00105518 00105589 00105630 00105686 00105702 00105758 00105934 02106056 00106302 00106323 00106506 00106770 00106783 00106888 00106915 00106936 00107051 02107307 00107393 02107543 00107575 00107586 00107644 00107655 00107799 00107928 02107939 00107960 00108236 00108253 02108263 00108399 00108608 00108720 00108942 00109071 00109330 00109375 00109658 00109735 00109751 00109799 00109882 03110115 00110123 00110158 00110164 00110440 00110593 00110648 00110681 00110686 00110697 02110715 00110843 00111145 00111225 00111244 00111295 00111360 00111429 00111506 00111518 00111680 00111717 00111876 00112032 00112131 00112260 00112305 00112339 00112351 00112688 00112698 00112741 00112782 00112826 00112850 02112871 00112952 03113172 00113352 00113542
91620901 03268 04288 04373 00433 04563 03677 02817 03826 041075 001283 031388 001398 041596 021910 012080 042081 002268 042308 002450 042528 002573 042811 003008 033070 003361 003608 033710 024069 004139 034257 044449 024462 004758 014829 045011 025060 045179 045268 005394 045575 035699 006084 036104 046126 046180 006272 026694 026823 007042 047148 047630 047960 047974 038034 038156 038225 048432 028518 048522 048635 048733 048748 028898 048995 039010 049012 029021 009182 009329 049414 039470 049533 039592 049642 049702 049728 049890 029911 0310283 0310288 0010328 0210484 0210501 0410627 0010885 0411188 0411236 0011512 0211519 0311536 0411553 0011675 0411686 0311751 0011772 0312074 0012224 0312452 0012491 0312496 0212515 0012630 0212662 0012909 0012927 0412948 0212960 0013299 0313338 0213468 0413518 0213522 0313541 0413666 0013684 0413757 0213883 0014295 0214322 0014327 0214428 0214541 0014881 0014922 0014951 0314973 0015084 0215096 0315251 0315497 0415607 0415734 0315826 0415865 0016050 0216092 0216148 0316185 0016202 0316467 0216552 0316584 0416718 0016733 0016743 0416940 0017259 0217432 0217494 0417545 0217695 0217725 0217753 0017845 0218038 0318153 0318462 0418496 0318653 0318852 0218949 0219163 0419289 0319436 0419578 0319604 0219648 0220008 0020125 0020263 0020287 0220577 0420750 0320944 0220986 0021152 0221278 0321282 0021383 0021441 0021825 0021847 0421865 0421927 0022118 0222202 0322299 0022309 0022399 0422449 0022454 0222523 0222551 0322759 0322950 0222965 0023138 0323189 0223361 0223711 0023760 0023954 0324124 0224199 0224477 0324558 0424765 0324853 0424860 0424868 0224978 0025115 0325332 0325432 0325542 0225773 0326035 0026066 0026158 0326353 0326365 0026518 0026523 0426595 0326904 0226949 0327063 0227391 0027403 0227492 0327812 0027893 0228061 0228092 0028229 0328429 0328493 0228672 0028716 0328718 0028746 0328967 0328970 0029006 0429089 0229139 0329322 0229641 0229678 0329919 0030206 0030209 0030219 0430346 0330353 0330396 0030567 0230612 0231091 0331233 0231385 0031588 0031593 0031657 0031664 0331986 0032066 0432244 0432417 0032522 0032534 0032782 0032965 0433403 0333500 0033668 0034109 0434165 0034196 0034207 0334500 0434554 0334631 0234650 0034861 0334878 0334922 0335058 0035118 0435213 0335286 0035371 0235400 0335430 0335527 0235542 0335786 0035849 0435982 0035985 0236092 0036121 0036233 0036445 0036772 0436887 0236977 0337118 0437208 0037290 0037304 0237343 0037457 0037494 0037510 0437518 0437827 0037862 0037903 0437981 0238066 0238147 0038232 0238638 0238757 0039179 0439471 0239619 0039939 0039968 0340298 0040418 0040688 0340852 0040861 0040881 0241041 0241090 0341093 0041107 0041128 0241265 0041268 0041324 0041336 0241502 0341553 0341581 0241599 0241627 0241717 0041951 0341999 0242041 0042052 0042187 0342208 0042532 0242538 0042809 0242986 0243011 0043178 0243356 0043401 0043407 0043541 0043877 0044279 0244405 0244516 0044621 0044802 0044872 0045085 0045089 0045362 0045474 0045495 0245519 0045574 0045585 0345873 0046125 0246140 0246166 0246313 0046395 0046571 0046649 0046824 0347456 0347647 0047745 0347842 0248021 0048139 0048163 0348443 0048622 0448825 0048967 0049084 0049099 0349384 0049443 0049615 0049729 0049733 0049762 0049954 0250058 0250104 0350180 0250487 0350793 0450819 0250881 0450996 0051012 0251147 0051223 0051645 0251866 0051948 0052050 0052096 0052150 0052180 0052199 0052229 0452309 0052507 0352536 0352615 0052723 0052965 0453015 0353258 0053399 0053610 0053860 0053919 0053999 0054235 0254246 0254284 0054477 0254574 0054591 0054706 0054941 0355167 0255174 0055369 0355497 0055536 0055705 0055745 0055833 0056126 0456273 0256474 0056662 0356960 0056992 0057052 0257057 0057130 0057352 0257363 0257440 0057449 0057587 0057672 0257680 0057710 0257799 0057827 0257846 0457871 0258053 0058162 0358231 0458314 0058571 0258667 0058693 0058855 0058857 0258889 0058917 0059027 0059149 0359152 0059195 0059322 0259437 0259983 0260146 0060326 0360373 0060375 0460451 0060632 0360651 0060905 0060938 0461288 0061503 0061506 0061515 0261635 0262130 0062177 0362274 0262323 0362363 0262704 0262710 0062750 0062757 0063037 0363203 0063207 0263329 0063356 0263379 0263521 0363702 0363704 0063720 0064262 0264308 0064381 0264411 0064475 0264541 0064578 0064629 0364653 0264751 0064939 0265039 0065078 0365166 0065222 0065374 0265417 0365636 0265755 0065892 0065906 0266292 0466484 0366640 0267041 0267071 0067086 0067387 0067462 0067466 0067590 0067695 0267798 0068030 0068094 0268122 0068325 0268510 0068612 0368873 0069116 0069423 0069500 0269592 0069723 0069896 0069911 0069985 0070030 0270084 0370382 0070600 0270625 0070787 0370828 0070899 0070999 0071001 0071316 0271519 0271603 0071662 0271712 0071749 0071774 0271789 0071960 0072018 0272230 0372493 0072507 0272594 0072790 0072885 0073085 0073109 0073255 0073744 0273797 0073924 0373954 0274025 0274140 0074176 0074655 0074672 0074751 0274923 0074926 0074971 0075080 0075213 0075283 0075457 0275557 0275559 0075670 0275757 0076151 0376167 0276226 0276257 0476311 0376325 0076339 0076405 0076605 0076676 0276698 0076716 0076730 0276876 0277362 0077411 0077423 0077526 0077717 0077968 0077987 0278236 0378549 0078793 0079070 0079117 0079132 0079271 0079341 0279598 0379604 0379676 0079730 0079756 0279767 0379793 0080075 0080285 0080435 0280598 0080626 0080629 0280651 0080681 0080708 0081006 0081150 0081169 0081300 0081301 0081610 0281934 0381968 0382010 0082062 0082196 0282334 0282343 0082548 0082770 0082849 0082874 0082944 0083286 0083325 0283351 0083390 0083513 0083530 0083601 0383683 0083836 0384036 0384155 0084218 0384238 0084261 0284283 0084307 0084337 0084732 0384851 0084966 0085064 0085101 0285141 0285174 0085493 0085718 0285814 0085918 0285942 0286006 0086225 0086348 0086420 0086443 0086489 0086529 0086573 0286642 0086748 0087097 0287105 0087355 0087715 0387891 0087911 0087927 0388617 0088957 0089381 0089396 0089399 0089547 0089583 0089588 0090424 0090474 0290567 0090624 0090627 0090763 0090910 0090932 0090953 0090974 0090980 0091023 0091251 0091262 0291316 0091327 0091372 0091411 0091436 0091681 0291786 0091832 0291967 0392039 0092111 0092366 0092387 0292536 0292539 0092606 0092804 0092823 0093443 0293962 0094092 0094151 0094249 0094280 0094378 0094426 0294621 0294655 0294707 0094938 0094989 0095168 0295187 0095431 0095500 0095647 0095657 0095689 0095698 0095771 0095803 0095810 0096126 0096221 0096345 0096505 0396520 0096570 0096601 0096748 0296859 0096945 0097020 0097042 0097263 0097264 0097361 0097390 0097397 0097417 0097441 0097468 0097840 0097943 0398040 0098316 0098403 0098449 0098454 0098535 0098604 0098617 0098622 0398629 0098669 0098830 0098873 0298975 0399027 0099110 0099277 0299403 0099431 0099460 0399498 0399685 0099686 0099712 0099741 0099997 00100012 00100084 00100123 00100305 00100365 02100409 00100551 00100684 00100755 00100853 00101016 00101120 00101391 00101544 00101643 00101697 00102123 00102244 00102341 00102423 00102572 00102577 02102760 00102789 02102826 00102957 00103254 00103260 00103426 03103429 00103505 00103522 00103569 00103575 00103836 00103882 02103953 00103972 00104079 00104179 02104305 00104366 00104517 00104554 00104708 00104713 02104963 00105190 00105229 00105347 02105663 02105819 03105886 00106051 00106162 00106247 03106373 00106403 00106583 03106672 00106697 02107029 02107407 00107530 00107551 00107767 02108123 00108168 00108220 02108245 00108572 00108633 00108723 00108813 00108927 00108943 00108979 02109030 02109051 00109087 00109270 00109644 00109996 00110435 00110590 02110655 00110658 00110919 03111023 00111026 00111301 00111531 00111657 00111861 00112037 00112050 00112176 00112316 02112342 02112498 00112592 02112603 02112780 00112864 00112880 00112990 00113068 00113153 00113312
91620911 04124 02216 04522 02530 02664 03694 02765 02778 00976 04988 001212 021292 021493 021813 022089 032401 002402 002576 022729 032840 042936 023497 043574 043885 034250 004312 034326 034364 004387 034487 024703 024864 014883 005119 045265 045441 045641 025670 025800 005853 045929 036152 006218 026355 046423 007020 017294 037516 007672 007760 048402 008452 038541 028552 038783 028832 038849 048945 048951 049087 009152 049300 049308 049336 039499 049543 0010142 0010259 0210289 0410329 0210348 0310351 0410491 0210508 0210769 0310824 0010940 0411036 0311194 0211316 0311329 0211377 0411421 0311503 0011516 0011526 0211756 0311861 0211913 0311935 0212278 0012298 0312409 0012550 0412595 0312939 0213123 0013135 0313141 0413269 0413611 0413706 0313774 0413851 0213911 0214038 0014080 0214113 0214262 0414386 0314515 0314584 0314659 0214710 0315278 0215347 0015355 0015674 0415783 0016169 0216237 0216351 0316549 0016857 0216953 0217392 0417439 0317501 0217709 0317992 0318029 0418037 0218047 0218074 0218079 0018152 0018194 0018262 0218339 0418543 0018790 0018860 0018997 0319099 0319280 0219285 0219369 0219377 0219497 0219502 0219611 0419636 0419747 0220088 0020289 0420492 0020873 0220915 0220931 0021051 0421065 0421105 0021287 0421381 0421457 0321539 0221602 0021726 0021850 0222182 0222606 0222635 0222951 0323057 0423145 0223174 0223297 0323299 0223389 0323431 0223493 0223643 0423648 0423842 0324192 0224196 0424212 0224243 0224689 0424748 0024818 0224911 0025023 0025104 0325291 0025541 0025546 0325601 0025638 0025661 0026020 0226042 0326110 0226224 0026229 0326422 0026494 0426588 0426684 0026688 0226719 0326753 0326755 0026871 0027027 0327035 0327067 0327362 0327371 0227535 0027580 0327645 0227809 0027856 0027932 0228019 0228293 0028329 0028727 0428884 0028896 0029161 0029337 0329396 0229568 0029574 0329646 0229672 0329717 0029784 0330042 0430281 0430303 0330316 0330409 0030488 0230546 0230573 0030933 0431056 0231237 0331286 0331480 0431575 0331661 0031720 0232033 0332038 0332374 0232380 0032433 0232568 0032570 0332686 0032711 0432940 0232941 0033028 0333368 0233456 0233476 0033609 0033612 0233697 0033895 0033944 0234042 0334047 0234049 0334227 0434468 0034496 0334511 0334757 0234768 0335160 0235190 0035232 0035327 0035385 0235457 0235558 0335960 0236147 0236206 0436209 0036452 0236481 0036677 0336870 0436889 0336940 0037051 0037059 0037641 0237656 0437669 0037747 0037914 0237916 0438144 0238146 0038257 0038275 0038423 0338460 0338522 0238749 0038842 0038907 0238921 0238955 0338991 0339046 0039074 0339240 0439609 0039828 0339855 0039904 0439977 0039984 0040033 0040417 0040534 0340629 0040726 0040728 0240751 0040775 0040874 0240934 0340952 0341013 0041253 0241421 0041531 0041564 0041631 0041660 0041815 0042037 0242097 0042136 0042289 0242358 0042391 0042428 0042492 0242723 0442748 0242892 0442908 0242941 0243406 0243450 0043677 0243715 0043742 0043832 0043953 0044059 0044086 0044219 0044250 0244571 0244882 0344927 0344959 0445201 0045224 0045225 0045299 0245466 0245573 0045770 0246026 0346057 0046089 0046254 0346276 0346302 0046304 0246323 0046415 0346475 0046566 0046600 0046761 0246798 0046891 0046984 0247038 0347228 0047344 0347345 0247420 0347664 0047707 0047730 0347752 0247773 0047815 0047824 0047865 0048435 0048594 0048667 0048754 0049063 0249072 0049127 0249202 0049470 0049503 0349774 0249813 0049841 0250028 0050067 0050092 0350124 0050254 0050314 0250396 0050397 0050513 0050563 0050652 0050722 0250724 0050734 0050804 0250840 0350922 0051086 0451121 0051242 0051301 0051390 0251666 0451707 0351745 0051750 0351800 0251819 0351849 0051899 0051920 0052623 0052654 0052670 0052678 0352682 0052861 0252935 0053234 0053370 0053375 0053424 0353686 0053736 0053832 0054058 0254226 0254278 0254290 0354330 0054503 0054527 0354565 0254572 0054767 0054974 0055013 0255210 0055231 0355239 0355242 0055560 0255733 0255744 0355762 0055792 0055842 0355894 0055984 0056261 0056324 0056433 0056623 0056704 0256851 0356890 0057146 0057203 0057977 0058045 0058195 0258206 0258213 0058248 0458386 0058518 0358558 0058582 0058622 0058639 0058643 0058683 0058725 0058756 0058763 0059009 0059261 0059300 0059574 0059793 0059863 0059885 0059969 0060100 0060339 0060643 0060678 0060762 0260805 0060831 0261008 0061135 0061136 0061219 0061234 0061259 0061297 0061473 0261548 0061579 0361784 0061817 0062011 0062639 0062722 0062760 0263008 0363323 0363359 0063395 0063429 0063456 0063604 0063626 0063765 0263954 0064080 0264287 0064390 0064595 0264630 0064633 0064658 0064758 0364789 0064818 0064822 0264885 0364998 0065184 0265286 0065590 0265712 0065935 0366012 0066402 0066466 0266515 0066587 0066766 0066810 0266814 0066891 0066916 0067040 0067133 0067249 0067256 0267469 0467641 0067964 0068046 0268109 0268141 0268240 0068452 0068468 0268469 0068473 0268647 0068815 0268887 0068905 0068931 0368996 0069084 0069108 0069588 0269619 0069635 0269843 0069887 0369925 0369939 0070127 0070294 0070496 0370517 0070810 0070824 0070841 0070969 0071051 0071061 0371182 0271269 0071362 0271471 0071595 0071640 0071721 0471817 0371968 0272158 0072184 0072194 0072242 0372447 0272487 0072533 0372652 0072659 0272722 0272954 0372964 0272992 0273216 0073262 0073301 0073310 0073321 0073454 0273506 0073545 0073763 0073971 0074112 0074375 0074507 0274513 0074579 0274582 0274673 0374907 0074977 0275072 0075256 0075432 0275438 0075733 0075841 0275903 0376020 0476174 0076338 0076539 0076614 0276632 0076673 0077080 0077271 0477465 0077574 0077964 0077984 0278020 0078108 0078135 0078179 0278366 0078472 0078564 0279149 0379167 0079461 0079491 0279536 0079638 0379678 0279744 0079747 0279799 0379966 0380096 0080416 0080517 0380525 0280636 0080938 0281119 0281212 0381278 0081432 0281472 0381476 0081549 0281721 0081734 0281740 0081897 0081950 0082161 0382247 0082315 0082372 0082485 0082490 0082503 0082547 0082655 0082676 0082723 0082929 0283129 0283168 0083547 0383729 0083812 0083862 0083881 0083976 0084013 0084585 0084626 0084638 0384829 0084898 0384932 0284997 0285137 0085160 0085267 0085280 0085293 0085349 0085404 0085543 0085553 0085588 0285659 0285740 0286062 0086499 0086707 0086806 0086957 0086962 0086987 0387152 0287168 0087289 0087382 0087517 0087528 0287569 0387579 0087749 0087815 0087837 0088164 0088461 0388526 0088567 0088809 0088824 0088838 0089098 0089129 0089154 0389163 0089326 0089491 0089617 0089759 0089820 0089837 0089966 0089971 0090049 0290301 0090340 0090372 0090451 0090595 0090777 0090799 0090890 0090915 0091469 0391549 0391641 0091722 0391726 0091744 0091943 0292064 0092416 0092704 0392874 0093092 0093093 0293118 0093202 0293253 0093261 0293315 0393453 0093638 0093749 0094010 0094250 0094312 0294346 0094549 0094580 0094739 0294768 0394908 0094959 0295062 0295103 0095125 0095443 0295463 0095558 0395667 0295764 0095892 0095977 0095982 0095986 0096067 0296246 0096253 0096447 0096494 0096610 0296631 0396964 0096988 0097088 0097356 0097365 0097542 0397593 0097602 0097607 0297774 0097914 0098210 0098597 0098598 0098708 0098823 0098956 0299122 0099202 0099253 0099428 0099506 0099525 0099530 0099543 0099673 0099737 0099933 0099981 02100065 00100092 00100096 02100132 00100197 02100655 00100902 02100913 00100941 00100980 00101086 00101105 00101196 00101226 00101406 00101646 00101783 00101799 00101829 00102150 00102307 00102316 00102321 00102390 00102479 02102550 02102554 00102573 00102581 02102633 00102884 00102953 00103133 00103182 02103312 02103398 00103413 00103546 02103556 00103561 00103627 03103684 00103691 00104006 00104200 00104420 00104438 00104441 00104465 00104534 00104601 00104649 00104860 00104889 00104906 00105009 00105022 00105043 00105199 02105220 00105364 00105629 00105811 00105831 00105898 02105968 02106082 00106175 00106249 00106357 03106694 00106944 00107016 00107067 00107183 00107284 00107330 00107355 00107582 02107636 00107761 03107779 00107814 02107992 00108274 00108321 00108465 02108600 00108703 00108846 00108875 00108998 02109033 00109136 00109176 00109203 00109341 00109359 02109486 00109572 00109862 02109937 00109941 00110010 00110022 00110242 00110288 00110303 03110308 00110474 02110561 00110656 00110833 00110917 00111059 00111159 00111285 00111316 02111602 00111623 00111639 00111669 00111713 00112074 00112146 02112216 00112217 00112232 00112291 00112376 00112436 00112541 00112579 00112622 00112693 00112703 02112793 00112913 02113015 00113092 02113186 00113195 00113270 00113344 02113369 00113416 00113462
91620921 00137 00156 00173 00186 03247 00509 04634 02674 03768 041093 031129 011457 001529 031695 041730 031761 041803 002110 042259 002270 042414 002432 042742 032977 043091 023122 043215 003364 043427 043614 033682 043784 043896 023942 044044 034068 004119 044120 004122 034418 004448 034490 004547 044658 044662 024960 045109 045135 025211 045215 045325 005381 045382 045400 045624 045638 045741 005873 005925 036070 026223 006233 016362 026840 026873 046998 037037 047300 037323 007462 047480 047532 007617 047680 008078 048206 028351 038458 008667 028810 048891 008941 049059 039088 029177 029181 039455 049516 039522 029691 009739 039749 009780 029791 029855 009906 049926 049935 029943 049989 009993 009995 0210058 0210225 0410230 0410268 0210369 0410577 0310645 0210718 0010727 0010837 0210884 0211054 0211138 0411494 0011529 0011602 0411603 0411704 0411820 0012017 0012072 0412310 0312448 0212455 0012859 0413197 0213296 0013358 0413413 0013433 0413714 0413720 0013764 0213942 0413946 0314002 0414063 0314105 0414164 0014251 0414255 0214450 0414598 0414671 0014695 0314781 0414809 0414822 0414840 0214852 0415108 0315337 0415419 0215447 0315740 0215774 0215845 0415890 0016154 0216212 0316257 0316300 0216359 0216463 0216493 0016502 0216535 0116882 0416912 0216962 0016971 0016989 0017079 0017301 0317332 0217334 0217416 0417693 0017791 0017803 0017856 0417896 0417903 0318010 0218044 0218256 0018403 0318441 0218533 0218563 0218582 0418693 0318733 0318970 0419023 0019026 0319228 0419379 0419410 0219510 0319602 0019739 0319757 0019849 0019892 0419916 0219960 0219996 0420086 0220170 0420213 0220262 0320324 0420340 0020360 0020506 0420561 0320623 0421020 0421028 0421062 0221242 0421357 0421393 0421649 0321782 0222027 0222058 0422090 0222104 0022174 0222184 0322187 0022190 0022361 0022382 0322655 0022667 0222682 0022771 0222858 0023140 0023192 0023257 0423352 0023359 0323477 0023482 0423641 0423667 0423740 0223780 0023826 0023859 0223905 0323973 0224049 0024361 0324458 0024503 0224507 0224555 0024561 0324678 0424680 0224684 0224742 0424839 0024878 0024914 0024935 0424998 0425172 0425334 0025487 0025499 0225650 0425729 0025938 0026079 0226175 0426346 0426460 0426914 0026954 0027104 0227170 0427293 0427367 0327411 0027416 0427426 0227626 0427730 0027782 0327849 0327906 0427974 0027983 0027998 0228088 0228153 0328171 0028539 0328625 0329023 0429029 0029046 0229097 0029130 0229228 0229279 0229281 0229379 0029491 0229669 0029795 0329845 0229942 0030104 0330392 0330445 0230466 0030501 0430616 0330746 0030820 0330895 0230945 0331025 0231161 0031312 0031433 0031532 0331562 0231644 0331711 0431960 0331983 0231990 0032039 0232174 0032426 0232659 0432667 0332705 0032828 0232999 0433035 0233134 0033215 0433246 0033282 0033716 0333767 0033776 0433957 0034231 0334365 0334417 0034535 0034675 0234703 0034776 0034797 0234892 0435086 0035271 0035637 0035666 0235882 0335951 0336010 0436127 0436174 0236278 0036324 0036345 0036384 0036465 0036478 0436537 0336544 0236735 0036742 0037384 0437461 0337582 0037858 0337904 0237987 0438058 0038642 0038770 0038821 0038831 0038904 0038958 0038980 0039048 0039273 0039461 0039463 0039953 0440126 0040242 0440315 0240658 0240669 0240953 0041031 0041104 0041124 0041328 0041437 0041475 0041508 0241582 0441590 0041643 0441809 0041867 0041981 0242004 0242044 0342093 0242106 0242120 0042262 0442365 0242452 0042516 0042714 0442763 0442830 0442858 0042982 0043089 0343244 0043307 0443414 0043835 0243866 0043918 0344025 0244081 0044128 0044182 0244268 0044374 0444445 0044465 0244504 0044619 0244640 0044795 0044918 0244940 0044984 0345004 0045027 0245097 0345129 0245254 0345281 0245315 0245332 0045600 0245601 0245702 0345805 0045862 0245905 0045928 0245948 0246044 0346054 0346109 0046133 0046197 0046331 0047051 0047184 0247231 0047314 0047414 0247571 0447593 0347651 0047652 0047916 0048083 0048152 0048165 0248179 0348219 0248247 0248280 0248536 0448567 0048702 0248758 0348762 0048861 0049000 0249033 0049135 0449163 0249200 0049214 0049258 0049366 0049380 0349486 0049489 0249504 0049529 0049629 0250035 0450306 0050325 0050372 0350406 0050687 0250906 0250984 0251016 0251023 0251204 0051221 0051461 0251473 0351573 0251703 0051974 0052071 0252083 0052125 0052353 0052888 0452981 0053043 0053082 0353131 0053147 0053225 0053251 0053278 0253328 0053340 0053387 0053430 0253478 0253488 0053697 0253744 0053814 0253934 0353998 0454014 0254153 0354421 0454476 0254564 0354582 0054635 0054656 0354687 0254715 0054793 0054885 0055061 0255091 0055332 0055440 0055462 0255495 0055600 0455637 0055855 0055956 0256040 0056283 0256325 0356488 0356505 0256577 0056606 0056809 0056998 0357013 0357056 0257083 0257148 0057190 0057304 0257348 0257419 0057474 0257523 0057552 0057639 0057659 0457789 0257836 0257895 0257898 0057987 0258069 0258130 0058460 0358522 0058529 0358593 0058664 0058720 0358765 0058789 0058966 0359135 0059318 0059381 0059465 0259544 0059704 0059873 0259902 0360007 0060029 0360111 0060235 0360323 0260503 0060614 0060633 0060674 0060722 0460726 0060731 0060752 0060830 0060838 0460920 0360921 0460926 0060937 0460959 0061021 0061036 0061044 0361049 0261280 0261335 0061372 0061391 0061592 0361618 0261639 0061666 0061855 0061921 0061927 0061991 0062066 0062096 0262358 0362384 0062605 0262620 0062647 0062775 0062816 0362839 0262942 0062964 0062980 0263006 0263046 0063172 0263198 0063257 0263272 0063420 0363575 0063598 0063671 0063676 0063680 0063736 0363742 0063767 0363768 0063840 0263914 0264137 0364171 0064403 0064490 0464533 0264791 0064808 0064945 0265021 0265122 0065130 0065178 0065245 0065392 0065542 0065660 0065671 0065966 0265996 0066015 0066047 0066156 0466204 0266272 0066365 0066372 0066912 0067054 0367297 0067406 0067540 0067562 0067758 0067960 0068281 0068413 0068446 0268491 0068552 0068571 0268637 0368673 0268759 0368799 0268807 0068854 0268909 0069004 0069115 0069126 0069130 0069639 0069717 0369832 0069866 0469999 0070077 0070085 0070159 0070280 0270306 0070330 0070394 0070617 0070645 0270668 0070705 0470975 0270997 0071168 0071308 0071494 0071693 0371706 0071854 0071972 0471979 0371995 0072034 0072093 0072181 0072189 0072247 0272282 0072368 0072417 0072497 0372543 0272658 0072754 0072793 0072811 0372837 0072931 0272987 0072993 0073209 0273213 0073252 0273500 0073642 0073769 0473803 0074037 0074089 0274159 0074199 0074481 0074646 0074845 0274903 0074905 0075050 0075301 0075349 0275447 0075500 0075569 0075570 0075608 0375747 0075749 0275817 0075832 0075934 0075967 0376006 0076040 0076055 0276229 0076277 0276411 0076444 0076518 0076598 0276728 0076750 0076782 0076951 0276953 0076966 0077062 0077114 0077128 0077182 0077204 0077251 0077377 0077623 0077656 0078012 0278190 0078212 0078231 0078491 0078659 0078680 0078801 0378933 0278934 0278976 0278992 0079163 0079385 0279409 0279436 0079565 0079592 0079675 0079699 0079748 0079869 0379907 0079920 0079971 0079977 0080218 0080252 0080256 0080373 0280612 0080729 0080773 0081130 0281170 0081302 0381509 0081519 0081700 0081710 0081726 0081857 0082123 0082183 0082365 0282371 0282408 0082842 0082907 0283064 0283107 0283119 0083204 0083214 0083279 0283308 0283318 0083323 0083350 0083742 0083806 0283818 0283878 0083917 0283949 0084023 0384031 0084142 0284206 0084317 0084930 0084963 0085138 0085196 0085409 0085447 0085509 0285539 0285551 0085620 0085642 0085653 0085725 0085735 0385987 0286015 0086072 0086077 0086238 0386242 0086301 0086410 0086879 0386884 0087169 0087191 0087242 0087248 0087251 0287328 0087577 0287658 0087919 0087981 0388061 0088089 0088130 0288153 0088236 0088296 0088400 0088422 0088525 0088550 0088674 0088678 0088722 0088831 0088938 0088942 0088975 0089094 0089113 0089189 0089219 0089272 0089414 0389480 0089514 0089945 0089985 0090041 0090068 0290202 0090221 0090223 0090267 0090469 0390529 0090738 0090801 0090936 0090939 0090948 0090960 0091011 0091105 0091106 0091145 0091174 0091234 0091377 0091401 0091460 0391482 0091519 0291673 0291884 0091909 0091920 0091960 0091999 0092136 0092229 0092317 0092414 0092426 0292529 0092595 0092724 0092982 0093083 0093117 0093352 0093593 0293648 0093667 0093696 0093719 0093774 0093803 0293841 0093866 0093871 0094137 0094403 0094434 0094436 0094618 0094714 0094744 0094847 0094867 0094901 0094930 0094951 0294963 0095071 0095127 0095158 0295170 0095202 0095249 0095287 0095605 0095644 0395664 0295671 0395959 0096054 0096071 0096326 0096408 0096419 0096715 0096730 0096752 0096846 0096901 0097135 0097246 0097283 0097460 0097461 0097580 0397962 0298465 0298507 0098639 0098746 0098750 0098845 0298910 0098971 0099000 0099031 0099212 0099228 0299265 0399270 0099374 0099674 0099714 0099722 0099798 0099875 0399980 00100010 00100145 00100160 02100201 00100286 00100637 00100666 00100711 00100819 00100927 00101079 02101204 00101329 00101500 00101509 02101661 00101698 02101812 00101836 00101970 00102062 03102236 00102252 02102420 00102504 00102544 00102604 00102656 00102657 00102690 00102831 00102980 00103012 00103041 00103080 00103325 00103354 00103424 00103463 00103580 02103697 00103751 00103988 00104021 00104161 00104241 00104243 00104262 02104322 02104340 00104497 00104519 00104560 03104781 00104787 00104814 00104859 00105023 00105222 00105247 00105322 02105323 00105392 00105449 00105841 00106123 00106142 00106483 00106496 00106689 03106846 00106853 02107011 00107086 02107140 00107212 02107298 00107386 00107433 00107560 02108003 00108064 00108081 00108270 02108315 00108483 00108532 00108548 00108590 00108596 00109178 00109322 02109494 00109550 03109551 00109574 00109701 00109709 00109929 00109988 00110020 00110045 00110257 00110489 00110520 00111021 00111177 00111247 00111268 00111278 00111380 00111466 00111481 00111742 02111755 00111914 00112053 02112130 00112281 00112433 03112648 00112663 00112699 00112805 00113107 00113300 00113371 00113412 00113483 00113551
91620931 0486 00147 04198 04224 04420 04460 00562 02618 04647 04672 04689 00808 02834 03853 02881 00965 031003 021016 041026 021066 001189 031267 031278 031318 031390 021543 041734 031764 041789 041815 001867 022141 032220 042252 042344 042351 042362 032489 042541 032794 032988 033010 023169 003178 043298 043568 043629 033734 043801 043833 033877 023962 044084 034106 044191 014365 044375 034514 004529 024582 044616 044622 044689 024723 044852 024854 025144 025149 045170 035190 025412 045428 035462 005503 035505 045527 035593 045615 035690 035793 045864 026009 036255 036277 006302 006307 026320 036383 046448 046460 046467 046511 006527 036890 047052 037090 047224 027232 037241 007309 047350 047404 027461 037470 037625 027686 028022 048023 008288 008299 048337 028375 038393 028585 048612 008622 048705 038719 028752 028829 028843 038972 029184 049201 049209 049323 039363 049376 029538 049628 049700 029987 0410192 0210212 0210256 0310376 0410403 0010426 0410429 0310517 0310542 0410553 0210568 0210635 0210762 0410794 0210908 0011255 0311371 0411596 0311680 0211875 0311880 0411940 0211971 0211982 0412069 0412085 0412099 0312103 0312154 0412244 0312538 0212588 0212602 0312680 0312931 0412976 0413069 0213110 0213334 0413345 0313362 0413443 0313628 0213707 0213710 0213849 0313925 0313988 0213989 0414192 0414242 0414290 0414367 0214510 0314512 0314520 0414588 0014687 0214708 0415272 0015495 0415624 0415788 0315889 0315906 0415966 0316016 0416123 0016166 0416179 0216334 0316435 0216568 0216577 0416610 0216753 0316773 0216792 0016842 0216913 0316964 0016982 0217041 0417184 0217187 0417207 0417217 0217478 0417527 0217608 0017842 0417864 0417917 0417942 0418297 0418316 0018365 0418548 0418597 0418764 0218828 0218840 0218849 0018939 0418980 0219016 0019190 0019215 0319224 0419365 0319651 0419734 0020229 0420270 0320349 0420724 0420997 0421016 0421097 0221107 0321150 0021221 0421232 0221235 0421341 0221379 0221461 0321506 0421609 0021670 0221791 0422046 0222290 0422304 0022315 0222524 0022552 0422732 0222968 0423035 0223163 0323191 0423313 0323440 0323474 0323519 0223855 0224038 0024277 0424411 0024579 0224686 0424691 0324757 0424804 0324910 0324963 0425062 0025281 0225410 0225531 0325571 0325615 0225639 0225828 0225918 0325941 0425995 0026086 0326404 0226493 0326593 0226682 0026767 0226798 0426903 0426932 0327014 0027186 0427207 0227355 0427599 0327726 0227786 0427800 0427824 0327835 0227875 0427986 0028035 0228287 0128346 0028637 0228671 0028675 0028886 0329150 0229471 0329506 0229521 0229637 0429727 0429759 0429844 0329851 0429926 0429941 0030008 0230177 0330238 0330406 0230407 0230471 0230485 0030732 0330848 0230874 0330959 0230994 0031095 0431181 0231292 0031335 0031343 0231399 0031428 0231481 0231523 0431586 0231587 0231725 0431740 0431868 0231870 0231908 0231948 0032065 0032178 0032204 0232266 0332270 0032304 0232448 0332567 0332790 0032841 0432903 0232983 0033220 0233580 0433825 0233935 0334072 0234088 0234170 0234225 0034278 0434485 0434533 0334624 0234692 0234813 0234904 0434931 0034957 0035022 0235132 0235236 0435442 0435593 0235636 0335863 0235998 0436065 0236517 0436847 0236928 0037109 0237110 0237218 0037235 0037286 0237477 0337780 0338073 0238084 0338239 0238248 0238279 0238298 0438529 0038623 0438657 0038946 0239044 0339326 0239721 0239829 0239890 0040154 0440286 0240296 0440339 0040356 0040374 0240386 0340616 0240671 0440684 0240696 0340758 0241060 0441146 0241219 0341242 0441246 0441304 0441441 0241533 0341656 0341816 0341844 0041910 0342301 0042304 0042318 0342514 0042541 0242713 0242766 0242784 0242975 0043090 0443482 0043795 0243886 0244034 0044152 0444172 0444380 0244430 0444758 0244782 0344836 0444854 0044960 0044973 0245194 0245323 0245439 0245667 0245739 0445834 0445841 0045855 0346344 0046469 0446554 0246609 0046942 0046987 0347019 0047026 0247104 0247175 0247250 0347525 0247534 0047788 0247852 0247864 0247897 0448101 0048238 0048251 0448264 0248425 0048586 0048635 0048756 0048794 0248858 0448865 0049204 0249294 0249329 0449517 0249553 0249584 0049618 0249672 0449696 0049707 0349805 0249975 0250020 0050378 0350400 0250642 0350685 0250710 0050725 0050794 0250798 0350858 0450871 0250942 0251000 0351287 0251348 0351685 0351792 0251805 0051870 0352006 0252028 0052074 0052277 0252283 0352287 0252348 0252552 0352666 0052773 0052877 0052884 0053092 0053169 0053237 0053238 0253265 0453270 0253792 0253876 0254027 0254053 0354108 0254347 0454355 0254830 0054907 0255218 0055559 0255641 0055849 0355863 0255948 0056068 0256165 0356285 0056286 0056406 0056411 0456457 0256554 0056592 0256880 0257032 0057101 0457237 0357343 0057347 0257430 0257531 0257628 0257739 0257840 0257995 0058015 0458196 0058289 0358551 0258674 0258957 0058990 0059130 0359134 0259183 0259249 0359470 0059866 0360192 0060202 0060204 0260352 0060390 0060424 0060659 0060758 0460876 0060885 0260922 0061247 0261271 0061302 0061315 0261417 0261563 0261637 0261740 0061875 0061910 0261963 0062091 0062289 0262304 0062421 0262457 0263091 0063101 0063448 0263530 0363564 0063770 0263782 0264140 0064418 0064447 0264484 0364495 0264596 0064603 0264784 0264796 0465033 0365073 0065205 0065235 0265307 0265366 0065729 0065764 0265856 0065912 0065937 0365958 0066166 0266258 0466291 0066369 0066651 0066690 0066796 0366835 0066843 0267177 0067317 0067611 0067786 0367898 0067932 0267978 0068112 0068329 0068391 0068640 0368788 0068810 0068907 0069060 0269076 0069124 0269274 0369324 0269356 0269446 0069475 0469485 0269664 0069793 0069812 0069893 0370137 0270221 0070255 0270314 0070333 0070486 0270518 0070660 0070808 0271069 0271075 0271228 0071239 0271422 0071479 0271610 0271661 0271762 0071897 0371925 0072231 0072680 0272797 0073116 0073244 0073328 0273443 0073574 0273916 0274118 0274172 0274240 0074315 0274316 0074323 0074459 0374615 0274632 0274681 0374793 0374873 0374970 0275028 0075071 0275135 0275146 0375248 0075286 0075296 0375312 0375354 0275399 0275426 0075486 0075524 0075527 0275553 0475588 0375700 0275922 0275932 0275969 0276058 0076059 0076173 0076318 0076404 0276500 0076573 0376752 0076758 0076766 0076952 0277131 0277268 0277422 0077428 0077470 0077517 0277555 0077917 0278109 0078155 0078228 0278550 0078618 0078753 0078785 0378788 0079052 0279393 0079629 0379707 0379765 0279953 0080064 0080098 0280105 0080140 0080213 0080223 0280257 0080396 0280497 0080564 0280824 0080825 0080974 0081109 0481276 0081352 0081368 0281404 0281513 0281518 0081551 0281576 0381596 0081634 0081682 0081786 0081842 0081941 0382068 0082087 0082112 0482125 0082266 0082767 0083097 0283126 0083145 0283414 0283778 0384231 0284372 0084423 0084648 0084752 0084903 0385205 0285521 0085599 0085615 0085704 0085798 0285950 0286001 0386461 0086594 0386813 0287401 0487432 0087712 0387939 0087983 0288063 0088175 0288625 0288871 0288884 0088978 0089386 0289434 0289516 0090064 0090287 0090352 0390406 0090588 0090670 0290750 0290761 0090882 0091242 0091246 0291264 0091313 0091457 0091845 0391885 0091906 0291971 0292079 0092199 0092261 0092334 0292369 0292395 0092448 0392472 0392559 0292669 0392674 0292770 0292813 0292859 0292984 0093071 0093230 0093369 0093655 0293672 0293833 0293836 0293899 0094031 0094100 0294130 0294202 0094226 0094726 0094829 0094832 0094944 0394990 0295153 0095185 0095837 0096042 0096117 0096169 0396382 0096401 0296477 0396558 0096559 0396592 0096616 0096778 0396931 0097319 0097381 0397408 0297681 0097682 0097735 0097771 0298017 0098077 0098141 0098364 0098633 0298764 0098768 0298816 0098858 0099017 0099055 0299068 0099596 0299684 0099845 00100009 00100038 02100041 00100385 00100803 00100825 02100922 00100957 00101023 02101225 02101336 03101457 00101537 00101798 00101931 03101935 00101990 00102076 02102180 00102255 00102408 00102535 02102921 00102935 00102959 02102964 00103082 00103253 00103257 00103577 00103609 02103819 00103930 00103993 03104126 00104252 00104902 02104989 03105100 00105188 00105497 04105510 00105785 00105951 02106389 00106461 00106544 00106813 00106851 02106988 03107158 02107243 00107256 00107537 00107550 00107570 00107685 02107863 00107916 03108116 02108261 00108264 00108327 03108416 00108487 00108508 00109232 00109414 00109758 02109923 00110149 00110259 00110316 00110388 00110442 00110470 04110480 02110487 00110587 02110600 00110777 00110825 00110891 00110926 00111019 00111113 00111163 02111351 02111357 00111372 00111393 02111503 00111793 00112226 03112236 00112263 02112356 00112441 02112556 00112673 00112702 03112795 00112883 00113040 00113131 00113377 02113442
91620941 03122 03461 02541 04573 04710 02866 041051 001227 001376 042648 002980 042989 023145 003601 003754 003845 044040 004307 034501 034663 034870 044944 005134 045322 025642 045665 046164 046205 046551 046657 027072 027118 007180 007557 027692 008082 048130 038151 028242 008306 048587 048639 028762 029031 029060 049761 0210595 0310697 0010725 0011076 0212027 0212055 0312135 0412408 0412479 0412725 0412733 0412900 0412985 0213079 0013201 0013592 0413639 0413882 0414004 0014041 0114239 0014490 0414877 0314923 0215171 0215910 0416076 0316641 0417120 0017313 0017430 0317513 0417699 0017955 0418695 0218712 0418933 0019051 0019399 0119645 0219663 0019823 0219964 0220758 0021088 0421526 0421556 0421652 0322191 0422634 0322888 0223320 0224238 0424375 0424713 0225552 0226023 0026455 0026855 0026935 0426980 0227003 0027088 0027102 0227112 0027221 0327295 0027399 0027474 0427495 0227648 0227727 0227764 0327839 0028013 0428556 0328780 0028810 0029144 0229305 0429625 0429649 0029692 0229712 0229884 0030159 0030237 0430314 0030366 0230385 0430419 0030472 0030572 0430621 0230997 0031315 0331372 0231514 0031783 0031876 0431968 0032115 0032252 0032295 0032835 0034122 0034371 0034406 0034822 0035063 0235522 0035634 0035699 0035806 0235842 0236003 0236355 0036900 0437139 0337856 0437887 0238082 0238111 0238336 0038367 0038625 0038837 0339197 0339231 0039456 0239472 0239792 0040088 0240175 0340252 0240258 0040576 0041307 0241515 0241518 0041647 0241761 0441899 0241923 0241977 0242432 0042909 0042921 0043064 0043191 0343385 0243465 0043603 0044001 0244012 0044049 0244122 0044193 0044203 0444266 0244326 0244377 0044588 0244594 0044714 0044911 0245160 0345593 0045934 0046103 0046232 0046472 0346546 0046771 0346876 0247105 0047142 0347265 0447311 0347348 0447510 0247660 0047795 0247903 0348011 0248036 0048104 0048498 0348600 0248675 0049426 0249593 0449995 0050019 0050071 0050082 0050344 0250754 0251091 0351324 0251409 0051607 0351618 0051735 0051897 0052314 0052497 0252598 0252652 0052711 0053079 0053413 0353565 0454007 0254210 0254358 0054809 0254828 0054985 0054986 0055067 0255084 0055164 0056316 0256538 0256582 0256867 0057214 0257216 0057385 0457434 0057535 0057633 0257693 0057878 0058207 0258238 0258259 0058282 0058578 0258579 0058827 0358854 0259245 0059480 0259632 0059648 0059676 0059786 0060056 0060124 0360493 0060591 0260592 0060760 0061045 0261514 0261701 0361710 0061711 0261799 0462075 0062181 0262255 0062380 0262548 0262670 0062675 0262848 0263220 0063317 0263355 0263389 0063570 0063804 0364210 0364237 0264296 0264378 0264529 0064567 0264726 0364883 0064913 0365430 0065871 0266079 0266208 0066273 0266427 0066677 0266742 0066772 0067370 0067945 0368002 0068223 0068406 0468459 0268555 0368921 0069355 0069378 0069952 0270124 0070150 0270169 0270170 0070199 0370624 0071072 0071667 0071785 0271822 0271848 0271910 0071939 0072040 0072605 0372619 0273553 0073602 0073955 0074222 0074670 0075014 0075046 0075099 0075568 0275596 0076213 0276347 0076996 0077397 0277492 0277561 0077909 0277933 0078033 0478303 0078559 0078999 0079150 0079207 0079225 0379242 0279424 0079653 0079749 0079877 0079972 0080106 0080402 0080414 0380833 0081015 0081437 0382032 0082328 0282352 0082388 0082441 0082488 0282662 0082970 0083118 0083792 0283813 0083865 0084342 0084379 0284583 0284644 0084839 0284857 0084877 0085071 0085443 0085468 0085688 0085782 0086190 0086239 0086251 0086281 0286411 0086436 0086509 0087166 0287735 0087756 0088036 0288582 0088667 0089368 0289512 0089772 0289812 0089939 0090110 0290210 0290213 0090273 0090282 0090535 0090701 0090745 0090962 0091189 0091413 0091536 0291704 0391743 0092181 0092285 0292372 0092587 0092860 0292964 0093019 0293061 0093206 0094290 0094538 0294587 0094692 0294773 0095009 0395061 0095213 0395344 0095597 0296413 0296423 0296549 0296763 0096805 0296838 0097028 0097750 0098102 0098376 0098715 0098877 0098887 0098903 0098954 0298959 0098992 0099148 0099218 0099392 0099457 0299565 0099936 00100026 00100359 03100371 00100548 00100659 03100805 02100821 00101081 00101126 00101370 02101786 02102116 00102130 00102391 00102465 00102681 00102761 00102810 02103048 03103230 00103299 02103732 00103844 02103862 00103924 00103925 00104592 00104858 02105645 00105715 00105897 00106546 00106852 00107774 00108031 00108704 02108742 00109099 00109253 00109282 00109334 00109351 00109614 00109857 00109890 00109894 00110182 00110276 00110512 00110584 00110732 02110736 00111024 03111114 02111289 00111600 00111822 00112249 00112523 00112614 00112637 00113454
91620951 0350 04103 04144 04174 02262 03386 03465 03795 00882 041002 031122 031155 031272 041491 041591 031607 031768 041785 032036 032047 042051 002124 042233 022361 032665 042712 032774 022891 043084 023249 003294 033344 043519 043550 033747 023901 024183 024212 024225 034274 034623 034690 004765 034911 004925 004951 034979 045052 005150 035275 025608 045693 035768 035933 036127 006144 036158 046257 026305 036336 016340 036583 006612 036629 036675 036847 036863 036950 027060 027199 007291 037491 007517 007816 027869 008134 038533 008744 038828 028963 039063 039159 039231 039360 009641 029666 009876 009883 039913 029952 0010014 0310185 0210536 0410544 0310682 0310861 0010904 0411432 0311454 0311617 0411733 0211894 0011910 0311950 0412081 0012178 0312334 0312363 0012415 0312568 0312718 0012740 0312811 0312839 0012879 0013073 0313208 0013392 0213432 0313484 0413500 0013775 0013862 0013963 0214005 0414222 0414658 0314873 0415164 0415266 0015291 0015359 0315467 0315482 0015500 0315538 0015583 0215639 0015679 0415855 0015918 0316024 0416116 0216223 0416434 0316665 0016759 0016920 0317010 0317088 0217165 0317180 0217264 0417316 0417330 0417455 0317565 0317694 0417787 0217918 0317976 0418454 0318559 0218708 0318719 0319135 0319184 0219278 0219352 0319430 0219519 0319682 0319729 0419756 0419799 0019877 0320037 0420275 0020666 0020701 0320766 0020805 0320927 0021039 0221063 0321277 0421294 0321510 0321668 0221671 0021813 0321904 0322113 0322228 0022243 0022291 0322379 0322424 0322480 0322522 0022536 0322570 0422602 0222734 0322747 0022966 0323124 0023206 0323554 0323645 0323653 0023686 0323719 0224182 0324184 0324206 0424515 0424553 0224577 0324592 0324897 0025345 0225437 0025506 0325646 0225731 0025813 0025848 0025882 0226107 0026118 0426151 0226210 0226250 0326314 0426446 0026759 0426836 0326867 0426878 0027018 0327054 0327137 0027214 0027236 0027292 0127573 0027715 0427883 0327890 0328086 0328180 0028230 0028414 0028417 0328505 0328551 0228809 0328975 0329409 0029685 0029686 0429719 0329756 0329805 0230325 0030431 0030566 0330733 0430784 0030813 0231235 0031299 0231314 0031369 0331402 0231597 0031636 0031647 0331855 0331943 0332040 0332140 0232218 0332285 0432429 0232529 0032763 0432821 0332890 0032919 0332936 0033317 0033340 0033449 0333586 0333702 0033703 0333914 0034039 0034040 0334078 0034374 0334379 0234473 0034479 0334499 0034557 0434764 0334817 0034839 0034876 0034933 0335078 0235104 0035388 0335652 0035740 0035915 0436047 0436248 0036318 0336418 0336442 0336587 0336806 0036926 0337092 0337391 0037395 0037469 0337529 0337566 0337768 0338080 0038217 0238235 0038299 0338378 0038379 0338483 0038647 0038884 0338937 0039029 0039054 0339100 0439146 0039201 0339342 0039578 0239751 0339793 0039805 0040151 0040290 0340892 0441109 0341245 0041542 0341695 0341745 0241789 0241840 0442029 0042115 0042240 0042413 0042557 0042630 0042935 0043047 0043272 0043324 0043395 0343710 0343778 0344026 0044117 0344157 0444200 0244239 0244292 0244319 0344340 0344395 0344434 0344462 0344617 0044683 0344700 0344737 0344762 0044844 0045026 0045155 0245208 0045459 0045540 0045570 0345750 0345788 0245936 0245954 0346008 0346013 0046051 0346139 0046280 0346354 0046496 0346611 0246710 0346740 0246756 0346922 0047158 0347234 0247292 0047333 0347356 0047412 0247453 0047609 0347611 0347624 0347892 0247948 0048113 0448192 0048202 0048218 0248306 0248354 0348384 0048510 0448611 0048869 0048941 0048996 0049404 0349467 0349528 0249728 0049747 0049867 0050030 0350037 0050061 0350114 0050119 0050171 0050209 0050371 0350812 0351082 0051270 0051403 0351486 0351546 0051561 0351566 0051710 0251921 0352063 0352625 0053084 0253416 0353517 0053606 0053722 0053747 0054003 0254029 0054128 0254169 0454270 0054319 0054381 0354497 0054512 0354588 0254719 0054799 0054863 0055069 0055119 0255204 0055406 0255470 0055498 0055530 0255690 0355804 0355930 0356045 0356123 0356162 0256498 0256743 0056926 0356933 0257511 0357564 0057575 0057921 0057983 0058021 0358086 0058220 0358394 0358570 0258833 0058936 0358937 0359162 0059200 0059228 0259241 0059361 0359366 0359512 0359563 0059615 0059730 0059755 0059948 0060188 0260407 0360532 0061047 0061140 0061163 0361278 0261317 0061449 0261479 0361593 0061672 0061774 0361788 0261806 0361881 0261922 0061975 0062144 0062227 0062299 0062470 0062501 0062544 0362616 0362749 0362949 0063228 0263246 0063288 0063460 0363618 0063712 0363731 0063810 0264042 0364124 0064205 0064459 0264628 0064701 0064755 0064826 0064837 0064882 0065038 0365117 0065152 0365164 0065212 0065403 0365465 0365481 0265503 0265668 0065793 0065881 0365888 0065909 0065911 0266030 0366035 0066262 0366276 0366313 0366378 0366980 0067036 0067059 0067134 0067288 0367303 0067530 0367858 0368017 0368107 0068110 0368195 0068318 0368343 0068451 0268618 0068662 0068711 0068720 0068727 0068953 0069049 0369056 0069203 0369286 0069414 0069438 0069536 0069590 0069594 0369767 0069831 0369883 0070095 0070103 0070264 0070265 0070415 0071018 0071048 0071118 0371133 0371150 0071159 0071271 0271584 0371838 0071880 0071899 0271922 0372074 0072088 0372233 0072392 0272396 0072488 0072642 0373160 0073187 0073202 0073324 0073534 0073917 0074690 0374709 0374735 0074827 0074995 0075107 0075172 0075288 0075479 0375492 0075558 0075581 0075707 0375760 0075939 0376052 0076169 0076295 0376602 0276778 0076878 0076887 0077033 0077145 0077240 0077322 0077354 0077468 0077618 0077669 0077682 0077842 0077879 0077901 0078051 0378117 0378126 0078335 0078365 0078467 0078687 0078746 0079047 0079073 0379113 0479222 0079270 0079548 0079750 0079811 0079887 0080139 0080147 0380152 0280222 0080471 0080528 0080631 0080732 0380743 0080798 0380861 0080951 0081105 0381147 0081499 0081510 0081539 0081546 0281572 0081625 0381678 0081859 0082085 0082134 0082230 0382568 0082588 0082633 0082648 0082667 0082740 0383403 0283546 0384011 0084143 0384168 0084543 0084742 0385253 0085333 0085737 0086008 0086113 0086337 0286357 0386452 0086681 0086794 0386874 0286928 0087025 0087165 0087210 0387245 0387337 0087378 0087539 0087589 0087596 0087739 0087763 0287884 0287956 0087977 0388150 0288437 0388467 0088659 0088745 0388808 0088866 0089197 0389206 0389273 0389319 0089322 0089592 0089754 0289802 0089911 0390017 0090386 0090591 0090654 0090813 0091068 0091318 0091346 0391354 0091419 0291456 0291464 0091466 0091562 0091694 0091765 0291836 0091936 0091983 0292044 0392071 0092145 0092350 0292357 0092696 0292709 0292820 0093062 0093091 0093152 0093553 0093598 0093732 0393805 0093910 0293937 0093955 0093957 0094172 0094181 0294268 0094477 0095196 0095251 0095261 0095268 0095296 0095459 0395593 0095629 0095661 0095994 0296166 0096216 0296293 0096304 0096370 0096662 0096906 0396989 0097182 0097570 0097674 0097698 0097713 0097770 0097895 0097900 0097980 0098314 0098566 0098587 0098592 0298727 0298734 0098934 0098961 0399153 0099419 0099573 0099769 0099848 0299888 0099908 00100067 03100227 00100580 00101048 00101169 00101223 00101233 00101412 00101438 00101497 00101878 00101911 00101956 00102085 00102519 00102923 02103001 00103107 00103149 00103280 00103383 00103484 00103504 00103688 00103801 00103967 00104400 00104464 00104596 00104879 00105029 00105072 00105157 02105251 03105366 00105375 03105617 00105730 00105765 00105838 00105842 00105846 03105902 03105932 03106091 00106161 00106274 00106284 02106567 00106692 00106701 00106730 00106831 00106882 00107192 00107220 03107280 00107405 00107424 00107445 00107682 00107698 00107827 02107829 00107900 00108050 03108056 00108162 00108197 00108262 00108310 00108386 00108490 00108578 00108701 00108773 00109158 02109354 00109591 00109627 03109637 00109715 00110162 00110208 00110264 03110328 00110350 00110430 00110672 02110747 00110749 00110814 00110945 00111344 00111378 00111647 00111666 00111773 00111851 00111904 00112111 00112388 00112520 00112636 00112677 00112690 00112764 00112827 00113021 03113048 00113085 00113164 00113211 00113294 02113494 00113596
91620961 03129 02273 00384 04431 03872 02877 021020 021048 041054 001521 001623 031790 022632 042694 023616 043994 034121 044181 024208 024346 034446 024666 034774 034902 045239 005286 035329 025393 035396 025475 025515 025658 025754 036138 006160 026263 046295 046613 046628 036810 036933 007289 007318 007395 037458 037579 047688 038080 048083 028478 008556 049274 029552 009598 039622 039672 009805 009975 009979 0210017 0410775 0310901 0010902 0311232 0411239 0211537 0411589 0011591 0211642 0011698 0011703 0212023 0212065 0312195 0012214 0212281 0312423 0012554 0012747 0212779 0012914 0212980 0213113 0413209 0013264 0013271 0313360 0213485 0213507 0413679 0213866 0213905 0014392 0314495 0314591 0414747 0314917 0015095 0015294 0015820 0415921 0316117 0416287 0016439 0016490 0416505 0316555 0416688 0316850 0017127 0417223 0017261 0017486 0417707 0217986 0018212 0418373 0318439 0118530 0018611 0318618 0218749 0118904 0218918 0018920 0418953 0219055 0319128 0219262 0419306 0019332 0219448 0219654 0220055 0420112 0020265 0020560 0020728 0320746 0021069 0421192 0021202 0221432 0021433 0321603 0321662 0221706 0421833 0221909 0022045 0022805 0322952 0022978 0423072 0423356 0023441 0323538 0424031 0024064 0224398 0024436 0324642 0225133 0325180 0425484 0425513 0025943 0425954 0426099 0326244 0226329 0026349 0026449 0026473 0026709 0426741 0226818 0026824 0326993 0227438 0027478 0027515 0027611 0227633 0327755 0027796 0027846 0427968 0028275 0428350 0028586 0329064 0029315 0029456 0229612 0030175 0230738 0030748 0031104 0231383 0031394 0031599 0431604 0231719 0431727 0032008 0032312 0032381 0232494 0232507 0232764 0032851 0332854 0233234 0233830 0034313 0034376 0034493 0034584 0234858 0234940 0234942 0035075 0235204 0035574 0035781 0035827 0035874 0036043 0036164 0036383 0036551 0236776 0236815 0036834 0236844 0036929 0237062 0337214 0437491 0037593 0237638 0037658 0037691 0337851 0438053 0438156 0238173 0238204 0038459 0238523 0038601 0338720 0438802 0038861 0438967 0239025 0039041 0339250 0039555 0239749 0039831 0439949 0040250 0040253 0340455 0040593 0040755 0341375 0441959 0042149 0342252 0242313 0042395 0042456 0242461 0242597 0342598 0343188 0243382 0343487 0243624 0043691 0243950 0043975 0044089 0044258 0244359 0044535 0044647 0244684 0245094 0045113 0045269 0245375 0245456 0445498 0045643 0046019 0246186 0246188 0046222 0046348 0446477 0246840 0347095 0047221 0247334 0247373 0047581 0047693 0047905 0247930 0048008 0248166 0248199 0048213 0248283 0248649 0248769 0049330 0249350 0049577 0049617 0249663 0049664 0049871 0050122 0050227 0350354 0350639 0050714 0050901 0350937 0051226 0051887 0251954 0052030 0252100 0052102 0052269 0052396 0252488 0052560 0352693 0052783 0352790 0252813 0053022 0053056 0053232 0253360 0053437 0053456 0253535 0054397 0054613 0254623 0254681 0054867 0054920 0354994 0255007 0255034 0255059 0055101 0255135 0055279 0255459 0055522 0255545 0255593 0055598 0055962 0056047 0056076 0056095 0056305 0256333 0056337 0056573 0056593 0056666 0256924 0057096 0057171 0057194 0257346 0357729 0057813 0258121 0258165 0058710 0058800 0258810 0058838 0259036 0059088 0059490 0259501 0059594 0259604 0059622 0259751 0059841 0059904 0060004 0060223 0360310 0260412 0260448 0060756 0060951 0261023 0261129 0061147 0261225 0261291 0061310 0061427 0261509 0061569 0361804 0061892 0362334 0062339 0062439 0062455 0062890 0062907 0062987 0063082 0363304 0063348 0463361 0463505 0064025 0064148 0064165 0064199 0464246 0064368 0064399 0064520 0064550 0264581 0064689 0064906 0065050 0065115 0365249 0065267 0065338 0365438 0265611 0265665 0065745 0065938 0366060 0066189 0266197 0366265 0266532 0266583 0066753 0066906 0067264 0067336 0367494 0067636 0367659 0067802 0067915 0068077 0068155 0368198 0068288 0268578 0068814 0268820 0068916 0068959 0068960 0369172 0269230 0069320 0269343 0369388 0069571 0269643 0069750 0369829 0069851 0069924 0070032 0070062 0270234 0070290 0070480 0070550 0070672 0070675 0270737 0070792 0070827 0070939 0071005 0071074 0071170 0371231 0271325 0071347 0071459 0071554 0071638 0071781 0371904 0072028 0372035 0272116 0272259 0072631 0072796 0072823 0372901 0072906 0072952 0072998 0073268 0073271 0073327 0073437 0273484 0073505 0273597 0073659 0073842 0273948 0273960 0074096 0074248 0274321 0074351 0274354 0074404 0074420 0074546 0074577 0274676 0074741 0074968 0375199 0075361 0075395 0075829 0076023 0376112 0076243 0076289 0076356 0076431 0076474 0276623 0076641 0376723 0076821 0077069 0077137 0277235 0077245 0077459 0277726 0077783 0077945 0278185 0078357 0078361 0078460 0078553 0278884 0078978 0279007 0079050 0079375 0079422 0079443 0080047 0080097 0080299 0080683 0081017 0281025 0081343 0081458 0081505 0081698 0081964 0081971 0282084 0282301 0282556 0082632 0082734 0082972 0283055 0083060 0283266 0083401 0083428 0083579 0283669 0083839 0283919 0084020 0284113 0084138 0284343 0084651 0084662 0084730 0084739 0084836 0084955 0085014 0085186 0085219 0085245 0085291 0085528 0085730 0085745 0085876 0085902 0085983 0086089 0086416 0386432 0086528 0086542 0086590 0286796 0086801 0086805 0086868 0086935 0086937 0087216 0087467 0087758 0087885 0087923 0088163 0088198 0088202 0088272 0388314 0388953 0088954 0088972 0089231 0089601 0089757 0289928 0089938 0089988 0090008 0290408 0090969 0391186 0091299 0391374 0091496 0091522 0291610 0091660 0291677 0091978 0092010 0092150 0292280 0092476 0092542 0092739 0092834 0092958 0093151 0093463 0093701 0094023 0094096 0094108 0094144 0094155 0094272 0094455 0094473 0094500 0094553 0094701 0094727 0394740 0295164 0095212 0295254 0095256 0095347 0295429 0395497 0095646 0095659 0095683 0095732 0095823 0095830 0295968 0096032 0096102 0096181 0096251 0096266 0096279 0096395 0096481 0096484 0396536 0096618 0096849 0097016 0397071 0097076 0397107 0097796 0097902 0097940 0097945 0097984 0098005 0098131 0098306 0098377 0398595 0098631 0298687 0098787 0299004 0099083 0099107 0099116 0099170 0099194 0299284 0099380 0099405 0099447 0299454 0099782 0099853 00100020 00100091 00100271 00100380 02100450 02100599 00100692 03100756 00101015 00101162 00101316 02101365 00101372 00101493 00101523 00101888 02101928 00101962 00102305 00102342 00102623 02102649 00102667 02102673 00102867 00103013 00103028 00103329 03103418 00103423 00103521 00103557 00103817 02103971 00104102 00104128 00104175 00104287 00104585 00104610 00104654 00104677 03105096 00105097 02105147 00105227 00105275 00105391 00105649 00105680 00105817 00106253 00106280 00106488 00106557 00106934 00106967 00107054 02107246 00107519 00107640 00107665 00107924 00107937 00108078 00108536 00108541 00108559 00108632 00108764 00108791 00108844 00108859 00108877 03108891 00109002 00109415 00109457 02109556 03109703 00109750 02109770 00109786 00109921 00109990 00110335 00110537 00110611 00110895 00110925 00111034 00111105 03111107 00111124 00111135 00111273 00111614 00111701 00111705 00111712 00111761 00111910 00111981 00112215 02112492 00112500 03112647 00112680 00112695 00112873 00112901 00112903 00112986 02113007 03113014 00113044 00113078 00113097 03113278 00113288 00113375 00113389 00113587
91620971 03261 02537 00717 03725 03983 041114 031357 001642 001853 041898 022317 032788 042799 002834 032872 043621 033673 003732 033850 004235 004593 035125 005280 005359 026119 026620 046703 036748 047015 027249 047676 007751 008048 018186 008264 009032 029049 049225 0010219 0210490 0010629 0210786 0210984 0012095 0212424 0412769 0013282 0313325 0013340 0413794 0013967 0314285 0014313 0314633 0214883 0415038 0315129 0015182 0215258 0015414 0316678 0417001 0017235 0417341 0317456 0017949 0317963 0018110 0018117 0018181 0018252 0018491 0018639 0418703 0318723 0218739 0418916 0019392 0419525 0019886 0319988 0020052 0320321 0020335 0320458 0420708 0421223 0021240 0021599 0322526 0222639 0022834 0222972 0023104 0023661 0023708 0023853 0224111 0024147 0024280 0324532 0224644 0224788 0025112 0025219 0225512 0225700 0025950 0226137 0026277 0226459 0426508 0026584 0026890 0327029 0027039 0027139 0027333 0027453 0227689 0027761 0027787 0328404 0428533 0028694 0029158 0329301 0329558 0029819 0229834 0329874 0229961 0030662 0030712 0030830 0031024 0031400 0031488 0232114 0032282 0432768 0432838 0232934 0033006 0233715 0234682 0234780 0234830 0334866 0435038 0035067 0035069 0335127 0036033 0036070 0036204 0237500 0037917 0038324 0038365 0038436 0038849 0238869 0038882 0339018 0039293 0039442 0039665 0339783 0040332 0040335 0040497 0341024 0241150 0041203 0341424 0041642 0042059 0242108 0242202 0242554 0042579 0342729 0042813 0242856 0042940 0243057 0043546 0043615 0243656 0245287 0045513 0245985 0346011 0046084 0246320 0046448 0346464 0046708 0246709 0046750 0246877 0246896 0048573 0348605 0048767 0348775 0248891 0248946 0349213 0049377 0049700 0350514 0050746 0051164 0251239 0051289 0251798 0251846 0051983 0352019 0352325 0252521 0452565 0052663 0053028 0053236 0053295 0053412 0053480 0253862 0353875 0053910 0053941 0054712 0354810 0255137 0055417 0055467 0055519 0355791 0055875 0056003 0056063 0056200 0056317 0056345 0056445 0056768 0056868 0256882 0056959 0056981 0057404 0057570 0057697 0058396 0058410 0258709 0058758 0358906 0059125 0260067 0260260 0260618 0060889 0060990 0061362 0261594 0061689 0261730 0261887 0262151 0362464 0062736 0262883 0062927 0263205 0263368 0063654 0063786 0263926 0064087 0064182 0364858 0465206 0365330 0065370 0065493 0066145 0366384 0066529 0066778 0066972 0067092 0067121 0067354 0067507 0267551 0267595 0067749 0068257 0069092 0269213 0269260 0069413 0369570 0069623 0069944 0069964 0070066 0070276 0370453 0070491 0270539 0071107 0071177 0071522 0271608 0071828 0271943 0072109 0072243 0272315 0072387 0072469 0272999 0073206 0073283 0273768 0073830 0073838 0073876 0074020 0074074 0074276 0074330 0374360 0074489 0074585 0374644 0375168 0075183 0075355 0075357 0275465 0075519 0075823 0075875 0276260 0076599 0076635 0076879 0077051 0077366 0077857 0077868 0078274 0378464 0278714 0078854 0379116 0079386 0079700 0079788 0280276 0080915 0081023 0081038 0281228 0081303 0081409 0081531 0081862 0082116 0282188 0082393 0082417 0082422 0282514 0082627 0382681 0082784 0382853 0082859 0083163 0083203 0083211 0083361 0083364 0083398 0283498 0083501 0283710 0383793 0083808 0084048 0084690 0084725 0284759 0285034 0085080 0085119 0085148 0285541 0085622 0085963 0085986 0086271 0086351 0386408 0086498 0286807 0287043 0087280 0087584 0287625 0088420 0088872 0089562 0089929 0090062 0090157 0090466 0090730 0090900 0090956 0090965 0091074 0091109 0091124 0091222 0291407 0091637 0091931 0091995 0092134 0192331 0092522 0092544 0092691 0292872 0293717 0093812 0293822 0094415 0094579 0094671 0094763 0295010 0095040 0095120 0095413 0095551 0095920 0096005 0296213 0096276 0096285 0096297 0096564 0096940 0097050 0097372 0097631 0097717 0097855 0098187 0098305 0098742 0099256 0099329 0099463 0299757 0099815 00100135 00100506 00100603 00101008 00101068 00101508 00101735 00101908 00101943 00101966 02101983 00102146 02102151 00102317 00102919 00103046 00103245 02103456 00103494 00103576 00103944 00103947 02104042 00104067 00104072 00104292 00104526 00104776 00105001 00105541 00105573 03106000 00106169 03106255 00106407 00106512 00106865 02106870 00106899 00107017 00107536 00107683 00107849 00107947 00108156 00108293 00108316 00108736 00109103 00109302 00109419 00109434 00109482 03109779 00110134 00110525 00110689 00110790 00110943 00110980 00111096 00111101 02111195 00111236 00111660 00111811 00111950 00112010 02112058 00112267 00112790 00112824 00112858 00112877 00112902 00113038 00113440
91620981 02504 04693 02733 04871 041062 021258 041585 031647 042284 042392 042610 042676 042752 022979 023024 023027 043182 023483 043504 023770 044262 044513 044824 025674 045805 045869 005935 026047 046279 046421 046668 047253 037796 037997 048498 048753 009250 049420 0411446 0211667 0211872 0412222 0212351 0212721 0212812 0413245 0213391 0413966 0414210 0414608 0214740 0414799 0414934 0215067 0215126 0215178 0215249 0315264 0215402 0215424 0415588 0215661 0415717 0215751 0015814 0416012 0416150 0316691 0416737 0417132 0217322 0317644 0418282 0018615 0318798 0219081 0419658 0419727 0220127 0220233 0421426 0021822 0321995 0422248 0022250 0422409 0422758 0223142 0423370 0423930 0225514 0025896 0425982 0025992 0425997 0426128 0226254 0426302 0226558 0426641 0226783 0226834 0227379 0427482 0427780 0228500 0428513 0428713 0428824 0429230 0429239 0429421 0429676 0329732 0229735 0429827 0229984 0430061 0030345 0230372 0230536 0431075 0431201 0431243 0231364 0231630 0231811 0031946 0431947 0233219 0433262 0033953 0233988 0034530 0434712 0234736 0334982 0235014 0235742 0036263 0436471 0036509 0236676 0436719 0336771 0236934 0237173 0237228 0437414 0437425 0238029 0238067 0338160 0238516 0238806 0239072 0239475 0039674 0039803 0439854 0240222 0340230 0440465 0240632 0240960 0242327 0242496 0243531 0243633 0044136 0244454 0244473 0044645 0345251 0445482 0246249 0246343 0047350 0247471 0248107 0248909 0248961 0449018 0249480 0349566 0449609 0049922 0449965 0050213 0050231 0250352 0350938 0251346 0451721 0251918 0052201 0452343 0452769 0252835 0253014 0053289 0253524 0054518 0254627 0254764 0255012 0255110 0055628 0056192 0056377 0256432 0057000 0457223 0057538 0057689 0057708 0057851 0058796 0259042 0059165 0259440 0259533 0459847 0259953 0260700 0460913 0261030 0061252 0061719 0061835 0263033 0263070 0063121 0063184 0163331 0263493 0364244 0264462 0265274 0265828 0266039 0266391 0066717 0066747 0266948 0067604 0267643 0268007 0468184 0468520 0268579 0068631 0269363 0069764 0069874 0270283 0071423 0271449 0071725 0272711 0272795 0073359 0073802 0074927 0075305 0075408 0275770 0275980 0076359 0276650 0376655 0077105 0077685 0277963 0078097 0078273 0078654 0079188 0380084 0280707 0081211 0281401 0281927 0282216 0083143 0083521 0283628 0083654 0283661 0083922 0284287 0284990 0085968 0086080 0086581 0286921 0087533 0087549 0087667 0288010 0088041 0288054 0388366 0089056 0289143 0089582 0289660 0089672 0289910 0290733 0091283 0291746 0392102 0092730 0093544 0093562 0295498 0095548 0095734 0096790 0296910 0097051 0297120 0097400 0297675 0099158 0099705 0299713 00100481 02100565 00101424 00101425 00101542 02101706 00102145 00102540 00102984 00103540 00103789 00104352 00104388 02104964 00105443 00105488 02105950 00106484 02106648 00106650 00106785 00107574 00108046 00108820 02108931 02109872 00111036 02111935 03112191 00112581
91620991 0048 0088 00133 00190 04208 00365 02400 03507 03603 04644 00924 04992 031119 021158 041313 041326 041364 021386 001518 031589 041651 031656 021713 041928 022037 022099 032108 022211 042526 032542 022629 042679 002706 002766 002813 003123 033265 003371 033399 023467 033615 033726 023862 033948 003949 003971 003993 044133 034146 044197 044265 044325 004329 034495 034566 004684 044715 004756 044762 024779 004996 005022 045315 005342 035454 005579 025644 005996 036100 036108 046111 036361 046439 016456 036593 026766 036829 046955 036968 027137 037210 027218 037282 047386 037481 047548 027582 037603 037697 037771 037784 047806 038040 028154 048246 038276 028298 028317 038480 008642 038695 049115 049359 039402 039680 039751 0310056 0310193 0210235 0310316 0310372 0210415 0010419 0010537 0310649 0010659 0010854 0410882 0310956 0210980 0311069 0011095 0011113 0311143 0211260 0311443 0211485 0311501 0011595 0311641 0011643 0311724 0311867 0312048 0312254 0212264 0312290 0312337 0212637 0012765 0012862 0012930 0012954 0013092 0313233 0313435 0013473 0313474 0213665 0413803 0414015 0214017 0414019 0214022 0014195 0314223 0414391 0014406 0014440 0314454 0414525 0014547 0314555 0314578 0014657 0314699 0314704 0314762 0014771 0314943 0114956 0415131 0315515 0415601 0015757 0415875 0415957 0216059 0416271 0416349 0216510 0016632 0216651 0316656 0016664 0316734 0416853 0017121 0417122 0217149 0317287 0217405 0417657 0018083 0218127 0418184 0018187 0418190 0018200 0218591 0318788 0018826 0318870 0019240 0319269 0319328 0319438 0319445 0319548 0019632 0419641 0319689 0019759 0319831 0019836 0019842 0219995 0020487 0020690 0320778 0320919 0320938 0020963 0421058 0221087 0321170 0021179 0021246 0321316 0221497 0021532 0321566 0021766 0221858 0421867 0221970 0321976 0222136 0022140 0022261 0022271 0322541 0322694 0022729 0422891 0323029 0023144 0423217 0023264 0323276 0023304 0223586 0023659 0323746 0323757 0323764 0023783 0223798 0323832 0023841 0424094 0024143 0224247 0024485 0324733 0424828 0425072 0225267 0025305 0425383 0225785 0325850 0025967 0326025 0026052 0026173 0326413 0026430 0026434 0326513 0326541 0026703 0426738 0226894 0326930 0027065 0327119 0227183 0327216 0327817 0427929 0027965 0428110 0328163 0328252 0228319 0028491 0028550 0328594 0028618 0428642 0228731 0329042 0029145 0029459 0329701 0329747 0229780 0029914 0029999 0330045 0330052 0330059 0230195 0030265 0430309 0030477 0330508 0030625 0030635 0030736 0230783 0030789 0230879 0030936 0031001 0031090 0331219 0031238 0231462 0031476 0031512 0231560 0031578 0331596 0031598 0331704 0031724 0331729 0031735 0431798 0031813 0331853 0031936 0232022 0332047 0332080 0032082 0332121 0032146 0032162 0032297 0232308 0232486 0232556 0332557 0232565 0432836 0032842 0032845 0232990 0033008 0333018 0333099 0433122 0333154 0233177 0333243 0033313 0033367 0033374 0333664 0033675 0033705 0333726 0333807 0333969 0433974 0234280 0034547 0034601 0234701 0034746 0334786 0034816 0334832 0034980 0035062 0235105 0235199 0435334 0335630 0335785 0335818 0235829 0435837 0335865 0435876 0036054 0036056 0236123 0336254 0336347 0036515 0336543 0236555 0036556 0036671 0336709 0336737 0436783 0336913 0337084 0037089 0037200 0337360 0237408 0037542 0337598 0037633 0237736 0337784 0237845 0037855 0038095 0338468 0038473 0038488 0438585 0338644 0438688 0238812 0039187 0239227 0339444 0039737 0039882 0340004 0040127 0040294 0040458 0340514 0040654 0040683 0040854 0040885 0040916 0040918 0241027 0141077 0041279 0041333 0241340 0341347 0041939 0042156 0042349 0242361 0042527 0342683 0042707 0042868 0342872 0243073 0043087 0043102 0243144 0043798 0043806 0343851 0043872 0343884 0043893 0244007 0344050 0344132 0044263 0244278 0044288 0344354 0344407 0044439 0044687 0244706 0244805 0044809 0045082 0045096 0045255 0045293 0245334 0445417 0045433 0245491 0045666 0045717 0045759 0045819 0045852 0045888 0345929 0345974 0346101 0246146 0246172 0346283 0046542 0046599 0046875 0046907 0347046 0047137 0247151 0347215 0247337 0047415 0347434 0047499 0047568 0347767 0047779 0447804 0347918 0247931 0047954 0047995 0048123 0048182 0048232 0248325 0348389 0048413 0248414 0048548 0048576 0048779 0248789 0348807 0248862 0049331 0049422 0049495 0249514 0249560 0049635 0349761 0350120 0250162 0050194 0050332 0350333 0050356 0050405 0050579 0050689 0050700 0050826 0050848 0051004 0051058 0251066 0251074 0051234 0051323 0351438 0051491 0251536 0051560 0051643 0351765 0051911 0051949 0052035 0052086 0052111 0352243 0052377 0052425 0052450 0052585 0052683 0052893 0052953 0452986 0353216 0053222 0253262 0253388 0353420 0053537 0253602 0353670 0053765 0053826 0053946 0353991 0053992 0054039 0354081 0354378 0054384 0054424 0054450 0054485 0354549 0054666 0254757 0354909 0055039 0355083 0355200 0055241 0255450 0255609 0055622 0355668 0255822 0055897 0056031 0056113 0356156 0056179 0356617 0056629 0256935 0057226 0357321 0057397 0357551 0357723 0057747 0457784 0257785 0057953 0058159 0358337 0258345 0358354 0058439 0058604 0458624 0258660 0058673 0058697 0358923 0358975 0359234 0059447 0059596 0059861 0459897 0359963 0060010 0260120 0060121 0260441 0260510 0260533 0060581 0060688 0360746 0060796 0061123 0261180 0061181 0361182 0361332 0061383 0061404 0261411 0261567 0361649 0261667 0261707 0261738 0261822 0361941 0261976 0061997 0062141 0062208 0062230 0062378 0062382 0062667 0362686 0262881 0362951 0063001 0063039 0063144 0063206 0063231 0063253 0063261 0363763 0363975 0364038 0064040 0064059 0064115 0264152 0064166 0464255 0064329 0064337 0264350 0464369 0064387 0064428 0264464 0264522 0064639 0064697 0064805 0064821 0064857 0365252 0065294 0065414 0065441 0265519 0365549 0365743 0065788 0065792 0065809 0065939 0065951 0365976 0265989 0066114 0066143 0466171 0066205 0266242 0066288 0066410 0066414 0366478 0366654 0266707 0066932 0066943 0067072 0267140 0367298 0267413 0067491 0267516 0067584 0067646 0367666 0067667 0067899 0067910 0067970 0068050 0068164 0068204 0068267 0068378 0068461 0068549 0368655 0268735 0069082 0069191 0069331 0369470 0069515 0069520 0069752 0269862 0270043 0070123 0270164 0070191 0070197 0070241 0070250 0070312 0370647 0371088 0071098 0071149 0071218 0371220 0071235 0371240 0071596 0071664 0071679 0271737 0071793 0471839 0371878 0071916 0271959 0372009 0072130 0072306 0072356 0072490 0072536 0072584 0072776 0072859 0072873 0372886 0072930 0072973 0273110 0073143 0273162 0073173 0073203 0373302 0073312 0073360 0373485 0073599 0073757 0073922 0073999 0074219 0374254 0074417 0074554 0074730 0074882 0075002 0075147 0075247 0075264 0375277 0075308 0075411 0075578 0075597 0075681 0075822 0076057 0376069 0076078 0076079 0076097 0076156 0076187 0076262 0376271 0076335 0276424 0376544 0376609 0276701 0076719 0276867 0077058 0077276 0077294 0077352 0077358 0077413 0277462 0277531 0077557 0477641 0277668 0077727 0277824 0277951 0078037 0378154 0078164 0078421 0078439 0378505 0378700 0278767 0078898 0078969 0079227 0079363 0079377 0079553 0079582 0079606 0079663 0079796 0079827 0279872 0080141 0080343 0280345 0080392 0280520 0280540 0280764 0080916 0080931 0081272 0081275 0081322 0081330 0281351 0081498 0081638 0081753 0381756 0081960 0082014 0082050 0282063 0082140 0382333 0082346 0282445 0082526 0082628 0082635 0082646 0082765 0082950 0382954 0383529 0083743 0083975 0384002 0084054 0084314 0084353 0084377 0284497 0084505 0384689 0084855 0384892 0084945 0084982 0285029 0085070 0085106 0285145 0385182 0085304 0085341 0085395 0085419 0085484 0285500 0085578 0085591 0085631 0085699 0085750 0385772 0385840 0085885 0086100 0086218 0086260 0086524 0086627 0286698 0086735 0086869 0086877 0287036 0087132 0087176 0087253 0087261 0087294 0087362 0387372 0387487 0087599 0287673 0087722 0087827 0088022 0388048 0088179 0088442 0288568 0088724 0088819 0088843 0388878 0088891 0088963 0089008 0089019 0089030 0089627 0089675 0089768 0089908 0089932 0389986 0089995 0090027 0090028 0090037 0090088 0090096 0090113 0390133 0090298 0090316 0090373 0090395 0090476 0090565 0090580 0090696 0090809 0090887 0091207 0091347 0091650 0091693 0091919 0091989 0092072 0092232 0392266 0092345 0092382 0092693 0392818 0092843 0092868 0093017 0093074 0093378 0093393 0093671 0093980 0093982 0294094 0094188 0094313 0094314 0094373 0094770 0094943 0095069 0095141 0095231 0095391 0295433 0095454 0095606 0095636 0095729 0095786 0095903 0096051 0096082 0096083 0096278 0096429 0396567 0096572 0096786 0096857 0096869 0096876 0096909 0096933 0097114 0097153 0097197 0097423 0097473 0097680 0297808 0097823 0097951 0298186 0098264 0098369 0098374 0098380 0098413 0098489 0098923 0299062 0099121 0099214 0099359 0099414 0399480 0099512 0099522 0099555 0099600 0099765 0099968 00100029 03100280 00100294 02100373 02100419 00100593 00100661 00100850 00100893 02100917 00100929 00101044 00101152 00101345 00101397 02101478 00101483 00101739 00101834 00102011 00102106 00102112 00102201 02102216 00102218 02102272 00102303 00102445 02102627 00102773 00102895 00103019 00103044 00103066 03103085 00103111 00103271 00103475 00103675 00103742 00103750 00103876 03103880 00103918 00104163 00104168 00104302 00104452 00104487 00104602 00104696 03104842 00104845 00104863 00104907 02104980 02105012 00105042 00105104 00105163 00105280 00105298 00105700 00105734 00105796 02105828 00105912 00105923 00105947 00105986 00106134 00106187 00106229 00106269 00106273 02106676 00106913 00106920 00106969 00106998 00107145 00107186 00107268 00107270 00107320 00107428 00107488 00107746 00107782 00107871 00108012 02108139 00108173 00108189 02108198 00108207 00108275 00108345 00108413 00108438 02108494 00108542 00108543 02108568 00108650 00108784 00108800 00108849 00108890 02108918 00109120 00109324 00109493 00109502 00109513 00109629 02109641 00109713 00109725 00109874 00110062 00110071 00110178 03110241 00110296 00110337 00110403 00110478 00110501 00110516 00110690 00110890 03110906 00110939 02111001 00111085 00111118 00111298 00111445 00111474 00111590 00111674 00111690 00111725 03111749 00111971 03111990 00111999 00112007 00112110 00112115 03112154 00112309 00112442 00112484 00112502 00112621 03113035 00113124 00113174 00113188 03113425 00113508 03113536
91621001 0472 02150 03240 02415 00463 04488 02568 04599 03719 02728 04860 04875 021101 041190 041200 031263 031330 041367 031680 001714 041770 041821 042128 022327 042353 032363 022398 002539 022547 022782 043072 003185 043238 043258 043262 033312 043431 033449 043561 043580 023631 003648 023795 023809 003812 043888 043950 034027 014109 034254 024261 024386 044486 044519 044575 024649 044788 044866 044910 034923 025111 025168 035266 035272 005353 045372 025484 025588 045610 005755 025761 045802 046023 046183 046189 036231 046284 046454 046477 046591 006677 036688 036732 006789 046859 046978 047055 047100 007114 037296 027324 037362 027427 037431 047529 047581 007604 027671 027772 027876 027888 047909 047915 037920 037982 037984 038136 028194 048399 038441 048630 028839 028887 029200 029223 039369 039371 039846 039854 039934 0410011 0210047 0010249 0310304 0410389 0210418 0410616 0410668 0310674 0410937 0410999 0411058 0411065 0411252 0311262 0211338 0211395 0311482 0411513 0411524 0411653 0411679 0211738 0411785 0311837 0411923 0211975 0412032 0012118 0412176 0412182 0012263 0412447 0212519 0012559 0412567 0012600 0412619 0012892 0212978 0313043 0413134 0213169 0413265 0313330 0313450 0013496 0013560 0413606 0013835 0313940 0213950 0313975 0213979 0414265 0014462 0014478 0314655 0014663 0414780 0414865 0314938 0415001 0315051 0215056 0415097 0315205 0415224 0415329 0415389 0415400 0215440 0415585 0415666 0415669 0015768 0415847 0315985 0315990 0416026 0416058 0416250 0416292 0216410 0016543 0016576 0216578 0316621 0216895 0416930 0017054 0217064 0317082 0417096 0417128 0017155 0417159 0317160 0317348 0017406 0217457 0217489 0317534 0417566 0217751 0417823 0217876 0018052 0018108 0318368 0418381 0418424 0318437 0018567 0418925 0318998 0219138 0219350 0019446 0019533 0419534 0019650 0219706 0219821 0220181 0420186 0320273 0020314 0020390 0220421 0020473 0020517 0020650 0420689 0420710 0220744 0320748 0320829 0420862 0220917 0221006 0221110 0421127 0321229 0421259 0321364 0321823 0221892 0322093 0322225 0122381 0422470 0422612 0422840 0222953 0223015 0323045 0223058 0023101 0323205 0423604 0323691 0023862 0023897 0323935 0423947 0224007 0224061 0424167 0424181 0024390 0424473 0324537 0024538 0024585 0324588 0224629 0224973 0425012 0325043 0325147 0425177 0325192 0025242 0425320 0225337 0325344 0025362 0325377 0225448 0025606 0325676 0225753 0025798 0325852 0326072 0026114 0026388 0426560 0226573 0326642 0226656 0326735 0226758 0427060 0027131 0027141 0327322 0327347 0327368 0427487 0027511 0327534 0227895 0027913 0328087 0328105 0228205 0228396 0428473 0328838 0428894 0429022 0429101 0429185 0029187 0429266 0029291 0029332 0329485 0429671 0429820 0429830 0329869 0229986 0030263 0430503 0430561 0030615 0330928 0230976 0331100 0031105 0431132 0231143 0431147 0231148 0231176 0031182 0231296 0431389 0231416 0331448 0431552 0231764 0331780 0331944 0432012 0032103 0332213 0432254 0032267 0432399 0032434 0232441 0032505 0232603 0332647 0432668 0032707 0032860 0332918 0233000 0033093 0033322 0033457 0333530 0433633 0033643 0433725 0033980 0234027 0034266 0334325 0334327 0234664 0334860 0034877 0234929 0234938 0334951 0435033 0235098 0435100 0435234 0235285 0235350 0335390 0335515 0335539 0035589 0235780 0235823 0335825 0235855 0336326 0236357 0036410 0236446 0336797 0436861 0336915 0437026 0337035 0037094 0237140 0237154 0437278 0237303 0037413 0037614 0437710 0337720 0437859 0037966 0238090 0238352 0038373 0338374 0338450 0238510 0438542 0039188 0339192 0339224 0039228 0039259 0339441 0039564 0039589 0439791 0239815 0440269 0240384 0040520 0240642 0040757 0340789 0040963 0040965 0440972 0440977 0040996 0240998 0241103 0441167 0041168 0041342 0041436 0041465 0241539 0041775 0441893 0341912 0442008 0242068 0442266 0342305 0242331 0442459 0042462 0242840 0042963 0343355 0043433 0043508 0243638 0343646 0043716 0343784 0243809 0243899 0343971 0244218 0044264 0444272 0044458 0444527 0244658 0044720 0444734 0045185 0345301 0045458 0345464 0045587 0045678 0245849 0046122 0246128 0046272 0446380 0046526 0346580 0246808 0346997 0347007 0347353 0047381 0347382 0047390 0047426 0247444 0247508 0347616 0247735 0047887 0447978 0247994 0248129 0248197 0248243 0348254 0448423 0048473 0448483 0348592 0248774 0048852 0449187 0449198 0249255 0049286 0349694 0249787 0249807 0249891 0249905 0049951 0350142 0250238 0350279 0250337 0350580 0250671 0050692 0050772 0050896 0350961 0451030 0251106 0251113 0251130 0251220 0051268 0051507 0351521 0051526 0251623 0251741 0451760 0251777 0351871 0252022 0452151 0352250 0252254 0252293 0052431 0052469 0052513 0452523 0052526 0052573 0452619 0352858 0252864 0053032 0253061 0053244 0053419 0053497 0053553 0253825 0254030 0054125 0254181 0254186 0254277 0454352 0354379 0254467 0054671 0054747 0054881 0054945 0255157 0055191 0355322 0055444 0255503 0355654 0355702 0255711 0055917 0056244 0356289 0256553 0356633 0056733 0257009 0457016 0057037 0457293 0057373 0057537 0357572 0057614 0257744 0357765 0257818 0058119 0258151 0258189 0258203 0058260 0058313 0058440 0258450 0058504 0358512 0358520 0058682 0258719 0258776 0258970 0059109 0259115 0059154 0059191 0259584 0259990 0260180 0060237 0060421 0260477 0060655 0360684 0260695 0260739 0260811 0261233 0361403 0361407 0261603 0061745 0061792 0361969 0062006 0262123 0362143 0062458 0062607 0062688 0262694 0062755 0062832 0062909 0062981 0463147 0063221 0463242 0263256 0063293 0363370 0263409 0063491 0063580 0263672 0063872 0364069 0264179 0064243 0064358 0264505 0064645 0264649 0064682 0064799 0464995 0365090 0265203 0065217 0065246 0065399 0265423 0265447 0065950 0266049 0266128 0066129 0266150 0066225 0266285 0066430 0366624 0067447 0267478 0067542 0067581 0267953 0268039 0268048 0268208 0068361 0268465 0368493 0068513 0068624 0468628 0068716 0368743 0068818 0368981 0068990 0368999 0369069 0069234 0269253 0069291 0369323 0269403 0069766 0069972 0070060 0070087 0070370 0070530 0270631 0070807 0070900 0271078 0271318 0271380 0071599 0272055 0072188 0072208 0072260 0072359 0072524 0073056 0073170 0373467 0073650 0073672 0273739 0273743 0373979 0374139 0474325 0074334 0074791 0075150 0275181 0475193 0275235 0075460 0375563 0075704 0076034 0076085 0276136 0076343 0276416 0076441 0076621 0076626 0076674 0076687 0276715 0076775 0076853 0077067 0077196 0077201 0077379 0377386 0277415 0077471 0077658 0077780 0277812 0277946 0078027 0078081 0078271 0278340 0078446 0078448 0278495 0078502 0078508 0078624 0278631 0278644 0378666 0278677 0278774 0278813 0278928 0279444 0079551 0079742 0479758 0079794 0079932 0479958 0080005 0280154 0080206 0080301 0080378 0380422 0080713 0280939 0080955 0081131 0081219 0281383 0281414 0081435 0081451 0081468 0281765 0081894 0081922 0082053 0282108 0082507 0082678 0082746 0082871 0082911 0083225 0083268 0283340 0083482 0083819 0083857 0083896 0383952 0084026 0084293 0084351 0384421 0084434 0084516 0084647 0384784 0084845 0285062 0085090 0085305 0085353 0385586 0085733 0085738 0285793 0085806 0285880 0085970 0086094 0086150 0286151 0386287 0086304 0286421 0286435 0086503 0086583 0086775 0086840 0087379 0087434 0287443 0087461 0087490 0087869 0387979 0088152 0088493 0088651 0388695 0288785 0088882 0389039 0089224 0089318 0289453 0089529 0089788 0089810 0389834 0089839 0090050 0090089 0090147 0090530 0090991 0391279 0091509 0291603 0391756 0391924 0092281 0092325 0292338 0092463 0092569 0092571 0292996 0093040 0093097 0093119 0093207 0093268 0093327 0093341 0093422 0093482 0093495 0093525 0093629 0093791 0093816 0093845 0093858 0093995 0294007 0094214 0094262 0094287 0294303 0094351 0094404 0394585 0094590 0294617 0094669 0094737 0094886 0094947 0294970 0095184 0095313 0395445 0095750 0296157 0096164 0296258 0096432 0296443 0396473 0096566 0096759 0097137 0397179 0397203 0097341 0297362 0097366 0097474 0297581 0097768 0097997 0098022 0098071 0098235 0398347 0098408 0298458 0398503 0098515 0398551 0098627 0098781 0098814 0099023 0299081 0299290 0099338 0399375 0099539 0099557 0399666 0099676 03100040 00100098 02100710 00100920 00100954 00101108 03101118 00101641 00101692 02101734 00101751 00101758 00101894 03102405 00102600 00102844 00102875 00102904 00103220 00103222 00103304 00103313 03103364 00103464 00103467 00103472 00103560 00103797 00103958 00104336 00104556 00104804 00104874 00104936 00105350 00105377 02105707 00105716 00105791 02106256 00106291 00106536 00106636 00106908 00106916 00107191 00107352 03107458 00107686 00107737 00107946 02107953 00108065 00108172 00108991 00109031 00109102 00109154 00109191 00109218 00109299 00109390 02109501 00109777 00109838 00110026 00110033 00110376 02110419 00110504 00110507 00110831 00110844 00110908 00111488 00111663 00112099 00112126 00112155 00112360 00112374 00112378 02112584 00112623 00112646 00112753 02112855 00113086 00113214 00113218 00113340 00113373 00113507
91621011 04395 03499 03967 041573 031865 041938 032307 022419 022572 022726 003721 003800 014011 034284 024415 044577 004643 005057 025164 036186 026627 026983 027003 047109 047156 007463 027544 047741 027759 027967 028223 048357 028472 038999 049185 049427 039769 0410124 0310161 0110877 0010985 0211025 0311333 0011352 0311884 0312012 0212155 0312293 0312598 0312668 0212786 0012987 0313013 0413613 0213954 0314149 0414301 0214390 0214960 0415063 0415183 0315197 0216100 0416182 0416409 0316475 0216513 0316616 0316633 0317145 0417477 0317511 0217768 0417894 0218095 0218142 0418515 0318524 0418902 0319039 0419092 0219298 0419310 0319792 0319930 0419951 0220104 0320725 0320776 0322211 0322402 0322407 0322742 0323073 0023348 0223863 0024813 0024846 0225055 0025138 0225524 0425934 0326296 0226315 0426510 0426942 0427075 0227286 0027349 0427395 0327545 0227646 0327861 0327914 0028076 0028865 0428873 0229030 0229428 0330183 0230420 0230480 0030507 0231504 0432158 0032481 0232629 0333058 0233089 0233102 0233279 0433522 0033732 0333743 0233859 0234431 0234475 0034491 0034501 0434723 0334910 0035380 0236358 0037448 0237498 0037886 0237960 0238313 0238416 0338751 0239030 0339659 0339867 0041831 0041954 0242370 0242712 0242758 0243410 0243592 0243810 0044378 0444553 0045197 0445236 0245711 0045912 0045973 0246064 0046501 0246582 0246631 0347416 0348627 0249273 0349518 0050651 0251446 0051590 0051596 0251933 0052036 0053676 0253874 0054468 0254640 0054678 0054782 0354869 0254883 0255043 0355927 0356009 0056054 0356326 0056531 0056613 0056792 0056999 0257073 0257107 0257279 0257287 0257307 0357442 0057736 0057740 0057839 0358882 0259397 0360225 0360397 0260585 0260620 0060944 0061253 0061269 0261522 0061820 0261878 0062346 0262369 0262422 0063066 0063124 0263363 0063422 0064061 0264335 0064586 0065109 0065556 0365681 0065756 0065944 0266103 0266211 0366633 0266794 0267025 0367195 0267267 0267606 0067627 0068254 0069225 0069903 0370759 0070850 0270867 0071122 0271901 0071983 0272785 0273072 0273101 0273464 0373487 0073496 0273690 0073709 0073906 0074041 0074258 0074300 0074754 0274806 0074826 0075798 0275871 0076216 0076220 0076270 0276517 0076834 0077023 0077043 0077345 0077484 0078242 0078783 0079428 0079616 0079851 0379871 0079880 0079892 0379908 0380368 0080882 0281186 0081692 0081807 0081826 0081908 0082128 0082426 0382936 0082961 0083103 0083128 0084029 0084052 0084531 0084602 0084612 0284621 0284942 0285114 0085489 0085972 0386110 0086391 0086851 0287273 0087312 0287326 0287514 0387882 0088245 0288471 0288909 0089369 0089526 0089681 0289703 0089760 0290172 0090206 0290367 0090885 0290923 0091163 0091479 0391952 0092119 0392461 0092521 0092681 0292789 0293053 0093216 0093797 0094229 0294700 0094887 0095724 0095776 0096272 0296806 0096880 0096935 0396984 0097048 0097848 0098019 0098302 0399007 0099466 0099580 0299784 0099797 0299813 0099840 0299894 00100228 00100316 02100452 02100484 00101005 00101300 02101428 00101514 00101637 00101718 00101832 00102033 00102924 02102983 02103295 02103427 00103584 02103645 00103939 02103989 02104325 00104621 00105110 00105161 00105335 00105397 00105525 02105641 00105751 00106288 00106316 02106918 00107046 00108097 03109254 02109584 00109682 02110407 00110740 00110817 00110849 00110910 00112002 02112208
91621021 0489 02166 03178 02197 03225 03301 04449 03623 00653 00748 02824 03946 03989 041014 031015 041126 021205 031207 031214 041504 031600 041603 031659 031724 031895 031935 031971 001982 032166 032264 032452 032458 002527 042619 042739 042801 032929 032990 043014 003066 023203 043247 043314 003350 043535 043555 003668 033670 043860 023910 003989 004151 034182 024343 044408 044497 044524 024554 034635 004688 024907 035017 035068 035089 045363 025500 005568 035603 005704 005889 035983 036037 036237 046314 036564 026596 036649 036819 046949 006951 006969 036975 037287 037290 007305 047383 047550 007606 047897 047986 038050 038061 018092 028218 048333 048343 048446 038489 028534 038568 028644 028728 048778 038883 038935 008957 029079 049169 049246 009268 039531 029535 009559 049693 049776 029794 009962 039981 0310164 0310229 0210243 0210246 0310310 0310355 0310406 0310465 0010623 0010664 0410673 0010798 0310849 0210913 0211073 0311161 0411267 0211359 0211475 0311546 0311630 0311651 0411750 0311767 0311789 0411836 0311877 0011905 0011936 0411966 0311981 0212002 0012062 0212146 0012167 0412343 0312593 0412829 0012852 0412860 0313041 0313205 0013248 0213549 0313709 0313766 0313839 0014144 0014176 0014231 0314235 0014282 0314303 0314419 0014465 0414557 0214812 0214844 0014887 0314989 0415019 0015140 0015260 0315261 0015374 0015383 0415417 0015453 0415458 0215460 0215605 0215620 0115821 0316147 0016197 0416274 0216281 0416324 0016400 0316426 0416597 0416605 0016836 0316931 0016938 0317039 0217056 0017191 0017257 0017491 0017626 0217689 0417870 0017878 0318021 0418072 0018211 0318322 0018477 0018603 0318636 0318738 0018854 0318887 0019082 0319096 0419143 0019204 0019270 0019273 0419341 0319389 0319425 0419465 0019468 0219494 0219741 0219801 0219825 0219853 0019918 0019945 0020076 0320171 0220221 0020393 0320522 0020596 0320703 0020875 0421067 0021189 0021225 0221453 0221480 0321531 0321570 0221590 0421628 0221663 0021752 0322103 0422239 0322246 0422251 0322289 0322364 0022506 0222573 0322711 0322712 0022740 0122750 0022819 0322845 0322882 0222912 0022984 0323141 0023166 0323232 0323322 0223428 0423622 0223669 0023755 0423765 0223797 0323885 0023983 0324017 0024149 0024399 0324412 0024511 0324522 0324719 0224961 0025120 0325137 0225189 0025217 0225254 0325261 0325274 0325350 0425411 0425554 0325560 0225575 0025688 0425719 0225851 0025884 0026034 0026233 0226241 0426252 0226261 0026463 0026465 0326501 0026546 0326553 0326633 0026743 0426764 0326869 0326897 0327086 0427325 0427338 0427350 0227363 0027400 0027622 0427766 0027768 0027784 0027830 0027850 0027957 0028070 0228094 0428113 0028200 0228248 0028474 0028603 0328687 0228918 0329012 0229278 0329346 0029381 0429392 0329398 0329481 0329515 0329548 0329807 0429823 0029825 0230106 0430232 0030260 0030338 0030481 0430500 0030550 0430577 0030657 0030687 0430901 0330912 0330977 0330979 0231009 0031307 0231538 0231565 0231567 0331779 0231973 0032205 0032225 0432292 0032329 0032398 0232478 0032530 0332547 0333166 0233167 0033258 0033441 0233458 0233478 0033587 0033601 0233753 0334053 0334106 0234302 0334314 0334375 0034441 0334571 0034657 0334672 0234718 0334726 0334733 0034825 0034907 0034935 0035049 0335272 0035291 0335382 0335445 0235467 0235485 0035517 0235520 0335537 0035640 0035662 0035787 0335808 0335810 0335812 0035941 0336020 0436171 0036281 0036356 0036393 0336463 0236559 0336642 0036700 0036819 0436864 0036886 0037106 0037171 0437354 0037480 0037502 0037520 0337547 0037602 0337702 0037892 0037954 0037997 0438077 0338119 0038157 0238262 0038305 0438328 0038415 0038466 0238629 0238799 0338858 0238909 0039015 0439027 0339143 0239277 0339288 0339353 0239367 0039370 0039436 0039439 0339776 0039878 0339959 0340020 0040082 0040122 0340157 0040195 0040232 0040454 0240480 0240489 0440544 0040573 0040612 0340644 0040842 0040968 0240982 0341162 0041171 0041211 0241411 0041570 0341663 0341673 0041676 0241746 0441922 0041949 0342075 0242083 0242217 0042259 0342451 0342465 0042651 0342878 0242889 0042926 0243160 0343192 0343285 0043425 0043628 0343722 0043725 0043733 0243763 0244000 0344011 0344113 0044236 0344253 0044309 0244375 0244408 0044474 0344549 0244673 0044783 0044886 0044934 0244972 0044989 0245106 0045112 0245184 0245594 0345686 0345941 0045997 0346028 0046097 0346155 0346271 0046286 0046441 0346653 0046697 0346768 0346780 0347002 0347160 0347170 0347208 0047245 0347325 0447424 0047441 0047586 0047738 0047809 0047925 0347962 0047983 0048205 0348261 0348263 0348278 0048299 0048416 0248534 0048554 0048599 0348821 0048837 0249001 0049020 0449272 0349308 0249657 0049714 0049756 0050033 0350041 0250097 0350133 0050494 0350512 0050530 0050566 0350570 0350783 0350876 0250931 0050970 0351020 0351229 0051261 0051285 0351351 0251477 0251559 0351694 0052059 0052070 0052340 0052423 0052430 0352476 0352501 0052689 0052916 0352927 0253026 0053074 0353213 0253294 0253331 0353337 0253358 0253434 0353473 0353538 0253583 0453586 0353773 0353864 0253907 0054018 0454159 0254386 0054481 0254607 0454685 0054802 0054826 0354834 0054956 0354962 0055057 0055350 0455464 0055576 0055596 0055618 0055630 0355759 0055787 0355934 0055952 0355993 0256026 0356039 0256067 0056094 0056122 0056376 0056391 0056431 0056559 0056597 0356660 0056720 0056731 0356778 0056782 0356923 0356988 0057098 0057441 0357469 0057485 0057496 0057515 0357534 0257769 0357792 0057852 0057861 0057883 0358059 0358103 0058107 0358122 0058346 0358467 0058509 0058653 0358764 0058974 0359060 0059101 0059190 0359197 0259240 0359394 0059429 0359482 0059564 0059627 0359670 0059741 0359961 0060042 0360123 0060176 0060219 0060300 0060474 0260486 0260500 0060527 0060627 0360704 0060804 0060814 0060870 0060908 0060966 0061016 0261076 0061227 0061285 0261333 0061370 0361455 0061525 0461660 0061748 0061807 0061865 0361958 0262276 0262525 0362608 0362658 0362774 0062794 0062838 0062936 0063196 0363237 0063286 0263319 0363488 0263559 0363769 0063912 0064113 0064214 0064275 0064364 0064393 0064401 0364405 0064410 0064493 0064760 0264777 0064814 0064868 0064884 0064926 0064947 0365007 0065068 0265086 0265272 0365328 0065579 0265597 0265682 0265714 0065761 0365800 0065840 0265842 0065877 0065969 0066002 0366117 0066259 0066353 0066363 0366426 0066496 0366563 0266829 0366868 0066888 0066896 0066933 0066984 0067243 0067373 0367424 0067427 0367512 0267617 0067772 0367939 0068020 0068067 0368125 0068154 0268237 0068239 0368349 0068369 0068394 0068499 0268557 0368644 0268700 0068920 0369117 0069227 0269228 0269441 0069479 0369642 0069708 0069725 0069733 0070115 0070354 0070369 0370399 0070428 0370502 0070588 0270685 0370743 0270771 0070804 0270842 0070966 0071183 0371252 0271291 0071340 0071375 0271460 0371575 0271578 0371675 0071676 0371755 0071766 0071833 0071873 0071985 0072091 0072219 0272291 0072400 0072433 0072495 0372512 0372603 0272607 0072656 0072733 0072782 0072868 0072899 0072909 0072948 0073137 0073175 0073180 0273188 0073372 0073550 0273714 0373733 0073741 0273836 0273940 0374255 0274385 0074422 0374665 0374732 0074744 0074805 0374820 0374854 0074974 0374987 0075106 0075195 0275219 0075241 0275298 0375376 0375402 0375446 0075469 0375499 0375636 0275811 0075885 0376050 0276077 0076139 0076422 0276450 0376593 0076622 0076667 0276742 0076743 0276962 0077029 0077170 0277187 0077391 0377395 0077626 0077690 0077691 0277776 0277803 0277859 0377897 0077899 0077935 0278044 0078147 0078368 0078401 0078469 0278475 0278489 0378560 0278567 0078599 0378627 0078851 0078872 0078985 0279051 0079239 0279282 0079531 0479560 0279718 0379818 0079823 0080018 0080240 0080264 0080306 0080359 0080397 0080404 0080519 0380527 0380640 0080642 0380722 0080810 0080908 0380991 0080998 0381024 0081034 0081072 0381075 0081133 0281159 0081182 0281233 0281292 0081308 0081379 0081382 0381397 0381584 0381605 0082089 0082118 0082224 0082237 0282293 0082316 0082387 0082391 0082430 0382574 0082643 0382724 0282781 0082852 0082875 0083043 0383186 0083194 0083240 0083285 0083319 0083349 0083425 0083430 0083470 0083532 0383623 0283963 0084058 0084503 0084568 0284721 0084809 0084833 0084843 0384964 0085082 0085125 0485134 0385281 0385408 0085550 0085662 0085713 0085813 0085854 0085863 0285919 0385992 0086013 0086096 0386165 0086388 0086447 0286460 0086617 0086633 0086733 0086817 0086959 0087011 0087072 0387094 0087124 0087218 0087238 0387330 0087333 0087402 0387427 0087462 0387465 0087567 0087726 0087738 0387769 0087961 0388110 0388220 0088761 0088943 0089023 0089026 0089087 0089110 0089194 0089211 0089242 0289244 0089305 0389314 0389347 0389387 0089422 0089935 0089979 0090109 0090111 0090235 0090284 0090388 0090402 0090461 0090508 0090796 0290821 0290841 0091017 0091304 0391350 0091520 0391654 0091818 0091837 0091991 0291997 0392239 0292415 0092445 0092653 0092767 0092790 0092811 0392815 0092876 0092905 0292963 0293242 0093286 0093353 0093396 0093564 0093620 0093625 0093661 0093897 0293918 0093954 0093956 0094003 0094014 0094037 0094061 0094075 0294210 0094286 0394325 0094385 0094396 0094405 0294439 0294495 0394506 0094546 0094578 0094686 0094837 0094852 0094971 0095119 0095217 0095258 0095322 0095409 0095430 0295562 0295568 0395604 0295701 0095967 0096093 0096132 0096234 0096433 0097146 0097251 0397301 0097585 0097807 0097867 0097920 0398030 0098081 0398188 0098236 0098246 0098325 0098520 0098586 0298673 0298705 0098712 0098815 0098886 0098915 0099019 0099135 0299205 0099304 0099354 0099533 0099604 0399688 0099711 0099725 0399823 0099987 00100068 00100100 00100116 00100122 00100156 02100469 00100513 00100653 02100726 00100769 03100872 00100919 00100921 02101074 00101102 00101156 00101185 00101187 00101224 02101266 03101379 00101512 00101543 00101551 00101708 00101723 00101942 00101964 03102051 03102162 00102398 00102485 00102562 00102629 00102651 00102877 00102937 03103005 00103021 03103034 00103175 00103176 00103297 00103351 03103460 00103548 00103574 00103718 00103730 00103783 00103912 00104077 00104121 00104183 00104222 00104248 00104293 03104460 00104540 00104545 00104609 00104633 00104669 00104752 00104805 00104873 00104904 03105028 03105373 00105433 00105612 00105689 00105783 03105821 03105856 03105873 00106205 00106217 00106242 02106395 00106504 00106563 03106788 00106827 00106964 00107040 02107074 02107131 00107269 00107279 00107472 00107728 00107754 00107772 02107813 00107926 00107938 00107941 00108032 03108094 00108206 00108212 03108265 02108437 00108439 00108665 00108740 00108803 02108915 02108929 00108964 03108989 00109078 02109094 00109147 00109316 00109320 00109433 00109435 02109481 00109628 00109776 00109828 00109833 03109854 00109974 00110087 00110099 00110128 02110145 00110184 00110211 00110330 00110374 00110425 02110498 00110579 00110882 00110966 03110995 00111090 00111296 00111584 00111766 03112093 00112096 02112178 02112405 00112607 00112615 00112632 00112661 02112711 00112812 00112853 00112963 00113178 00113202 00113261 02113291 00113330 00113426
91621031 03254 00277 03337 04525 03829 00997 031351 021595 041631 001830 001849 032018 032033 042188 002478 032571 032667 002838 023152 043170 003662 003863 013870 003876 043986 004275 034414 004507 004532 044827 034863 004913 024915 034930 005141 035187 025290 035425 025438 005736 005830 046045 006310 026441 006522 046537 046541 036614 036685 006808 036930 046965 047048 047131 047534 007551 047721 047838 027998 008036 038381 008539 048681 008729 028940 039261 049271 049345 009358 009767 0310013 0210043 0310113 0410273 0410276 0010353 0010388 0410558 0210598 0310704 0411070 0411292 0211891 0012219 0412316 0312384 0312558 0012608 0312673 0412757 0412822 0412884 0013308 0013430 0013512 0213586 0413734 0214477 0214653 0414685 0014761 0214986 0315220 0015238 0315364 0015488 0015513 0015587 0315609 0015611 0215741 0215803 0015976 0016239 0216318 0016579 0316924 0217030 0017274 0417361 0317364 0317379 0217588 0417682 0217716 0217739 0018019 0118125 0018722 0318841 0018871 0019152 0219343 0419388 0019400 0319433 0019451 0319581 0019782 0319862 0019968 0019987 0220020 0020158 0320228 0220383 0420453 0220726 0220814 0020831 0420961 0321250 0321552 0021742 0321796 0221977 0021981 0222016 0322087 0322209 0022238 0022363 0022366 0022401 0022574 0322613 0222854 0222945 0322977 0223242 0323339 0423558 0023807 0424205 0424370 0424613 0024789 0424799 0324840 0025020 0025203 0425208 0025224 0025366 0425496 0325625 0325965 0226159 0426190 0326393 0026526 0326948 0027058 0327142 0327267 0027317 0027430 0227483 0027512 0328264 0028316 0428633 0328670 0029031 0429313 0029350 0029630 0329690 0329878 0030036 0230125 0330251 0230370 0330540 0330642 0230725 0330821 0030835 0331118 0031131 0031293 0331306 0031325 0231712 0031732 0031861 0031902 0231921 0031942 0031949 0332026 0032072 0332092 0032124 0032214 0032383 0332477 0032512 0432593 0432595 0033116 0033126 0033148 0433183 0433417 0133424 0333508 0033509 0033593 0433623 0333625 0033665 0033677 0033811 0433858 0034028 0334124 0234131 0434155 0434342 0334384 0234411 0034477 0334529 0234747 0034902 0034920 0335116 0235141 0335162 0435260 0335618 0335884 0035928 0035936 0036150 0036207 0236352 0336479 0236595 0236622 0336727 0036744 0036757 0036826 0036943 0037136 0437170 0437436 0037470 0037891 0038014 0038037 0438127 0038250 0038410 0338419 0238422 0338472 0038524 0238528 0038555 0038581 0238744 0038975 0339160 0339190 0239223 0239311 0039388 0239393 0039398 0039409 0039437 0339971 0040128 0040354 0340504 0040675 0240710 0340771 0440814 0041078 0041118 0341290 0041354 0041405 0241406 0041929 0242058 0042103 0342211 0242243 0042303 0042323 0242509 0342510 0242517 0342838 0442980 0042997 0043075 0043135 0043335 0343344 0043499 0243509 0043514 0043613 0043663 0043848 0043902 0043981 0044082 0344190 0044240 0344260 0244451 0044654 0244675 0244789 0044852 0244888 0044966 0045147 0045156 0345204 0445342 0045792 0045813 0045854 0245900 0246066 0246565 0346650 0346652 0046769 0447364 0047457 0347584 0047612 0047863 0448007 0048240 0048489 0348491 0048523 0048719 0048726 0048833 0049011 0049108 0049277 0049424 0049565 0249901 0050091 0050196 0350309 0050339 0450381 0350395 0050441 0050597 0050825 0050843 0251005 0051069 0051345 0051350 0051353 0051520 0351679 0251772 0251826 0051900 0251936 0052107 0252135 0052167 0252231 0052554 0052748 0352785 0352878 0053322 0053396 0053526 0053666 0053702 0053819 0053897 0053935 0054220 0054231 0054387 0254417 0054496 0255005 0055121 0055169 0055475 0355754 0055828 0055845 0055958 0056058 0056066 0056379 0056453 0256476 0056519 0356529 0056654 0056672 0256886 0056896 0256971 0057175 0257262 0057413 0057597 0057756 0057912 0058114 0058190 0058381 0058391 0258426 0358444 0458472 0358650 0458671 0058744 0058844 0358935 0059020 0059423 0259728 0259939 0060006 0360018 0060125 0060283 0060379 0060736 0360842 0260849 0360854 0261192 0061193 0061351 0061352 0061712 0061761 0061951 0362012 0262294 0062337 0062352 0062355 0062537 0062574 0062580 0062660 0462787 0062943 0062985 0363210 0063236 0063275 0063301 0063353 0063392 0063401 0063465 0063508 0063517 0063610 0363690 0063716 0063750 0063801 0263871 0063931 0264026 0364116 0064177 0064252 0064258 0064439 0064468 0064536 0064637 0064681 0364737 0064806 0065056 0065150 0065160 0065311 0065382 0065623 0365656 0065718 0065821 0065884 0065903 0066058 0066290 0066349 0266502 0066885 0066973 0066977 0367212 0367788 0267870 0067947 0068012 0368047 0068088 0068102 0368119 0068144 0268170 0068290 0068414 0068492 0068517 0068623 0268660 0068746 0068885 0068889 0268892 0268954 0069086 0269087 0069193 0069464 0069533 0069564 0069587 0069595 0369614 0069668 0069685 0069822 0069847 0069854 0070015 0070116 0070163 0070368 0070465 0270472 0070755 0070765 0270780 0070879 0070976 0371299 0071307 0071507 0071542 0271630 0371643 0071695 0371748 0271932 0072124 0072145 0072274 0072321 0072449 0372632 0372678 0072681 0072702 0072872 0272940 0373166 0073191 0373470 0273488 0073591 0073612 0273816 0073859 0073913 0373951 0074051 0074462 0074537 0074825 0375170 0075316 0075420 0075556 0275601 0275662 0276063 0076106 0076185 0376237 0076499 0076512 0076574 0076592 0076636 0076659 0076751 0376789 0076809 0076896 0276926 0076986 0077119 0077598 0077600 0077774 0077789 0077829 0077900 0077910 0078008 0078042 0378205 0078620 0278802 0078863 0278909 0079295 0079318 0079503 0279564 0079760 0379917 0079973 0079975 0079980 0280149 0080293 0080356 0480365 0080566 0080644 0080728 0080736 0080738 0080769 0080801 0081406 0081422 0081524 0281637 0081672 0381697 0081975 0081992 0282023 0082055 0082231 0082256 0082320 0382480 0082519 0082551 0082605 0282752 0083154 0083158 0083185 0083254 0083395 0083658 0083770 0083804 0384081 0384346 0084484 0084515 0384572 0084595 0084673 0084875 0284899 0084910 0284965 0085009 0285043 0085073 0285131 0085184 0285269 0085502 0085515 0085517 0085522 0085594 0085596 0085675 0086060 0086362 0086431 0086450 0086464 0086915 0086967 0087151 0087406 0087785 0087991 0088244 0088542 0088629 0088729 0088784 0388834 0088879 0088885 0088995 0089014 0089088 0089245 0389349 0089351 0089421 0089500 0089519 0089544 0089597 0089714 0089803 0089851 0089867 0089872 0090016 0090141 0090200 0090236 0090368 0390441 0290547 0090563 0090607 0090755 0090782 0091053 0091215 0091422 0091521 0091689 0091705 0091772 0091930 0091937 0091956 0391992 0392035 0092245 0092314 0092484 0492507 0092552 0092649 0092652 0092731 0092737 0092756 0092799 0092989 0093035 0093069 0093076 0093196 0293220 0093283 0093333 0393388 0093470 0093538 0093683 0093694 0093782 0093796 0093878 0094011 0094057 0094133 0294232 0094273 0094275 0094301 0094548 0094589 0094615 0094859 0094893 0094967 0095456 0095819 0095842 0095897 0096041 0096059 0296348 0096380 0096557 0096737 0096839 0097029 0097082 0097183 0097205 0097495 0097576 0097646 0397692 0097916 0098240 0098280 0298569 0098599 0098654 0098691 0098967 0099092 0099198 0099235 0099240 0099572 0099595 0099606 0099742 0099826 0299863 0099869 0099922 0499999 00100003 00100056 00100136 00100141 00100179 00100205 00100232 00100354 00100420 00100455 02100558 00100926 00101073 02101153 00101258 00101367 00101410 00101670 00101813 00101863 00101927 00102109 00102344 00102795 00103096 02103207 00103231 00103455 00103473 00103510 00103573 00103653 00103858 00103872 00103874 00104033 00104096 00104192 00104369 00104449 00104483 00104578 00104605 00104714 00104755 00104756 00104957 03105118 00105142 00105365 02105480 00105501 03105781 00105885 00105959 00105969 00106037 00106042 00106190 00106337 00106611 02106667 00106718 00106891 00106898 00106999 00107007 00107093 00107099 00107117 00107161 00107315 00107318 00107590 00107610 00107648 00107693 00108004 00108024 00108082 00108143 00108148 00108258 00108292 00108348 00108374 00108585 02108716 00108825 00109045 00109086 00109163 00109246 00109487 00109607 00109771 02110274 00110452 00110521 00110531 00110585 00110619 00110750 00110822 00111055 00111056 02111191 02111455 00111513 00111529 00111781 00111843 00111864 00111874 03111940 00112132 00112138 00112181 00112183 00112292 00112355 00112431 02112522 00112582 00112811 00112849 00112862 02112988 00113019 00113057 00113095 00113226 00113273
91621041 03196 03361 02387 03471 00591 00631 04760 04929 031378 001401 011900 031932 001986 032013 022068 032189 002206 042263 042306 032313 042440 022566 022754 042863 023454 033479 043541 033569 013579 003628 033713 044114 004116 024219 024425 034516 034545 004551 044671 024676 044903 004957 005044 045067 035487 045517 045592 005730 045834 035943 006150 046216 046276 046641 026801 006858 026990 027261 047292 047709 007733 027848 037931 007933 047993 008057 038266 008330 048409 008570 038584 038684 009137 009217 049375 029511 049526 009536 049573 029595 009688 0010186 0010253 0010464 0310471 0310669 0410785 0010795 0411007 0411114 0011164 0311207 0211366 0011373 0011490 0311590 0011829 0011909 0012014 0012231 0312369 0012389 0412485 0412631 0313108 0313122 0413125 0213133 0013260 0413420 0413708 0213759 0213792 0013793 0213890 0214085 0314229 0214348 0214394 0214534 0215232 0315267 0415295 0015465 0415535 0315838 0416217 0016424 0316485 0016487 0316827 0216957 0217016 0017186 0317426 0217517 0217611 0217622 0417631 0417686 0017861 0017953 0418221 0018300 0018384 0318425 0018434 0018966 0319002 0319168 0019319 0019387 0419504 0319541 0419591 0019828 0319835 0019873 0319905 0420072 0420119 0320218 0020307 0020600 0021029 0021299 0021310 0421756 0021769 0021853 0421906 0021966 0022074 0022162 0222163 0022677 0323401 0023563 0023681 0224371 0024574 0424650 0324786 0024931 0225009 0325108 0325114 0325317 0025343 0225459 0025671 0325856 0025871 0426198 0426223 0226521 0026665 0026672 0027050 0327567 0427577 0327657 0427851 0427996 0228302 0228390 0028445 0028714 0428717 0028736 0328741 0028775 0328791 0028883 0029048 0229074 0029220 0029226 0429264 0029364 0229536 0229559 0029640 0329687 0029733 0029855 0429864 0429871 0429886 0229993 0030029 0030074 0030080 0230093 0230103 0230161 0430411 0030467 0030469 0230542 0330569 0030579 0230700 0230744 0331010 0231199 0331420 0031486 0231535 0231540 0331600 0031705 0031748 0331782 0431928 0431982 0032044 0232086 0032237 0232262 0232319 0032428 0432624 0232804 0032863 0333085 0033181 0033280 0333362 0433455 0233764 0033949 0433992 0034043 0034061 0434306 0334429 0234438 0034596 0234617 0034783 0334812 0234885 0434930 0335023 0035180 0035436 0035683 0035715 0036062 0236277 0036286 0336610 0036639 0037224 0337599 0337654 0237664 0037777 0337806 0237932 0038011 0038028 0238071 0038150 0338212 0038326 0038339 0038504 0238508 0238705 0238929 0038964 0239161 0239406 0039413 0039495 0339650 0439720 0039857 0040041 0040189 0040220 0440424 0040633 0240664 0040991 0241039 0241073 0041098 0241110 0041189 0041232 0341283 0341337 0041540 0241557 0041755 0241813 0041903 0241921 0041976 0042249 0442338 0042562 0342565 0042655 0042839 0042901 0043334 0243418 0043668 0043724 0243739 0243751 0043760 0044338 0344341 0044387 0244396 0044879 0045238 0045461 0045582 0245818 0045987 0046025 0046194 0446292 0346328 0046402 0446624 0046778 0047086 0047187 0347193 0047232 0047338 0047580 0047914 0048001 0348052 0248120 0248164 0248281 0348402 0248410 0048550 0048553 0248707 0048770 0248778 0348788 0248838 0048962 0049047 0049082 0249125 0049134 0249141 0049215 0049238 0049242 0449570 0249703 0049827 0349828 0250093 0050147 0250280 0050312 0450321 0250578 0050669 0250877 0051173 0251367 0051955 0052485 0052555 0052557 0052992 0053104 0053212 0353271 0054242 0054339 0254366 0054584 0054946 0055053 0055125 0055249 0055314 0055334 0055411 0355601 0055638 0055678 0055716 0255909 0056037 0056348 0056351 0056394 0056461 0056467 0456535 0056594 0356602 0056696 0256779 0056853 0056906 0057423 0057568 0057781 0057955 0058088 0258222 0058482 0058576 0358785 0058787 0058909 0258971 0058992 0059006 0059057 0059161 0359272 0059286 0259435 0059436 0059493 0059535 0059586 0259944 0059951 0260034 0360182 0060224 0060588 0260730 0360807 0060907 0261121 0361171 0061325 0461327 0361385 0261585 0061634 0061646 0061765 0061872 0062168 0062190 0262246 0262292 0262387 0062418 0262575 0062636 0262680 0062807 0363109 0063296 0063455 0063675 0063717 0064007 0264030 0064045 0064138 0464170 0064215 0064253 0064291 0264312 0264398 0364671 0264673 0364718 0064719 0064734 0064815 0064973 0265013 0065031 0065182 0265464 0365502 0065819 0365934 0065997 0066210 0066305 0366445 0266746 0066771 0067044 0067076 0267253 0067293 0067404 0067441 0067670 0067824 0067825 0067894 0068072 0268350 0368354 0268407 0068575 0268911 0068952 0068968 0069174 0069231 0069437 0269558 0269593 0069672 0269770 0069957 0070094 0270099 0070132 0070173 0070260 0070286 0070579 0070594 0071203 0271204 0071383 0071569 0071788 0071892 0071951 0272388 0372491 0072572 0072595 0072701 0272747 0472752 0072989 0073025 0073161 0073251 0073571 0373580 0073822 0073884 0374100 0374114 0074210 0074237 0074242 0074298 0274504 0074960 0375033 0075445 0075621 0075825 0276036 0076089 0476205 0076272 0276538 0076560 0076577 0077039 0077076 0377117 0277169 0277312 0077336 0077475 0077481 0077491 0077552 0077637 0277711 0078137 0078227 0078235 0078382 0078710 0078875 0079015 0079174 0079361 0079427 0079688 0079802 0079963 0479992 0280157 0280160 0080302 0080637 0080638 0080672 0080706 0380953 0081039 0081050 0081085 0081185 0281259 0081282 0081328 0081430 0081577 0381743 0081938 0282071 0082435 0082847 0082928 0083024 0083075 0083133 0083151 0083208 0083317 0083338 0083367 0083599 0083619 0084003 0084085 0084166 0384309 0284366 0084667 0084679 0084718 0084779 0084783 0084834 0084883 0284915 0384921 0285021 0285200 0085467 0085666 0085670 0385687 0085744 0086061 0086073 0386079 0086191 0086325 0286439 0086589 0086678 0086763 0286839 0086876 0086974 0087050 0087268 0087270 0087344 0087346 0087428 0087550 0087687 0087855 0088065 0088102 0088165 0088206 0288304 0088349 0088500 0088634 0088655 0088685 0089126 0389145 0389276 0089308 0089383 0089417 0089653 0089661 0289862 0089962 0090079 0090296 0090320 0090434 0090642 0090776 0390975 0091014 0091066 0391255 0091465 0091484 0091516 0091571 0091858 0091935 0091954 0292225 0392301 0092320 0092370 0092682 0092721 0092727 0092753 0392764 0292777 0092888 0093005 0093082 0093419 0093514 0093893 0093953 0093991 0094143 0094353 0094472 0094568 0294890 0094909 0095076 0095509 0095894 0096120 0296271 0096470 0096475 0296649 0396817 0096821 0096867 0097090 0097121 0097178 0097241 0097373 0097394 0097509 0097695 0097793 0097836 0097919 0097944 0097971 0098025 0098096 0098174 0098424 0098496 0098618 0098641 0098836 0099105 0299163 0099363 0099364 0099390 0099622 0099639 0099822 0099984 00100329 00100532 00100575 00100618 02100636 00100664 00100731 00100787 00100848 00101172 02101188 00101275 02101601 00101699 03101780 02102059 00102078 00102163 00102253 00102293 00102311 00102413 00102552 02102584 00102743 00102928 02103144 00103234 00103261 02103377 00103514 00103673 00103908 00104014 00104040 00104157 00104326 00104442 00104513 00104532 00104724 00104789 00105011 00105067 00105082 00105122 00105233 00105415 00105513 00105562 00105984 00106237 00106444 00106450 00106547 00106599 00107305 00107442 00107475 00107533 00107611 00107706 00107790 00108136 00108176 00108217 00108238 00108355 00108489 00108539 00108593 02108683 00108766 00108788 03108893 00108934 00109052 00109389 02109906 02109949 00110175 00110293 00110829 00110979 00111282 00111435 00111440 02111581 00111626 00111673 00111682 00111732 00111762 00111803 00111842 02111912 00111930 00111975 00112014 00112031 00112197 00112331 00112386 00112649 00112686 00112796 00112907 00113055 02113206 00113236 00113405
91621051 00105 00204 00295 04550 00692 03837 04846 04886 00991 031049 021150 001161 001297 001419 001691 011707 001737 031899 041903 041979 022028 032163 032237 032425 022468 042499 032592 002745 042773 043143 003257 043311 043546 023643 043701 003750 003788 033818 004022 034180 034370 034373 034433 044436 004600 034801 044856 045205 045257 035499 005553 025573 045701 035751 035852 025863 035897 036178 006182 026199 036213 006291 046442 006961 007099 037103 047112 037132 037186 007221 047247 047399 037647 008016 048119 048155 048268 008313 038410 028465 048512 028514 039155 039334 049389 029637 009659 049662 009802 029892 0010191 0310399 0010560 0310578 0310621 0310660 0311017 0311201 0411340 0211455 0211541 0011552 0011685 0411801 0411864 0411879 0312033 0012124 0312346 0212370 0012539 0412571 0012670 0012825 0012905 0013193 0013722 0013894 0014018 0414173 0414533 0214536 0314546 0415200 0015250 0215393 0415547 0015691 0415852 0416330 0016348 0216379 0416519 0416861 0016887 0317162 0017178 0317278 0017528 0217573 0117792 0018003 0418730 0018884 0019104 0319144 0319173 0319325 0219549 0419750 0219869 0219931 0420004 0020012 0420075 0020168 0020269 0420403 0320448 0320612 0120737 0320842 0021197 0321496 0321508 0021514 0021568 0221607 0221654 0321785 0321829 0421886 0321957 0021992 0422005 0022038 0322208 0322257 0422297 0222301 0022414 0022545 0022567 0222649 0222690 0022946 0323108 0023195 0023300 0223340 0323342 0323414 0023679 0423704 0023723 0423736 0023823 0223976 0024211 0024225 0424360 0024366 0324391 0324526 0024783 0024984 0024997 0324999 0225038 0025181 0025182 0025207 0025289 0225329 0325408 0025460 0225549 0025557 0025589 0025754 0425827 0425875 0025910 0325930 0026116 0426287 0026557 0026565 0226898 0326963 0027353 0027446 0027502 0327757 0027924 0027940 0328108 0028125 0028151 0428219 0028227 0328290 0328299 0228538 0029214 0229248 0029280 0229434 0029593 0029658 0429948 0030012 0430882 0331140 0031211 0331224 0331240 0031241 0031490 0231682 0031718 0332132 0432149 0032163 0032302 0032388 0432396 0032571 0032619 0032697 0033003 0433107 0033598 0033652 0033770 0033860 0333918 0034168 0334246 0334372 0334387 0034512 0034717 0034854 0435061 0035074 0235381 0035401 0335493 0335569 0435613 0035644 0035774 0036392 0036635 0036873 0036896 0036902 0037000 0037311 0337453 0237744 0337902 0038530 0338604 0238899 0238912 0038995 0039323 0039386 0039443 0039572 0039819 0039931 0240028 0440203 0040499 0240761 0040865 0240887 0241033 0241068 0041136 0341149 0041414 0041727 0242139 0342592 0342611 0242681 0242694 0042769 0242823 0042916 0043139 0043449 0044329 0044364 0044708 0044723 0044835 0044980 0044982 0245084 0245192 0045193 0045212 0045274 0345319 0345372 0045393 0345719 0045822 0345829 0045872 0445988 0246049 0446081 0046247 0446267 0046326 0046367 0246568 0046730 0446739 0046744 0446915 0047058 0047538 0048172 0248234 0048235 0048311 0048392 0348943 0049076 0049168 0249243 0049252 0049631 0049641 0049748 0349884 0249920 0249948 0050009 0350081 0050272 0350664 0250676 0050728 0050957 0051131 0351165 0051174 0351341 0051374 0351389 0051444 0051574 0051941 0052281 0352413 0252429 0052744 0053149 0053205 0053324 0053441 0053474 0253725 0053726 0053863 0053982 0354052 0054537 0355140 0355294 0355318 0055319 0055338 0055385 0055472 0055626 0056046 0056098 0056191 0056242 0056259 0356330 0056510 0056671 0257161 0357172 0057418 0357480 0057528 0057687 0057795 0357975 0058027 0058145 0058370 0058585 0358600 0058835 0058908 0259058 0259194 0459268 0059370 0259385 0059500 0059525 0059698 0059869 0360229 0060347 0060544 0060554 0060698 0060975 0061169 0361222 0261357 0261524 0061582 0061645 0061717 0061800 0261811 0361993 0262001 0062059 0062258 0062657 0062789 0362983 0263150 0063525 0063636 0463772 0363798 0063836 0063885 0063915 0064112 0064167 0364218 0264345 0064427 0464476 0264501 0064598 0065029 0065036 0365385 0065443 0065457 0065676 0065690 0265915 0366065 0066098 0066453 0066715 0066773 0367088 0067156 0367183 0067414 0067416 0267618 0067691 0067708 0367751 0067797 0067871 0468056 0068066 0068095 0268156 0268221 0268393 0268415 0068438 0368665 0068734 0068817 0068851 0068976 0369002 0369007 0369073 0069258 0069373 0069409 0369521 0069557 0069666 0069748 0069795 0069797 0069806 0369820 0069897 0069918 0069995 0070100 0070274 0070310 0270375 0070400 0070499 0470597 0070692 0070853 0371065 0071067 0071073 0071103 0071173 0271297 0071563 0271641 0071642 0371654 0371727 0071745 0071804 0071881 0271987 0372082 0072102 0072432 0072479 0072518 0272616 0072640 0072719 0072832 0072884 0373104 0273112 0073197 0073395 0073551 0073726 0073735 0073872 0073904 0074050 0374187 0074227 0074401 0274434 0074463 0074635 0074683 0074766 0074821 0074856 0074958 0075001 0275057 0075391 0075434 0075571 0075713 0075768 0275777 0075858 0075995 0076029 0076122 0376146 0076707 0076882 0076888 0077059 0077138 0377460 0077543 0077698 0077716 0077820 0078061 0078073 0078287 0078337 0378447 0278722 0078790 0078894 0379039 0079266 0079415 0379474 0279534 0079605 0079789 0380073 0080090 0280431 0380555 0080560 0080758 0081079 0081214 0081288 0081344 0081485 0381502 0381556 0081768 0282011 0082145 0082148 0282192 0082298 0082309 0082535 0082554 0282694 0082707 0082812 0083076 0083236 0083264 0283311 0083468 0083472 0283492 0083549 0083749 0083971 0084226 0084280 0284282 0084491 0084533 0084635 0084661 0084677 0384926 0085462 0085465 0085556 0085559 0085682 0385766 0085911 0086018 0086329 0086389 0386623 0086761 0086782 0086878 0286973 0286992 0087006 0087081 0087086 0287384 0087594 0287643 0087732 0087806 0087967 0088013 0088197 0088221 0088362 0088472 0088478 0088577 0388598 0288638 0088701 0288721 0088740 0388800 0088817 0088820 0089134 0389345 0089628 0389729 0089800 0089940 0090075 0090226 0090312 0090435 0090449 0090593 0090657 0290752 0090803 0090855 0290902 0090966 0091060 0091227 0291232 0091440 0091588 0291625 0091868 0091929 0091958 0392121 0092402 0092422 0092485 0092714 0092812 0092857 0093054 0093190 0093285 0093430 0093445 0093490 0093568 0093733 0293781 0093964 0094073 0094192 0094204 0094259 0094321 0294572 0094601 0094780 0094833 0094844 0094916 0395006 0095022 0095162 0095279 0095301 0095436 0395494 0095624 0095866 0095965 0096023 0096127 0096260 0096280 0096490 0096615 0096794 0096818 0096854 0396921 0096967 0097077 0097389 0097846 0097881 0097909 0097935 0098009 0098028 0098253 0098336 0098443 0098506 0398692 0098747 0098862 0298907 0099077 0099113 0099114 0099196 0099272 0399274 0099288 0399383 0099446 0099564 0299628 0499658 0099800 0099985 00100313 00100386 00100397 00100559 00100707 00100765 00100914 00100956 00101116 00101545 00101607 00101703 00101820 00101852 00101861 00101980 00102061 00102141 00102224 00102478 00102486 00102679 00102689 00102945 00103258 00103678 00103800 00103885 00103933 00104099 00104201 02104229 00104232 00104300 00104411 03104598 02104651 00104802 00104819 00104966 00105108 00105115 00105202 00105385 00105393 00105394 02105511 00105602 00105657 00105666 03105679 00105849 02105892 00106283 00106347 00106376 02106401 00106633 00106719 00106823 00106879 00106900 00107205 00107349 00107403 00107454 00107513 00107549 00107584 00107667 00107669 00107760 00107954 00108027 00108045 00108246 00108435 03108480 00108561 00108617 03108717 02108853 03108938 00109201 00109652 00109761 00109800 00109830 00110024 00110176 00110229 00110367 00110431 00110457 00110484 00110696 00110771 00110799 00110855 00110870 00111138 00111364 00111365 00111389 00111444 00111465 02111493 00111651 00111795 00111925 03112079 00112117 00112210 00112453 00112631 00112926 02113087 00113110 00113145 00113162 00113258 00113268 00113324 00113523
91621061 03396 02527 02544 02667 02814 041030 031204 041269 001293 031324 031482 031773 001887 042199 002439 002594 022681 032722 042730 033154 043230 033408 033619 033842 044053 024193 034289 024798 034859 034895 035241 045636 005944 006041 006116 026130 006841 026861 036906 007312 027482 027587 037663 027882 047978 038161 038209 028227 048321 008448 008717 028835 028906 028967 048979 049175 039235 009273 039665 039740 0410072 0210135 0210252 0410456 0011100 0211158 0311429 0411629 0211951 0312643 0312755 0312865 0013145 0013253 0313578 0013630 0013884 0213915 0314145 0314315 0314828 0314869 0215008 0315049 0315072 0315148 0315269 0315280 0015418 0015468 0415470 0015521 0415617 0015623 0015684 0215718 0315941 0116040 0316094 0316387 0316697 0016805 0016991 0317091 0217300 0217305 0017323 0017500 0017515 0017726 0017869 0318155 0218198 0018502 0318599 0018931 0319166 0219498 0019675 0319717 0220079 0420115 0420553 0420572 0320609 0220981 0421047 0321135 0221309 0321672 0021899 0321914 0222101 0022125 0022568 0222616 0322676 0322830 0022890 0022969 0023021 0323365 0323649 0323675 0023684 0123844 0423851 0223852 0023961 0323975 0324223 0324298 0324318 0324429 0024533 0224619 0324621 0024848 0424862 0024916 0425073 0325241 0025283 0025433 0325763 0025771 0326004 0226351 0226390 0026730 0426770 0026810 0326812 0326842 0227057 0327570 0227635 0327858 0427916 0427999 0328101 0328126 0428197 0328220 0328567 0328650 0028789 0328832 0228863 0028908 0429005 0329235 0229297 0429603 0029928 0230001 0330004 0230054 0330247 0030283 0230307 0030398 0230926 0230934 0230941 0031074 0431220 0231269 0331316 0431469 0031849 0031939 0332300 0232544 0332618 0033039 0033060 0333185 0033307 0233369 0433720 0233802 0033869 0033910 0034226 0034318 0334414 0434767 0334972 0035130 0035460 0335633 0336177 0036359 0036542 0236693 0337296 0037411 0237493 0037549 0037685 0338070 0238265 0338329 0338655 0338673 0039095 0439182 0339222 0339631 0039703 0039753 0040342 0240470 0040989 0241378 0441409 0041412 0341427 0241464 0241510 0241723 0041824 0042063 0342279 0042569 0342780 0443043 0043296 0343460 0043701 0043740 0043766 0043774 0344094 0444109 0044186 0244192 0044229 0344270 0344318 0044334 0344573 0044623 0044667 0044677 0244745 0044746 0044759 0044858 0344859 0045041 0045081 0045176 0345434 0045619 0346095 0046189 0046414 0246589 0246854 0246884 0046903 0046932 0347023 0047258 0047267 0347555 0047561 0047623 0248074 0048160 0048453 0248804 0348873 0348894 0049220 0049408 0249534 0249718 0249930 0050064 0350068 0350316 0250343 0050375 0250449 0050523 0250527 0050666 0050859 0050891 0251528 0351923 0052170 0052306 0052308 0352417 0052524 0052756 0052887 0252925 0253123 0253221 0053291 0353307 0053369 0053475 0053544 0053564 0053801 0053851 0053958 0054092 0254487 0054587 0054660 0454713 0054736 0354748 0054816 0054839 0354919 0055211 0355409 0055561 0355595 0055656 0355982 0256130 0056151 0056221 0256257 0056321 0056408 0056728 0256761 0057061 0057156 0057229 0057290 0357936 0258199 0258227 0058307 0058631 0358994 0259037 0059323 0059452 0359766 0059825 0459874 0059950 0360069 0060285 0360287 0060307 0360734 0060754 0260881 0061296 0261299 0061676 0061763 0061769 0061897 0261920 0062053 0062105 0062212 0062261 0062402 0062526 0362845 0262961 0063134 0363258 0363492 0063588 0063733 0063739 0063982 0364200 0064455 0064824 0064955 0065437 0365564 0065647 0365648 0365846 0065964 0266107 0066296 0366320 0266467 0266570 0266990 0267196 0067324 0067544 0367725 0267860 0067884 0067930 0068286 0068440 0068656 0268705 0068723 0068825 0368883 0069011 0369127 0069144 0069165 0069329 0069374 0069469 0069646 0269800 0069802 0069906 0070000 0070575 0070738 0070948 0071039 0271045 0071450 0071717 0071771 0271784 0071840 0272023 0072310 0072371 0072408 0072413 0072492 0372508 0072547 0072761 0072914 0072935 0372936 0072961 0073207 0373256 0073287 0373789 0073893 0274049 0074108 0074122 0374425 0074714 0075017 0275317 0275705 0275854 0275880 0076070 0076265 0076464 0076579 0076913 0076928 0077232 0077246 0077263 0277316 0277836 0078053 0078292 0378329 0078352 0078514 0378686 0378703 0078729 0078792 0078835 0079412 0279585 0079645 0279943 0280362 0080385 0080469 0380579 0380851 0081480 0081554 0381630 0081822 0381866 0382020 0282092 0382138 0082158 0082339 0082425 0382501 0282881 0282989 0083328 0083334 0083354 0083436 0083739 0083847 0283849 0083891 0084025 0084181 0084212 0084399 0084559 0084570 0084576 0384685 0084776 0084928 0085045 0085261 0085368 0085563 0385640 0385684 0085710 0085732 0086232 0386275 0086593 0086750 0086930 0287024 0287129 0087442 0087523 0087559 0087564 0087639 0387652 0087793 0287809 0487840 0088225 0088750 0088827 0088936 0089047 0089120 0089412 0089438 0089484 0089664 0089709 0089715 0089730 0089805 0090106 0090239 0090318 0090661 0090793 0290807 0090870 0091030 0091108 0091551 0091567 0091703 0291750 0091842 0091857 0392048 0092220 0092227 0092348 0392349 0092449 0092513 0092556 0092648 0092856 0092939 0092990 0093029 0293462 0093923 0094009 0294444 0094868 0095260 0095386 0395527 0095567 0395651 0095736 0095804 0095834 0095846 0395857 0295919 0095942 0096028 0096069 0096145 0096154 0296207 0096357 0096453 0096524 0096532 0096666 0096760 0396833 0096897 0097081 0097154 0097163 0097213 0297393 0097582 0097882 0097888 0397983 0098008 0098171 0098237 0098381 0098513 0098563 0098651 0098788 0098919 0299448 0099559 0099635 0099718 0099799 0099814 0099901 00100099 00100106 02100187 00100306 00100401 00100457 00100705 00100706 02100933 00100974 00100984 02100985 00101037 00101088 00101115 00101655 00101662 00101794 00101854 00102058 03102409 03102748 00103064 02103492 00103585 00103614 00103693 02104097 00104247 03104363 00104722 00104923 00104994 00105073 03105626 00105636 00105698 00105809 02106539 00106565 00106655 00106993 02107294 00107326 00107361 00107496 00107719 02107755 00107789 00108086 00108124 00108147 00108501 00108799 00108872 02109007 03109089 02109370 00109547 00109977 00110095 00110100 00110118 00110137 00110165 00110200 00110251 00110269 00110284 00110309 00110312 00110416 00110714 02111035 00111117 00111175 02111215 00111246 00111567 00111908 00111927 00112134 00112144 00112159 00112269 00112284 00112314 00112390 03112641 02113056 00113469
91621071 04217 00319 04401 00553 00709 04899 03903 04922 031314 031335 021346 041356 031461 041616 041619 001635 021896 021913 032060 032101 022227 032437 032497 002519 022612 002647 002874 012960 042987 033171 023313 003367 043471 024154 044249 034465 044606 034771 034995 035092 025126 045151 005185 045189 005198 005220 035433 025685 025782 045936 025949 006204 026323 006420 036806 036885 027027 027239 007246 027314 037573 047633 037681 027723 027742 027766 027829 028172 028267 048328 048380 028382 038687 008988 009018 009083 009117 049496 039832 009895 049904 0010036 0310296 0010448 0210680 0410739 0311000 0211001 0311020 0411077 0011344 0411350 0311528 0311705 0211727 0312040 0412092 0412217 0212426 0012500 0212564 0312661 0013111 0213151 0213250 0213622 0313763 0014028 0214485 0214493 0414514 0314814 0014856 0315004 0215279 0315444 0015576 0415822 0315979 0016140 0316365 0016419 0417006 0417009 0417201 0317504 0317510 0417646 0017714 0317723 0417910 0317956 0018025 0418149 0018347 0018692 0018694 0018745 0318808 0418889 0018924 0318962 0019011 0019133 0219142 0019329 0219335 0019416 0319491 0319537 0219624 0419787 0019879 0320110 0320135 0320160 0220167 0420305 0020713 0120882 0220930 0320985 0221022 0421142 0421276 0021283 0221324 0221348 0021583 0421974 0422079 0222119 0022127 0222317 0222468 0222561 0322815 0023402 0023411 0023425 0023725 0023891 0423895 0424054 0424209 0024253 0224296 0324571 0224758 0324762 0324796 0025213 0025269 0325302 0025381 0025562 0325727 0326323 0426343 0026352 0226405 0026440 0226657 0226723 0026820 0326972 0427004 0027346 0327555 0427703 0327713 0228033 0328082 0028238 0028360 0228592 0028900 0029035 0229077 0329162 0229184 0029189 0229243 0029274 0229287 0029320 0229605 0429786 0029888 0029955 0230111 0030245 0030318 0030356 0430568 0030804 0330940 0030943 0031079 0331134 0031194 0031258 0031639 0032181 0232328 0032508 0232796 0032917 0032955 0333358 0333489 0033712 0033765 0033985 0234010 0034037 0034077 0234117 0434128 0034173 0234197 0234639 0334662 0434789 0434924 0435055 0035060 0035106 0035147 0035432 0035456 0035540 0035631 0335664 0035725 0035864 0235961 0236120 0036137 0036161 0036260 0036279 0436341 0336405 0036535 0036652 0036684 0336820 0036972 0337102 0037119 0037160 0237211 0037344 0437378 0037486 0037507 0237640 0037830 0037927 0237940 0037943 0237977 0038124 0038195 0038214 0238445 0038807 0238957 0439332 0239375 0039586 0039644 0239820 0039823 0039852 0039974 0340042 0340147 0340348 0240512 0040546 0240603 0040940 0240948 0040964 0040994 0041016 0041046 0041374 0241435 0041457 0241473 0041516 0241561 0041722 0241778 0241825 0041851 0041942 0042042 0242046 0042055 0042155 0242186 0042340 0042373 0042860 0342945 0043012 0043034 0343111 0343218 0243250 0043293 0343320 0043329 0443801 0043882 0343935 0243948 0044045 0044056 0044061 0244084 0444315 0044362 0044598 0044704 0244865 0245278 0345382 0045865 0045958 0246023 0346198 0046205 0046210 0246212 0446509 0246573 0446721 0246743 0046841 0246866 0046869 0046918 0246920 0047045 0047185 0047341 0047528 0047542 0047560 0047655 0247669 0047688 0047817 0248006 0348059 0248143 0348475 0048705 0248750 0049355 0349649 0349679 0249687 0349770 0049831 0049849 0349939 0349974 0249991 0349994 0350070 0350195 0350440 0050505 0050569 0050925 0050954 0250963 0250966 0050993 0051244 0051621 0051746 0451766 0051808 0251872 0352094 0252159 0052192 0352304 0252322 0052323 0252337 0052428 0052537 0052591 0252684 0052758 0452819 0052890 0052939 0253199 0053235 0053445 0053527 0253576 0353632 0253746 0053816 0053818 0053855 0054015 0054060 0054142 0054197 0454209 0054222 0054256 0354291 0054822 0054977 0255040 0255219 0055296 0055340 0255414 0055501 0255542 0055548 0055625 0255730 0055769 0255847 0256022 0056102 0356107 0356114 0056149 0356212 0056328 0356360 0256455 0356707 0256864 0257031 0357133 0057149 0057260 0057476 0257913 0357929 0058092 0058110 0358124 0058144 0358546 0358555 0058706 0258712 0258977 0359182 0059237 0059427 0059559 0059583 0059591 0059637 0059954 0060090 0260221 0060286 0060394 0060402 0360821 0060930 0360960 0261020 0061092 0061125 0261313 0061462 0061554 0361853 0061871 0461874 0061919 0061943 0362077 0062133 0062197 0262253 0062370 0262425 0062434 0462569 0262583 0062643 0062793 0062944 0062960 0063142 0063338 0063367 0263403 0063435 0063504 0263838 0263855 0063976 0064742 0064803 0064905 0064933 0265149 0265304 0065339 0365389 0065435 0065534 0265535 0065538 0265539 0265562 0065602 0065646 0065707 0065747 0065799 0066033 0066120 0266289 0066318 0266411 0066576 0066594 0266723 0266826 0066848 0066939 0366976 0067006 0267023 0067111 0067276 0067328 0267359 0067615 0367688 0368059 0068256 0068403 0068738 0068822 0068991 0069034 0069147 0069173 0269204 0069821 0269865 0069934 0270025 0270292 0070446 0370485 0070688 0370745 0070960 0071213 0271244 0071295 0071361 0071477 0071527 0071758 0071767 0072131 0072257 0272280 0372298 0072318 0072351 0272458 0272463 0372501 0072516 0272803 0072856 0072881 0373074 0073083 0073367 0073512 0073716 0273805 0073894 0074094 0274168 0074394 0074458 0274739 0074785 0075173 0075190 0075422 0375444 0075478 0075720 0075906 0275911 0076113 0076127 0076250 0276462 0076552 0076644 0076805 0076839 0076912 0076921 0077130 0077172 0377249 0277346 0077808 0278426 0078526 0078528 0078538 0078685 0078907 0278922 0079099 0279197 0379257 0079306 0079460 0079590 0079608 0079639 0079910 0080208 0080227 0080311 0280319 0080501 0080534 0380778 0080797 0080854 0080984 0381201 0081205 0281240 0081256 0281297 0381338 0081591 0081703 0081795 0081809 0282120 0282169 0282239 0082279 0082500 0082969 0083079 0083392 0083526 0083593 0283734 0083787 0084050 0084160 0084292 0284305 0084429 0084456 0284828 0085051 0285079 0085136 0085313 0285715 0085841 0085849 0085952 0086145 0286217 0286508 0086570 0286687 0086982 0087106 0087309 0287405 0087755 0087839 0088313 0088377 0088457 0088514 0088711 0388717 0288803 0088969 0289037 0089081 0089172 0289188 0389259 0089366 0289528 0089670 0089868 0089914 0089963 0090025 0090074 0090087 0090225 0090264 0090338 0090422 0090460 0290513 0090604 0290817 0090865 0090886 0091092 0291281 0291333 0091437 0091454 0391500 0291727 0092073 0092128 0092638 0092670 0092672 0092887 0092931 0093012 0293324 0093503 0293536 0093565 0093587 0093607 0093800 0093970 0094104 0094140 0094596 0294697 0394745 0294865 0095039 0095175 0095349 0095353 0095361 0095422 0295468 0095595 0095774 0095795 0095911 0295964 0095969 0096084 0096319 0096344 0096459 0096523 0096732 0096891 0096982 0297091 0097344 0097552 0097711 0097762 0097838 0297866 0397892 0097932 0098051 0098457 0098842 0098911 0098996 0098999 0099010 0099021 0099231 0099260 0099262 0099276 0399318 0099642 0099702 0099729 0099753 0299897 00100073 00100154 03100189 00100208 00100253 00100317 00100426 00100537 00100598 02100674 00100762 00100859 00100867 00100938 00101100 00101211 00101241 00101446 00101476 00101568 00101611 00101613 00101623 00101778 02101821 00101907 00101929 00102038 00102077 00102100 00102107 00102215 00102281 03102369 00102451 02102467 00102650 00102876 00102990 00103003 00103017 02103118 03103197 03103235 00103359 00103397 00103558 00103624 00103647 00103773 00103871 02103891 00103915 03104061 00104104 00104194 02104219 00104584 00104703 02104736 00104770 00104894 00104983 00105107 00105235 03105319 02105481 00105539 02105713 00105993 03106031 00106196 00106327 00106346 00106353 00106385 00106472 00106509 00106573 00106816 02106817 00106856 00106987 00107075 00107110 00107248 00107415 00107435 00107463 00107464 00108052 00108075 00108089 02108259 00108380 00108385 00108481 00108556 00108622 00108652 00108687 00108798 00108810 00108951 00109048 00109146 00109237 00109304 02109458 00109541 02109596 02109609 00109720 00109918 00110129 00110144 00110235 03110249 00110265 00110405 00110437 00110605 00110665 00110909 00110965 00110978 00110998 00111185 00111239 00111294 00111352 00111367 00111494 00111507 00111551 02111638 00111741 00111932 00111970 00111972 00112543 00112548 00112567 03112674 00112821 00112941 02112943 00113039 00113130 00113310 00113395 00113446
91621081 02290 00448 03474 04605 04731 00738 00962 001237 041947 002289 032556 032575 032819 003093 023585 043871 034065 004102 004904 034983 005173 035214 005321 045360 035364 005413 045414 005416 005532 046161 006250 046659 036742 026792 037034 037177 007378 007465 007485 027638 037661 008345 028359 048628 038640 038711 038914 008973 039036 009232 049282 039337 039412 009613 039990 0010038 0010175 0410413 0010698 0410784 0410911 0411422 0311499 0211681 0311684 0311706 0411783 0211809 0011883 0412063 0312160 0312529 0013298 0313756 0313805 0014191 0014227 0314344 0314410 0014426 0314637 0214694 0415137 0015345 0015537 0016309 0316350 0317050 0317164 0317459 0317599 0417731 0017916 0318071 0018230 0318236 0318609 0018643 0218645 0018737 0318926 0019372 0019378 0019472 0019745 0019948 0020047 0320261 0120338 0220959 0021034 0221050 0021579 0221951 0022189 0322586 0423447 0323492 0423502 0023663 0323963 0024255 0224302 0325033 0025762 0225847 0225976 0325986 0025994 0226075 0326077 0226645 0426876 0027546 0027674 0227820 0328463 0028524 0028978 0029395 0029505 0429539 0029877 0030698 0030704 0030765 0230876 0230892 0331018 0331347 0231499 0331529 0231584 0331663 0331810 0431975 0032274 0032892 0333160 0233221 0033405 0033467 0333535 0333759 0333851 0033863 0034044 0034065 0334337 0134456 0234778 0235040 0435193 0235265 0035289 0235425 0035547 0236044 0336317 0336395 0036518 0036550 0036753 0337016 0037065 0337082 0337223 0337317 0038076 0338338 0338385 0038492 0338613 0038800 0038898 0338923 0238998 0339084 0039087 0339543 0240144 0240508 0240518 0440527 0040617 0340681 0040786 0340864 0040877 0441212 0041218 0241623 0341811 0041892 0041971 0041987 0342185 0042203 0242345 0242372 0442445 0342656 0342869 0343063 0043476 0043900 0244143 0044167 0044444 0044560 0344711 0344785 0344861 0445566 0245673 0046038 0046171 0046440 0046454 0046607 0046691 0347400 0047760 0247884 0047975 0448210 0248268 0248527 0048680 0048777 0049285 0249452 0049538 0349686 0049824 0249852 0250060 0250135 0050250 0050517 0250577 0050830 0250836 0051032 0051210 0051247 0051452 0051551 0051946 0352267 0052292 0052401 0052691 0352794 0253005 0053165 0053534 0053754 0053789 0053908 0053971 0054261 0054505 0054723 0054812 0055014 0355102 0055267 0055331 0255402 0255407 0055434 0056111 0056115 0256412 0356441 0056670 0056780 0056836 0056861 0457180 0057336 0257422 0057573 0357585 0257623 0257669 0057788 0058034 0058303 0058311 0358398 0058700 0358914 0259050 0059102 0059116 0059129 0059293 0359424 0059502 0259824 0059850 0060255 0060490 0060697 0060945 0061014 0061122 0061150 0061238 0061353 0061457 0061823 0062155 0062180 0362242 0062479 0062533 0062571 0262713 0362747 0063097 0063116 0063340 0063350 0063486 0063506 0063681 0063696 0063774 0064155 0064239 0064309 0064664 0064694 0064946 0365017 0265177 0065637 0365727 0065754 0066087 0066122 0066147 0066240 0066348 0066523 0066756 0066854 0066981 0067018 0367085 0067135 0067218 0067219 0067283 0467337 0067467 0067517 0267557 0067575 0067651 0068402 0068610 0269638 0069817 0069824 0269915 0269931 0370072 0370303 0070313 0070373 0070396 0070402 0370727 0370947 0071004 0071084 0071179 0071306 0071368 0071556 0071685 0071821 0071917 0372039 0072180 0072258 0072798 0072865 0272888 0072917 0373176 0373522 0273579 0073662 0073702 0073965 0074054 0074068 0074085 0074498 0074684 0074798 0074922 0075258 0275345 0375362 0075375 0075409 0075605 0075928 0276008 0076025 0076259 0276387 0376581 0276833 0276870 0076942 0077013 0277089 0077540 0077838 0077980 0078001 0078043 0078099 0078313 0378431 0078619 0079081 0079129 0079135 0079220 0079238 0079384 0079500 0079539 0079642 0079671 0379762 0079944 0380169 0280217 0080300 0080394 0080624 0080678 0080730 0080834 0080886 0081165 0281260 0281287 0081706 0081839 0081977 0082083 0082172 0082275 0282304 0082452 0082844 0083344 0083633 0083908 0083959 0084040 0084296 0084313 0084472 0084489 0084607 0384864 0385403 0385466 0085795 0085846 0086097 0086752 0086819 0087096 0087317 0087438 0087563 0087649 0087737 0087831 0087834 0387846 0088098 0288557 0088689 0088921 0089053 0089183 0089213 0089251 0089402 0089451 0089608 0089624 0089639 0089705 0090031 0090148 0090256 0090326 0391026 0091270 0091391 0091472 0091481 0091679 0091788 0392036 0092069 0092093 0292262 0092288 0092882 0093003 0393033 0093073 0093086 0393411 0093456 0093528 0093640 0093720 0093770 0093898 0393932 0094205 0094237 0094383 0094502 0094581 0094680 0094711 0094725 0094754 0394782 0094860 0094870 0095081 0395278 0095448 0095455 0095510 0095512 0095573 0095577 0295715 0095996 0096191 0096362 0096440 0096560 0096694 0096843 0097008 0097084 0097141 0097170 0097426 0097556 0097559 0098061 0098167 0298286 0098292 0098295 0298467 0398480 0299282 0099425 0099496 0099656 0099703 0099810 00100152 00101131 00101458 00101465 00101690 00101774 00101785 00101919 00101930 00102072 02102166 00102176 00102243 00102839 00103103 00103241 00103349 02103393 00103474 00103599 00104143 00104414 00104751 00104905 00104918 00104955 00105144 00105238 00105257 00105498 00105674 03105921 00105978 00105992 00106069 00106433 00106476 00106478 00106684 00106735 02106796 00106886 00107012 03107073 00107380 00107503 02107507 02107921 00107957 00108022 00108193 00108505 00108510 00108535 00108691 00108814 00109057 00109113 00109222 00109339 00109360 00109371 00109373 00109410 00109563 00109659 00109869 00110002 00110013 00110057 02110233 00110378 00110390 03110601 00110827 00111125 00111144 00111205 00111329 00111668 00111768 00111774 00111889 00112098 00112127 00112193 03112259 00112287 00112347 00112380 00112422 00112428 00112432 00112439 00112494 00112505 00112601 00113170 03113282 00113321 00113550 02113582
91621091 0075 0092 04121 03231 02518 01565 00681 03722 03732 00901 00936 031108 031160 041329 001349 031360 031492 031531 021566 041983 042161 002180 022208 002334 022337 032352 002554 002597 042682 032884 002939 033076 043288 003354 003524 033533 033778 024073 004229 004295 014459 034498 044627 004650 034652 034692 035258 035349 005516 005563 025597 025662 005663 005823 045912 036315 026343 026459 036509 036604 006751 036797 036856 006934 047021 007193 007205 007403 007621 007627 047857 028165 048183 038400 008466 008609 038877 029000 029294 049315 009379 039473 049550 0010059 0210095 0310112 0010123 0410410 0310414 0010436 0010533 0210549 0310631 0310679 0010756 0310802 0010857 0211127 0011520 0111555 0311778 0011962 0311986 0212397 0212665 0012666 0012688 0012944 0013366 0413593 0013670 0313735 0313830 0414104 0014137 0014163 0214202 0314230 0414583 0314622 0314696 0314888 0314984 0215270 0215373 0015407 0015511 0015636 0415688 0015791 0216013 0216207 0316355 0316399 0216507 0316524 0016594 0016618 0216757 0016826 0416886 0017151 0017166 0217241 0317295 0017650 0017761 0318076 0318126 0318279 0318317 0318334 0318510 0018700 0218935 0019154 0219169 0419227 0319287 0019683 0219735 0319867 0020105 0320248 0320346 0320382 0020411 0020450 0020660 0420964 0021046 0021291 0021637 0021759 0021887 0322039 0022194 0022195 0222273 0222306 0322356 0322485 0322566 0022595 0422723 0322780 0322957 0323041 0223255 0423351 0323455 0323737 0023799 0023838 0023925 0324001 0224002 0024139 0324460 0424774 0324900 0025053 0025063 0325092 0025127 0225139 0025509 0325547 0025640 0025863 0026007 0326152 0026248 0026333 0026342 0326347 0026436 0026468 0026627 0026663 0026784 0327008 0227046 0327082 0027210 0027269 0427316 0327421 0327625 0427675 0027879 0427950 0028173 0028373 0028455 0328488 0328733 0028817 0429011 0029100 0029118 0329138 0429234 0029375 0329499 0029652 0329662 0029715 0029767 0029811 0229815 0029951 0029989 0330176 0330204 0230452 0330530 0030762 0030809 0031063 0031279 0031332 0331379 0331430 0331808 0331877 0031894 0332299 0332414 0332447 0332633 0432676 0332813 0332820 0032833 0332872 0332946 0433065 0333108 0433194 0333211 0033269 0033329 0033454 0333570 0433701 0033706 0333711 0333905 0033966 0033987 0234133 0034162 0034187 0334270 0034294 0334382 0034641 0034788 0034841 0234952 0335002 0035026 0235154 0035220 0035266 0035276 0035288 0035486 0235505 0435521 0035617 0035649 0035677 0035681 0035690 0035790 0035897 0035948 0236061 0036170 0036173 0036190 0436229 0036443 0236444 0336540 0336596 0036716 0036770 0036782 0037195 0337392 0037482 0337560 0237881 0337919 0237965 0238269 0338701 0038739 0038788 0038903 0039129 0039220 0039275 0039385 0339531 0439566 0039640 0039652 0039699 0339832 0339861 0039883 0239905 0040015 0440085 0240182 0240405 0040503 0240529 0340754 0040773 0240867 0240917 0340992 0341022 0041176 0241235 0241270 0341293 0241480 0241686 0041827 0341854 0041925 0042087 0042133 0042140 0042154 0242194 0042204 0242231 0042263 0042270 0042297 0342369 0042402 0342473 0342556 0242564 0042593 0242600 0042721 0342754 0443097 0343130 0443187 0343305 0043404 0343468 0343553 0043861 0043869 0344099 0344349 0044508 0044839 0344904 0045001 0345006 0045012 0045190 0045511 0045738 0045753 0245949 0345981 0346206 0046215 0046444 0346453 0346557 0046558 0346584 0046620 0246696 0347003 0347287 0447320 0347427 0047431 0047432 0347442 0047618 0047642 0047829 0347833 0347923 0348014 0048106 0348109 0048469 0048501 0348557 0348629 0048671 0348845 0048983 0049041 0049095 0349111 0049303 0249388 0049484 0249790 0049808 0349883 0350099 0050221 0350237 0050256 0050361 0350376 0050460 0250607 0050665 0250777 0050987 0051143 0351181 0051231 0251232 0251404 0051408 0051727 0351913 0351962 0051990 0352058 0052076 0052109 0452116 0052236 0052300 0052301 0352620 0352746 0052830 0252851 0352919 0052967 0052996 0353000 0353119 0353121 0053134 0053137 0053343 0053398 0053607 0253644 0053645 0453984 0053994 0054047 0054116 0054133 0054196 0054234 0054409 0054434 0054442 0054624 0354658 0254725 0054820 0054877 0254998 0054999 0355154 0055172 0355367 0055386 0055701 0055708 0055874 0356362 0356451 0056676 0056932 0057015 0457030 0057041 0457240 0057368 0057369 0257395 0057468 0057624 0057631 0057707 0057759 0357796 0057837 0057857 0057859 0057962 0058054 0058154 0058235 0058271 0258388 0458550 0458583 0058587 0358630 0058668 0058708 0058726 0058757 0058926 0059031 0359105 0059106 0359132 0059285 0059349 0259371 0059514 0059752 0059770 0059771 0359773 0059800 0059821 0059909 0060091 0060242 0460311 0360325 0360495 0260524 0060552 0260570 0360666 0360886 0060923 0360957 0061111 0061148 0061191 0061287 0061324 0061341 0261448 0061535 0061682 0261994 0062031 0062044 0262118 0062125 0062139 0362498 0362551 0062554 0462622 0062695 0062855 0262899 0062931 0263285 0363357 0363470 0063534 0263663 0063706 0063755 0063908 0364221 0064332 0064471 0264511 0064589 0064641 0064780 0065091 0065108 0065116 0065154 0265292 0365361 0065483 0065563 0265575 0065612 0365758 0065818 0065825 0266014 0066223 0066450 0066539 0266564 0066729 0067181 0367274 0067299 0367329 0067452 0067496 0067560 0367657 0067719 0067727 0367738 0467764 0067777 0267838 0067851 0067869 0367911 0067917 0267974 0068073 0368152 0068160 0068316 0068474 0068476 0368539 0368553 0368602 0068632 0068649 0068742 0468853 0069105 0069166 0069341 0069386 0369478 0369551 0069555 0070034 0070126 0270213 0070224 0070291 0070348 0370356 0070442 0270479 0070590 0070711 0370854 0070944 0071172 0071314 0071355 0371396 0071398 0071419 0071511 0071513 0071686 0071689 0071691 0271777 0072140 0072197 0372313 0072494 0072563 0072571 0072606 0372613 0072629 0072657 0072718 0072850 0373058 0073183 0073250 0073297 0373358 0073711 0073718 0273755 0073870 0273972 0074150 0074180 0074253 0074399 0074466 0374622 0074658 0074688 0074736 0274822 0074870 0075034 0075040 0075090 0075393 0075543 0375565 0075587 0075618 0275742 0075787 0075964 0076067 0076093 0076419 0076427 0076468 0276536 0076628 0076791 0076818 0076899 0276956 0077458 0077502 0077655 0077903 0078054 0078170 0078492 0078496 0078574 0078588 0078711 0078812 0078838 0278877 0079371 0079522 0079593 0079613 0079617 0079848 0079870 0080012 0080049 0080079 0380089 0080117 0280322 0080327 0080354 0080569 0480588 0380689 0380720 0080845 0080982 0081028 0081289 0081321 0081571 0081691 0081699 0082042 0082288 0082330 0082332 0082363 0082401 0082407 0282577 0082624 0082658 0082739 0082805 0082938 0083313 0083449 0283467 0083485 0083616 0383646 0083755 0083846 0083987 0284147 0384211 0084492 0284548 0384584 0084601 0084628 0084885 0084962 0084972 0085026 0085077 0085124 0085242 0085326 0085338 0085359 0085376 0085452 0085512 0085577 0085655 0285705 0085791 0085925 0086272 0086441 0086534 0286790 0086831 0286900 0087010 0087014 0387193 0087212 0087277 0087286 0287314 0387435 0087502 0087556 0387581 0087742 0087757 0087791 0087892 0087906 0088257 0088285 0088476 0088519 0088521 0088539 0088585 0088696 0089252 0289310 0089388 0089404 0089416 0289533 0089570 0089644 0089671 0089693 0089702 0089708 0089835 0089918 0090115 0090420 0290453 0090539 0090568 0090597 0090613 0290678 0090710 0090814 0090952 0091035 0091065 0091212 0091570 0091579 0091646 0092015 0392151 0392231 0092308 0092343 0092457 0092511 0392531 0092605 0092895 0393057 0093138 0093159 0093183 0093292 0093375 0093398 0093498 0393507 0293763 0093798 0093828 0093873 0093874 0093972 0094022 0094030 0094035 0094055 0094304 0094386 0094586 0394685 0094841 0094883 0095011 0095026 0095470 0295539 0095757 0095954 0096040 0096122 0096328 0396452 0296607 0096651 0096755 0096974 0097002 0097012 0097053 0097134 0097194 0097196 0297396 0097456 0097684 0297705 0397818 0297862 0097973 0097982 0097999 0098023 0098152 0298160 0098180 0098222 0098304 0098332 0098509 0098607 0098620 0098656 0098694 0098794 0098908 0098998 0099056 0099264 0399453 0099469 0099536 0099681 0099767 0099802 0399839 0099862 0099909 0099993 00100102 00100184 02100276 00100512 00100527 00100660 00100990 00101050 00101164 00101182 00101325 00101373 03101838 00101844 00101895 00102160 00102564 00102663 03102664 00102701 00102728 00102918 00103026 00103030 03103095 00103320 00103371 00103381 00103412 03103486 00103726 03103795 00103942 00103965 00103966 00104000 00104008 00104027 00104091 02104162 03104214 00104284 00104290 00104373 03104406 00104502 00104524 00104570 00104599 00104611 00104680 00105402 00105738 00105906 00105998 00106221 00106351 00106411 00106495 00106513 02106632 00106646 00106660 00106717 00106850 00106860 00107020 00107122 03107181 00107288 00107366 00107444 03107585 00107833 02107908 00107991 02108057 02108153 00108367 00108402 00108673 00108682 00108707 00108744 00108775 00108867 03109142 00109309 00109317 00109418 00109483 00109557 00109625 00109742 00109850 00109951 02109992 00110120 00110154 02110171 00110428 00110472 00110529 00110604 00110731 00110900 00111040 00111346 00111510 00111538 00111617 00111709 00111750 00111780 00111890 02111907 00111953 00111965 00112207 00112265 03112425 00112461 00112670 00112729 03112857 00112869 03112927 00112961 02113002 00113028 00113041 00113316 00113343 00113578
91621101 0059 04410 00501 00627 00867 001061 001178 001186 001274 041334 031431 001487 001678 021825 002578 032972 043362 003477 033728 033846 004107 004128 004489 034534 024845 044901 005096 045343 045445 035483 005910 026165 006418 006605 006662 026769 026925 007001 047297 007503 007639 027659 027682 027856 038055 008073 048074 008336 008379 008674 008690 008726 038781 038838 038867 038897 038920 009009 009444 029633 0110010 0310480 0410933 0211018 0311235 0211407 0211437 0311518 0311916 0012003 0012076 0312105 0012282 0412283 0212372 0012473 0312510 0412541 0012586 0012932 0013103 0213889 0213937 0014023 0314112 0414305 0314538 0414683 0314851 0415043 0015207 0215331 0015422 0415552 0015738 0315961 0016295 0316440 0416456 0016565 0016599 0216774 0017388 0417598 0017754 0317835 0318519 0418568 0218728 0018785 0018794 0418898 0018901 0318954 0419136 0319458 0219574 0019794 0419795 0119863 0319970 0320210 0220327 0020384 0020610 0020741 0220779 0220901 0221248 0421647 0021740 0321895 0022166 0022170 0422186 0222312 0022469 0422550 0422793 0222843 0222876 0023278 0023281 0323404 0423433 0423618 0323809 0023856 0423952 0424027 0324029 0224300 0024362 0324475 0024616 0024709 0324750 0024824 0224880 0025398 0425480 0425550 0025701 0025706 0025935 0026093 0026201 0226409 0026447 0426505 0426525 0026531 0026984 0027097 0327259 0227372 0327462 0327479 0027510 0027522 0027551 0027795 0227892 0227910 0027992 0028510 0328685 0028701 0228726 0428740 0228752 0028773 0028916 0029462 0029596 0029635 0029670 0429890 0329937 0030218 0430259 0330349 0030371 0430451 0430710 0230751 0030758 0231138 0031231 0231253 0331605 0031685 0031776 0031906 0032228 0032232 0232334 0032355 0332423 0432514 0032583 0332925 0033070 0333084 0033332 0033574 0033581 0033653 0233671 0033735 0334146 0234163 0034464 0034474 0334539 0034544 0034713 0034715 0334730 0235111 0035489 0435578 0035719 0035729 0035749 0035832 0335854 0335869 0035918 0235957 0036158 0036218 0436568 0436569 0336681 0436801 0236944 0336981 0037054 0037192 0037219 0037266 0237447 0437464 0037591 0037613 0037805 0437920 0438039 0238319 0338437 0238465 0438695 0338708 0038854 0239014 0039094 0239324 0039407 0239503 0039550 0039565 0039830 0340119 0240124 0040223 0140376 0040413 0240624 0341184 0041330 0241416 0041470 0041474 0041483 0441578 0041583 0041601 0041611 0241708 0041917 0042264 0042684 0042897 0043082 0443189 0043327 0043338 0043411 0243489 0043764 0043811 0244118 0044478 0244557 0244576 0344599 0044938 0445091 0245218 0045369 0445425 0045468 0045568 0345644 0045791 0245998 0246037 0046065 0346341 0046458 0246551 0046867 0046909 0247033 0047078 0047194 0047268 0247289 0047384 0247610 0047644 0448003 0248176 0048360 0448366 0248580 0048714 0248823 0049201 0049233 0449633 0049640 0049873 0049882 0249921 0050007 0350398 0050585 0450781 0050832 0450879 0050936 0351044 0051115 0351286 0251340 0051585 0051720 0252005 0052106 0052438 0052553 0052605 0052641 0053100 0053157 0053505 0253521 0053943 0254262 0054401 0054520 0054612 0054668 0054791 0054848 0455004 0055258 0055735 0355740 0055857 0255859 0055895 0056016 0056088 0056100 0056163 0056239 0256290 0056306 0056366 0056587 0356643 0356693 0056732 0057011 0357193 0257242 0057255 0057263 0057686 0057758 0257766 0258174 0358334 0058454 0058471 0058481 0058938 0059287 0059335 0059469 0259515 0059566 0059753 0059792 0459803 0259822 0059842 0059891 0059970 0060032 0060440 0460449 0060518 0060577 0060663 0060967 0261028 0061100 0061265 0061586 0361928 0462064 0062413 0262460 0062681 0062705 0062770 0063164 0063202 0063358 0063430 0363603 0063693 0063888 0363911 0063921 0264114 0064126 0064226 0064423 0064556 0064614 0064763 0064775 0064976 0065023 0065052 0065146 0065172 0065332 0065723 0265847 0065955 0066152 0266193 0066336 0066383 0266400 0066480 0066517 0066592 0366674 0266711 0066745 0066858 0367022 0067142 0267229 0067291 0067381 0067644 0067664 0067684 0067685 0067703 0067706 0367761 0067949 0068158 0468457 0268472 0068741 0068980 0069150 0069682 0070129 0070236 0070258 0270661 0470670 0070734 0270880 0070955 0071141 0271275 0271443 0271540 0071609 0071700 0271719 0071832 0071944 0071945 0071988 0072044 0072201 0072309 0072322 0272671 0372728 0372734 0272846 0072974 0073103 0073184 0073292 0073427 0073801 0073966 0074003 0074069 0074102 0074390 0074410 0074488 0074491 0074789 0074874 0074883 0075077 0075123 0075184 0075441 0075615 0075709 0375745 0075901 0076072 0076075 0076142 0376145 0076196 0076198 0076334 0076374 0076402 0076535 0076606 0276607 0076656 0076779 0076806 0076968 0077030 0077186 0077253 0077258 0077404 0077450 0077804 0077975 0077990 0078016 0078038 0078074 0078090 0278213 0078438 0078453 0078724 0078935 0079062 0079075 0279179 0279641 0079761 0079797 0079843 0379903 0080067 0080146 0080202 0080533 0080817 0080935 0081118 0381164 0281251 0081367 0281491 0081803 0081872 0081983 0382036 0282107 0282993 0083047 0283595 0083676 0383717 0283821 0283841 0084053 0084070 0284373 0084700 0084726 0084772 0084904 0084987 0285111 0085247 0085265 0085598 0085669 0085692 0085702 0085785 0086032 0286082 0086194 0386212 0086302 0086430 0086549 0086563 0086701 0086767 0087045 0087134 0287221 0087322 0087437 0087444 0087483 0087522 0087565 0087818 0087851 0087894 0088145 0288219 0088382 0088408 0088485 0088507 0088540 0088555 0088559 0088587 0088686 0088748 0288749 0088806 0088829 0088907 0289007 0089165 0089833 0089958 0090145 0090187 0090621 0290692 0390729 0090753 0090785 0390908 0091015 0091284 0091358 0091683 0091754 0091826 0091850 0092195 0092307 0092471 0092577 0092666 0092807 0092839 0092898 0092901 0093337 0093478 0093595 0393656 0293735 0393762 0093787 0093901 0093935 0294123 0094134 0094256 0094350 0094732 0094907 0294910 0395055 0095194 0095560 0095760 0095885 0095901 0095937 0096034 0096228 0096347 0096486 0096497 0096499 0096514 0096626 0096653 0096784 0096878 0096987 0297063 0097449 0097453 0097492 0097547 0297569 0097789 0297828 0097849 0097979 0298032 0098158 0098212 0098406 0098418 0098425 0098459 0098561 0098723 0098740 0098868 0099224 0299309 0399495 0399552 0099624 0099657 0099663 00100493 00100566 00100597 00100651 00100691 00100789 00101026 00101082 00101085 00101380 00101405 00101479 00101616 00101876 00101938 00101993 00101996 00102098 00102174 02102208 00102249 00102347 00102488 00102644 00102692 00102770 00102782 00103273 00103307 00103388 02103421 03103471 00103491 00103724 03103756 00103776 00103790 00103850 00103914 00103934 00104212 00104296 00104358 00104405 00104811 00105135 00105166 02105189 00105208 00105218 00105256 00105283 00105428 00105458 03105670 00105801 00105918 00105963 00106135 00106429 00106503 00106750 00106989 00107163 00107346 03107425 00108023 00108054 02108109 00108165 00108287 00108406 00108458 00108828 00108916 00109074 00109114 00109143 00109349 00109456 00109527 00109561 00109801 00109849 00109861 00109889 00110187 02110473 03110566 00110752 00110761 00110879 00111076 00111156 00111256 00111259 00111287 00111575 00111722 00112052 00112240 00112480 02112504 00112517 00112697 00112716 00113065 00113345 00113363 00113534 00113571 00113588
91621111 02691 03869 032153 042380 032476 002787 032850 032909 022916 043004 003319 033383 043498 003531 003767 003960 034082 004481 044847 044997 045142 035512 025550 035970 046017 026077 006156 026375 036489 026670 026946 047065 007141 027204 047422 007712 037875 047886 008159 048265 008271 038281 008685 048780 009030 009302 049502 049605 029783 039919 0010020 0010052 0410087 0110152 0310402 0310432 0210816 0010953 0411142 0011404 0011464 0312147 0412234 0212507 0412623 0312999 0213015 0013453 0313456 0313691 0013833 0013934 0014011 0414473 0014504 0014668 0014792 0415227 0215626 0316052 0316255 0316525 0316620 0316669 0216690 0016798 0216799 0017200 0017251 0317516 0217732 0318017 0218099 0418363 0218408 0018545 0019004 0019258 0019303 0019317 0219367 0019482 0419811 0020093 0020111 0020304 0220426 0420433 0020563 0220818 0020861 0420926 0021085 0021161 0021187 0221245 0421547 0221916 0022521 0322833 0022870 0022913 0022981 0023087 0223252 0323629 0423773 0423943 0323956 0424080 0324194 0024316 0024350 0424385 0324422 0024523 0324647 0124908 0324917 0225169 0025388 0425390 0225607 0025782 0325791 0225949 0025977 0026386 0026705 0326915 0426995 0027036 0327307 0027422 0027494 0027680 0427741 0327917 0028103 0028157 0428231 0328242 0228259 0228291 0028448 0028518 0028770 0028777 0028848 0428901 0028903 0028929 0028945 0229238 0030097 0030198 0330299 0030361 0030421 0030701 0030702 0031117 0031361 0331396 0231423 0032027 0032154 0432272 0432586 0032590 0032748 0332823 0033079 0033135 0033172 0333209 0033237 0033899 0033903 0334181 0034338 0034611 0234655 0034784 0034849 0034943 0034946 0034986 0035024 0035043 0035170 0035368 0435433 0235452 0035669 0035685 0435706 0235814 0036014 0036215 0236289 0036467 0436493 0336503 0037229 0037271 0037410 0037418 0337433 0037490 0037739 0337926 0037945 0438342 0038586 0038773 0038878 0039061 0339274 0039316 0039530 0239561 0439705 0439896 0040063 0240071 0040134 0040271 0040327 0040346 0040483 0040640 0240674 0241205 0341772 0041958 0242151 0342218 0242219 0042260 0042290 0042455 0042647 0042693 0042789 0042802 0342939 0043020 0043211 0043263 0043466 0243596 0043931 0044199 0044235 0044411 0044521 0244945 0045136 0245510 0045515 0045567 0045703 0045864 0045925 0046067 0046074 0046243 0046277 0346321 0046379 0046426 0046524 0246724 0446971 0047207 0047419 0047666 0247946 0048326 0048397 0048656 0048657 0348682 0048704 0048734 0248913 0049052 0049266 0049315 0049324 0049754 0049863 0250005 0050177 0250186 0050346 0050472 0050485 0050738 0450797 0250817 0050835 0251017 0051021 0051099 0051102 0051158 0051277 0251562 0051964 0452141 0352178 0252200 0352206 0252259 0052359 0052405 0052477 0352610 0052781 0052897 0453063 0053143 0053325 0253635 0053658 0353682 0453791 0353834 0054206 0054337 0054399 0354593 0054596 0054720 0254859 0054948 0054965 0254975 0055018 0055056 0355131 0055471 0255786 0055876 0056013 0456083 0256159 0056561 0056616 0256638 0056688 0056747 0056749 0056955 0257141 0057205 0357207 0057377 0057543 0357615 0057711 0357773 0457981 0058023 0058233 0058389 0058516 0058521 0058598 0058762 0358795 0458864 0058907 0259063 0059313 0059682 0259732 0059932 0060400 0060542 0060555 0460590 0060634 0060716 0260757 0260846 0061075 0061105 0061113 0061164 0061338 0061373 0061451 0061590 0061602 0261643 0261658 0261793 0262179 0062198 0062215 0262243 0062445 0062451 0062518 0062520 0063139 0063252 0063569 0263642 0063678 0063789 0063800 0063939 0063995 0064029 0064415 0064510 0264519 0064577 0064582 0064685 0264724 0264971 0365045 0065125 0265258 0065263 0065397 0065453 0065557 0065810 0065905 0066005 0066095 0066123 0066206 0066360 0066406 0066473 0066869 0066974 0067031 0067038 0267173 0067379 0067515 0067694 0067882 0067926 0068068 0068153 0068209 0368284 0068731 0369393 0069431 0069495 0269528 0269839 0069873 0070109 0070111 0070235 0370408 0070417 0270565 0070757 0070800 0370863 0070903 0071129 0271349 0071403 0071426 0071455 0071467 0071769 0071827 0071896 0072106 0072115 0072255 0072567 0272665 0072726 0073013 0373389 0073426 0373552 0073601 0473671 0073883 0073889 0273900 0073932 0073975 0074018 0074146 0074406 0074518 0074553 0074623 0074629 0074757 0374777 0075162 0075175 0075197 0275272 0075318 0075421 0275497 0375813 0075842 0075947 0076124 0076150 0076189 0076218 0076304 0076534 0276551 0076608 0076773 0076941 0077005 0077590 0077769 0078291 0078445 0078554 0078580 0078650 0078806 0079038 0279580 0379714 0079824 0079849 0279926 0079969 0080008 0080294 0080295 0080331 0080430 0280437 0080488 0080494 0080748 0080759 0280874 0080890 0081135 0081393 0081543 0081695 0081820 0082093 0082095 0082335 0082496 0382594 0082690 0282791 0082807 0082897 0082981 0083020 0283039 0283201 0283476 0083537 0083591 0284175 0084249 0084257 0284408 0284562 0084731 0084781 0084794 0084958 0084961 0085018 0385117 0285177 0085226 0085406 0085474 0385611 0085966 0086048 0086070 0086256 0086262 0286630 0086736 0087149 0087321 0287335 0087416 0087460 0087531 0087535 0087601 0087709 0087930 0088142 0088160 0088264 0088277 0088386 0388402 0288427 0088573 0088613 0088737 0388822 0288844 0088892 0388971 0088988 0089140 0289270 0389380 0089415 0089472 0089517 0289520 0090045 0090229 0090258 0090391 0090478 0090649 0090714 0091173 0091286 0091290 0091310 0091488 0091607 0091670 0091680 0091708 0091748 0091799 0092007 0092130 0292459 0292490 0092633 0092817 0093060 0093081 0093179 0393394 0093785 0094056 0394185 0094292 0094299 0094342 0094355 0094558 0094606 0094645 0094678 0294821 0095007 0095167 0095630 0095640 0095807 0096163 0096212 0096263 0096322 0096404 0096441 0096543 0296562 0096593 0396640 0396648 0096669 0096765 0097001 0297265 0097290 0397316 0097392 0097433 0097669 0097721 0097775 0297835 0097871 0297883 0398208 0098372 0298450 0098553 0098724 0098792 0098805 0099037 0099246 0099289 0099350 0099378 0099561 0099562 0099743 0099827 0299866 0299890 0099950 00100265 00100274 00100291 00100353 00100398 00100433 00100533 00100613 00100627 02100642 00100670 00100950 00101011 03101045 00101058 00101084 00101103 00101279 00101440 00101519 00102046 00102346 00102387 00102415 00102809 00102993 00103032 00103116 00103317 00103319 00103402 00103451 00103498 00103534 00103563 00103572 00103651 00103677 00103682 00103694 00103877 00103951 00103998 00104009 00104122 00104280 00104318 00104419 02104541 02104563 00104871 00104875 02105015 00105089 00105102 00105131 00105155 00105249 03105381 00105492 00105627 00105653 00105780 00105824 00105827 00105840 00105859 00106003 00106104 00106380 00106400 00106423 00106552 00106698 00106775 00106840 00106859 00106958 00107022 00107106 00107216 00107357 00107495 00107593 00107681 00107725 02107974 00108134 00108164 00108442 00109020 00109040 00109049 02109062 00109134 00109405 00109438 02109510 00109587 00109707 03109726 00109773 00109842 00110121 02110290 00110559 00110578 02110602 00111014 00111106 02111133 00111292 00111381 00111418 00111519 02111532 00111681 00111728 00111991 00112029 00112100 00112123 02112165 00112307 00112485 00112510 00112675 00112754 03112870 02113077 00113163 00113168 00113304 00113387 00113529
91621121 04191 04340 03567 02802 00803 041064 001265 041271 001340 021721 012014 042125 022273 042396 042411 042666 042710 032786 042992 022996 043082 033115 033277 044060 004321 044565 014729 004933 045091 035340 035637 005871 035903 045932 046426 036455 036472 036521 026853 047165 007200 027276 037358 047372 007537 007642 027791 047804 047871 028035 048037 038124 048152 038510 009098 029447 049460 029722 029841 029849 039938 049973 0310177 0210280 0210323 0410327 0210572 0310657 0010783 0310834 0411014 0211184 0411521 0411600 0411616 0211904 0011933 0311954 0012133 0312172 0213129 0413411 0413461 0413534 0013900 0214079 0414505 0014811 0414895 0014909 0214916 0015315 0215862 0415936 0315993 0316286 0016795 0217131 0317601 0417948 0418263 0018646 0018727 0218796 0018862 0218957 0419161 0219177 0319316 0319442 0219593 0219595 0019715 0419716 0220118 0020310 0021120 0421182 0421363 0421683 0022318 0022589 0022716 0022923 0122970 0223122 0223200 0423285 0023676 0424046 0324087 0224589 0024594 0024759 0424777 0224794 0324851 0024871 0425260 0025660 0325983 0026761 0026899 0027217 0427470 0327491 0227794 0027854 0028025 0428104 0328292 0228353 0228715 0428758 0328885 0029039 0429292 0029318 0229344 0429463 0029507 0229594 0029794 0329824 0430078 0030156 0230359 0230498 0030593 0030793 0232139 0032315 0432356 0432489 0332506 0232562 0232700 0233009 0233025 0033052 0033153 0033486 0433778 0333826 0034134 0334174 0234300 0434652 0034966 0235152 0035237 0035239 0035360 0235905 0336075 0236224 0036305 0236314 0236327 0436633 0236702 0036736 0237001 0037301 0437959 0238040 0038061 0038172 0238271 0038761 0238970 0239085 0339711 0039760 0439837 0439946 0040069 0040167 0240594 0040643 0440753 0040806 0241025 0041222 0041230 0041287 0041494 0041527 0341783 0241832 0241855 0442011 0042152 0042182 0042387 0442398 0442502 0042680 0042687 0042716 0442893 0242899 0042952 0243018 0243074 0443483 0443635 0043824 0243831 0243860 0043906 0243940 0344080 0044153 0044271 0044295 0244367 0044431 0244517 0044665 0044668 0044775 0045061 0045086 0245095 0045179 0045279 0045391 0345410 0045419 0045950 0045989 0246163 0346183 0246374 0046629 0246636 0046816 0046878 0246996 0047005 0347068 0247397 0047569 0047574 0347751 0047785 0248181 0248190 0348540 0048610 0048625 0248803 0049395 0049603 0249604 0350370 0450618 0051190 0051471 0451978 0052064 0052172 0052286 0052734 0352757 0452777 0053489 0053752 0053977 0254184 0054473 0254504 0354693 0054906 0354911 0054980 0255032 0255074 0455223 0255256 0055366 0055713 0355989 0255991 0056201 0056637 0456674 0056742 0056942 0056970 0357113 0057165 0257519 0457904 0058043 0058254 0058283 0058324 0058447 0058580 0058696 0259170 0259236 0059405 0359468 0059867 0260021 0060115 0060122 0460128 0360178 0060239 0060460 0060628 0060968 0061110 0461175 0261348 0061368 0461409 0061791 0062203 0462534 0262577 0262785 0062821 0062831 0063118 0363270 0063398 0363404 0063408 0263576 0363677 0363710 0263718 0063730 0063918 0064222 0364285 0064339 0064356 0364388 0064421 0264424 0064452 0265411 0065471 0065484 0065541 0265619 0065632 0265901 0066127 0066134 0066264 0466315 0066549 0466558 0466752 0367148 0067190 0067197 0067311 0367430 0067470 0067573 0367594 0267874 0268137 0068169 0068227 0268274 0068527 0068603 0068672 0068766 0269042 0269142 0069370 0069818 0369856 0369891 0070020 0370024 0070340 0070416 0270441 0370558 0071008 0071189 0271194 0071197 0071201 0071327 0071405 0271794 0071982 0372005 0072226 0072353 0272355 0072361 0072374 0072499 0072511 0072576 0072589 0072648 0272695 0372729 0072949 0273029 0073278 0073332 0473441 0073497 0073614 0073721 0074170 0074183 0074343 0274345 0374367 0074373 0074524 0274832 0074973 0075338 0075371 0275676 0075987 0076043 0276508 0376516 0076557 0076571 0276797 0077060 0277233 0077257 0277305 0077373 0077638 0077865 0078013 0078069 0078169 0078206 0078232 0078261 0078358 0378428 0078536 0078665 0078712 0278782 0078818 0478887 0079264 0279319 0479399 0079680 0279733 0379734 0280055 0080174 0080190 0080342 0080456 0280568 0080926 0080947 0281166 0081235 0081280 0081294 0281654 0281836 0081879 0081970 0082218 0082276 0282297 0082353 0082511 0382684 0082756 0083032 0083038 0083329 0083332 0083901 0084067 0084180 0084224 0084368 0084757 0084905 0084912 0084978 0085151 0085922 0085934 0086014 0086216 0286266 0286276 0286725 0086934 0287180 0287222 0087354 0087668 0087688 0087775 0087893 0087916 0088401 0288767 0088848 0088867 0388908 0088990 0289296 0289419 0089763 0289954 0090448 0090509 0090725 0291041 0291133 0091252 0091297 0291410 0091666 0091770 0291988 0092023 0292278 0092324 0292342 0092548 0092701 0092722 0093158 0293217 0093239 0093290 0093429 0093506 0093665 0093711 0093790 0093820 0093986 0094176 0094326 0094513 0094525 0094527 0394733 0094912 0095183 0095401 0095437 0395441 0095492 0095552 0295626 0095686 0096002 0096063 0096268 0296386 0096464 0097253 0097358 0097447 0097505 0297554 0097970 0097993 0098202 0398421 0098623 0098702 0098774 0098793 0098978 0399011 0099230 0099315 0099518 0099696 0099775 0099780 0099929 00100104 00100296 00100361 00100399 00100444 00100467 00100478 00100581 02100639 00100640 00100855 00100973 00101249 00101334 00101686 00101889 02101906 00101995 00102054 00102181 00102183 00102277 00102301 00102339 00102430 00102434 00102585 00102894 02102901 02102936 00103078 00103248 00103338 00103524 03103613 00103721 00103806 00103943 00104002 02104135 00104197 03104198 00104376 00104630 00104962 00105063 00105452 00105551 00105704 00105735 03105759 00105944 00106048 00106097 00106243 00106246 00106304 00106408 00106738 00106815 00107024 00107034 04107902 00107951 00108288 00108496 02108581 00108616 00108857 00109070 02109075 00109252 02109440 00109665 00109760 00109762 00110036 02110199 02110237 03110409 00110515 03110613 00110820 00110830 00111074 00111264 00111387 00111622 00111826 00111938 00112605 00112715 00113032 00113482
91621131 01238 03323 03526 03736 00762 04763 031669 041931 022735 032882 003515 033737 004259 024300 004377 004626 004772 005138 005506 005775 025778 046103 027865 038011 028112 038180 048691 008825 038863 029390 029438 0310156 0210174 0310251 0210532 0211031 0211266 0012259 0013244 0013490 0413520 0413661 0213769 0314035 0014284 0314446 0214481 0014758 0014992 0015235 0015551 0015650 0316457 0016870 0016927 0017317 0017628 0017683 0418039 0018050 0018362 0018777 0318833 0319137 0019621 0020024 0320096 0020147 0220409 0020457 0320559 0320772 0020922 0320947 0321113 0321124 0221219 0021275 0321564 0221615 0321617 0321872 0322270 0022611 0022998 0023198 0023423 0323516 0423827 0024426 0324469 0024677 0024831 0224915 0225226 0426374 0226421 0226536 0426543 0426586 0326611 0127081 0327235 0027437 0027456 0427530 0327542 0227775 0027831 0028213 0228577 0228606 0028681 0328972 0028976 0029433 0029567 0429621 0229822 0229894 0430062 0230235 0230432 0030479 0230747 0031041 0031047 0031153 0031382 0031760 0031765 0031805 0031807 0031993 0032476 0032893 0433104 0433145 0033229 0033284 0233436 0233482 0034175 0034220 0034301 0334392 0334422 0334627 0034996 0035076 0235313 0035328 0035352 0035449 0035940 0036022 0236116 0036348 0236466 0036673 0036846 0036952 0037389 0237601 0037672 0039484 0039522 0039649 0039694 0339872 0040099 0240330 0040365 0340397 0040437 0340521 0241085 0041273 0041738 0441748 0042072 0042357 0042397 0042482 0342512 0042576 0342726 0043030 0043495 0043578 0243683 0343891 0244016 0044040 0044075 0244085 0044174 0344501 0044777 0344895 0045182 0045353 0245430 0345616 0245871 0046159 0346868 0347380 0348189 0248193 0348353 0048492 0048533 0048956 0048959 0049166 0349267 0249344 0049357 0049359 0049397 0049562 0049912 0049962 0050403 0250409 0350504 0050762 0050890 0051172 0251387 0451508 0051617 0251722 0051809 0251829 0051848 0051997 0252018 0052021 0052039 0052091 0052294 0052865 0053087 0053247 0053408 0353496 0053622 0253647 0053696 0053883 0054771 0254916 0055100 0055244 0055283 0055299 0055365 0055605 0055739 0055873 0256193 0056234 0356347 0056624 0256793 0356883 0257574 0057619 0257844 0057876 0257908 0357937 0058191 0058229 0258418 0358821 0058919 0259048 0259225 0359494 0059521 0059557 0059993 0060278 0260383 0060499 0060679 0060689 0060882 0261018 0061053 0261133 0261137 0061568 0461830 0361903 0061990 0062336 0062716 0262783 0062905 0063165 0063179 0063214 0063266 0063464 0263689 0063753 0063778 0063925 0063970 0063987 0064153 0064187 0064436 0064819 0064887 0364892 0064907 0065000 0065046 0265066 0065077 0065224 0265473 0065609 0365642 0065657 0365658 0066022 0066364 0066472 0066609 0066678 0066721 0066762 0066880 0066887 0066978 0067016 0067465 0267510 0067520 0067597 0067996 0068280 0068319 0068397 0068408 0068642 0068747 0268779 0068798 0068808 0068919 0069037 0069263 0269281 0069399 0069443 0069947 0270120 0070514 0070567 0370589 0070603 0370870 0070987 0071369 0371635 0071714 0071800 0071994 0072068 0072185 0072254 0072624 0072660 0072735 0072864 0272947 0073533 0073590 0073749 0073812 0073825 0073950 0074080 0274086 0074274 0074374 0074527 0074560 0075280 0075853 0075981 0075999 0076003 0076249 0076633 0077042 0077046 0077286 0077683 0077720 0077731 0077760 0077793 0077823 0077932 0378597 0078747 0078867 0078900 0378984 0379021 0079027 0079211 0279288 0379512 0279729 0079775 0079782 0079976 0080382 0080427 0280453 0080479 0080821 0280875 0281057 0081243 0081358 0281459 0081745 0081749 0081837 0081876 0381982 0081988 0082025 0082222 0082774 0082789 0082848 0082864 0082919 0283052 0083287 0083473 0283572 0083719 0083747 0084092 0084106 0084320 0084475 0084906 0284927 0084976 0085059 0085170 0085400 0085473 0085665 0085724 0086028 0086336 0086425 0086582 0086684 0087079 0087084 0087204 0087436 0087727 0287819 0087896 0088038 0088157 0088365 0088818 0089192 0089294 0089505 0089539 0089809 0089901 0089912 0089917 0089967 0091104 0091223 0091340 0091349 0091382 0091384 0091468 0091951 0092096 0092574 0092957 0093125 0093300 0093340 0093383 0093415 0093592 0093754 0093896 0093946 0094051 0094401 0294442 0094698 0094756 0095065 0095569 0095808 0095817 0096135 0096502 0096547 0096848 0097312 0097333 0097518 0097869 0098361 0098378 0098542 0298612 0098624 0098855 0099033 0299243 0099615 0099749 00100014 00100045 00100053 02100283 00100293 00100325 00100351 00100727 00100865 00101060 00101227 00101313 00101422 00101586 00101621 00101664 00101850 02101940 00102017 00102035 00102223 02102268 00102461 00102859 00102956 00103152 00103293 00103327 00103631 00103835 00103846 02103855 00103863 00104098 00104251 00104499 00104500 00104640 00104744 00104868 00104975 00105214 00105444 00105520 02105685 00106185 00106219 00106227 00106322 00106368 00106562 00106586 00106755 00106911 00107104 00107457 00107534 00107804 00107966 00108099 00108205 00108234 00108455 00108894 00109023 00109072 00109076 00109668 00109876 00109926 00109998 00110193 00110239 00110268 00110321 00110685 00110832 00110859 00110885 00111005 00111031 00111404 00111789 00111870 00111926 02112150 00112206 00112656 00112662 00113004 00113104 03113314 00113342 00113351 00113390 00113543 00113558
91621141 03670 021006 001132 031184 001454 001498 002116 032126 032599 002943 032953 033052 033212 023447 034149 034851 035369 025611 006574 037335 008051 008286 008332 028712 008876 009104 009813 009947 0310245 0010264 0411026 0111117 0311183 0311240 0311317 0011497 0011807 0312218 0312743 0114236 0315151 0015155 0315619 0416289 0316305 0016754 0317110 0017827 0317831 0018033 0018246 0018446 0318783 0019048 0419279 0019427 0220303 0020316 0020387 0420536 0321153 0421507 0221727 0321776 0322011 0322107 0022387 0022390 0322751 0022767 0322772 0322911 0223318 0023621 0024201 0024521 0024855 0025236 0225277 0325387 0026733 0426734 0027113 0027273 0027321 0027490 0027765 0028143 0028363 0328364 0328377 0028821 0328951 0329331 0029899 0030857 0331035 0031497 0031771 0332005 0332367 0032787 0033372 0334793 0035007 0035054 0035153 0335262 0035508 0336510 0236964 0038033 0238036 0238733 0338746 0239102 0039279 0039709 0040254 0040263 0340614 0240810 0041236 0041348 0341598 0042653 0043543 0244342 0044366 0244373 0344496 0345051 0046164 0046787 0346895 0346946 0347454 0047577 0047818 0048346 0048546 0049008 0349061 0249104 0049145 0049319 0349360 0049434 0049583 0349588 0049776 0249886 0250495 0050677 0051579 0251697 0051733 0351762 0351851 0052731 0052852 0252991 0253051 0054106 0354228 0054599 0054602 0254605 0054667 0254733 0055378 0355426 0355574 0055924 0055987 0356072 0356202 0056848 0357595 0057610 0059156 0059243 0359611 0059917 0360979 0061576 0362213 0062404 0062503 0062555 0262589 0062895 0363740 0363849 0063992 0064101 0064103 0064527 0064680 0365261 0365270 0365555 0065607 0065617 0066673 0066736 0066931 0067176 0067784 0368222 0368568 0268709 0068778 0269090 0070008 0070022 0070037 0370308 0070339 0070784 0370967 0071032 0371842 0071918 0372305 0073767 0073787 0074155 0374528 0074555 0274812 0375005 0275481 0076199 0076240 0076263 0076407 0076691 0076829 0077008 0077323 0077368 0077547 0077798 0077916 0077974 0378621 0078739 0079108 0279372 0079489 0079668 0079947 0080509 0080518 0080675 0080739 0080903 0080965 0280997 0081047 0081356 0081557 0081588 0081686 0081962 0081963 0382322 0282561 0082804 0083057 0383083 0283337 0383432 0083448 0083493 0083645 0084018 0084269 0084301 0084462 0384485 0084579 0085192 0385726 0085988 0086024 0386346 0086371 0086575 0086602 0086654 0086732 0286734 0086910 0087257 0087329 0387506 0087729 0088327 0088693 0088766 0089590 0090646 0091292 0091295 0391389 0091475 0391494 0091597 0092234 0092236 0092276 0092353 0092494 0092607 0092694 0092780 0393048 0093059 0094547 0394749 0095726 0096388 0096462 0096698 0096719 0096757 0097239 0098085 0098100 0098333 0098388 0098898 0099015 0099484 0099541 0099633 0099709 0399931 0099946 02100246 00100297 00100374 00100830 00100943 00101135 00101322 00101653 00101925 00102614 00102738 00102758 00102792 00102813 00102966 00102973 00103192 02103285 02104493 00104496 00104934 00105802 00105851 00105883 00106811 00106910 00107097 00107223 00107309 02107576 00107835 00108251 00108273 00108377 00108645 00109021 02109271 00109403 03109432 00110418 02110640 00110846 00111573 00112048 00112248 00112371 00112403 00112778 00113043 00113223 00113318 00113487 00113547 00113597
91621151 04699 00744 00756 001120 001125 001769 002262 002700 042718 002902 003119 033138 003326 003685 003826 023866 024282 034522 044705 024819 035210 045424 035771 026229 007429 027457 047703 007794 037807 027917 028085 009874 0010201 0310333 0410951 0010974 0310992 0411148 0011242 0011342 0312139 0012677 0212703 0012923 0013016 0013268 0313510 0313856 0214179 0014539 0214613 0414693 0014754 0314898 0014944 0315064 0315308 0115654 0316143 0017199 0017350 0017518 0317813 0217858 0217982 0218299 0418354 0018868 0018908 0219529 0019657 0319785 0019884 0019926 0319956 0019962 0020206 0020479 0220712 0020774 0021112 0221211 0021413 0321456 0221928 0222150 0022735 0322797 0222927 0022934 0023030 0023437 0223549 0223861 0223867 0023868 0223996 0224425 0224487 0024578 0224721 0024921 0024971 0225045 0025165 0225201 0025449 0025453 0025672 0025740 0025819 0025999 0026262 0026529 0026670 0026773 0026780 0028154 0328359 0228476 0029295 0329698 0029980 0029991 0430153 0030227 0030708 0030984 0031028 0031114 0231304 0031546 0031925 0032062 0032755 0232869 0032969 0333427 0033595 0033624 0333812 0434182 0234195 0334897 0235044 0035214 0135437 0235550 0035748 0036074 0336500 0036547 0036668 0436705 0036720 0036751 0036922 0237326 0337488 0037533 0037853 0038063 0338149 0038662 0338866 0039031 0039112 0039153 0039284 0339368 0040111 0040199 0040428 0340432 0340886 0240993 0041108 0242191 0042359 0242717 0242829 0243091 0343707 0043823 0043858 0044123 0044238 0344561 0044625 0244661 0044837 0044838 0344919 0044921 0044965 0045344 0345351 0245479 0445532 0345675 0045812 0245895 0046261 0046318 0346467 0246504 0046856 0047255 0247406 0047509 0047513 0347576 0047599 0347698 0047919 0247991 0048002 0248297 0448359 0048499 0349083 0349103 0049680 0049730 0049819 0050390 0050407 0050509 0350583 0050759 0051437 0051668 0052046 0252133 0052407 0252616 0052715 0052742 0052973 0053161 0353806 0053979 0054191 0054447 0254524 0054590 0054592 0254744 0054788 0055389 0055491 0055502 0055531 0255912 0055995 0356311 0056410 0056425 0056557 0056651 0056694 0056934 0357360 0057475 0357891 0057923 0257968 0058149 0058423 0059074 0059114 0059187 0059383 0059680 0259799 0259900 0059965 0360272 0460576 0060745 0060829 0060867 0061010 0061249 0061607 0061728 0061843 0062312 0362504 0062508 0062588 0062829 0263051 0063441 0363683 0063725 0063809 0063818 0063854 0264745 0064827 0364932 0065097 0265234 0065449 0065699 0065725 0065781 0066102 0066284 0066566 0066867 0067087 0067390 0367457 0067460 0067475 0067720 0067830 0267855 0268032 0268220 0068245 0068508 0068543 0068596 0068676 0068821 0068870 0069876 0070261 0270570 0070653 0071303 0071309 0071388 0071414 0071442 0071634 0071731 0071783 0371813 0071871 0072209 0072302 0072473 0072485 0073095 0073139 0273260 0073569 0373647 0073949 0073982 0074015 0274111 0074277 0074362 0274415 0274567 0074633 0074726 0074885 0074897 0075142 0075167 0075552 0375586 0075741 0075833 0076423 0076429 0377106 0077215 0077704 0077880 0278024 0078077 0078128 0078146 0078546 0078656 0078852 0078954 0279006 0379037 0079067 0079115 0279291 0079325 0279376 0079471 0079809 0379897 0079905 0079948 0080086 0080358 0080602 0080900 0081000 0081134 0081355 0081373 0081473 0081474 0281668 0082940 0083138 0083213 0083216 0083439 0083455 0084051 0084229 0084258 0084324 0084409 0084660 0084751 0084767 0084807 0084870 0085063 0085103 0385234 0085260 0286176 0086515 0086531 0086552 0086603 0086766 0086777 0086786 0086802 0087091 0087098 0087262 0287466 0087580 0087678 0087689 0087910 0088105 0088177 0088297 0088580 0088599 0088631 0088644 0088928 0089016 0089150 0089277 0089589 0089871 0090196 0290524 0090569 0090666 0091274 0091300 0391386 0091412 0091435 0091442 0291594 0091682 0092011 0292173 0092204 0292550 0092590 0092708 0092750 0093023 0293137 0093142 0093488 0093618 0093647 0093651 0093654 0093680 0093709 0093879 0294004 0394089 0094153 0094197 0094650 0094823 0094933 0294955 0094957 0095219 0095222 0095329 0095368 0095533 0295607 0095639 0095648 0295780 0095909 0096091 0396110 0096959 0096960 0097018 0097104 0097293 0097353 0397374 0097467 0297531 0097719 0097885 0098150 0098159 0098355 0398474 0098570 0098986 0099125 0399142 0099263 0099369 0099417 0099706 0099898 0099907 00100124 00100140 02100155 00100224 00100255 00100335 00100364 00100425 00100480 00100862 00100953 00101064 00101205 00101385 00101437 00101752 00101809 02102084 00102196 02102207 00102328 00102460 00102756 00103011 00103150 00103160 00103335 00103382 02103405 00103411 00103457 00103883 00103974 00104207 00104769 00104856 00104968 00105054 00105181 00105427 00105588 00106167 00106202 00106439 00106602 00107178 00107197 00107202 03107299 00107468 00107478 00107867 00107884 00107935 00108405 00108434 00108586 03108781 00109000 00109028 00109107 00109152 00109391 00109396 00109554 00109565 00109860 00109983 00110436 00110663 00110675 00110784 00110938 00110999 00111089 00111504 00111900 00111974 00111977 00112078 00112102 00112457 00112534 00112838 00113176 00113185 00113555 00113572
91621161 0469 03427 00515 00549 03551 04735 03764 04828 04963 02984 041172 041253 031291 001463 031470 041767 041906 031922 031944 031948 002158 042241 002258 032394 022412 032521 002530 022551 042591 032635 042849 032926 042968 033107 043223 033346 043638 033935 004168 034314 044360 004521 004714 004908 024924 035005 035104 035136 005154 045350 045354 035376 025584 025605 005640 005733 005833 005968 045976 025995 036202 006367 046428 036453 006504 006702 026718 026857 006897 006914 027031 017086 047331 007436 037474 047597 047605 007866 007873 038070 038091 028270 008280 008460 038474 008548 028594 038751 008833 038908 039103 009122 049138 029229 049260 049489 049593 039713 049754 039858 049941 039984 0310003 0410117 0010467 0410523 0010552 0210702 0410710 0410968 0211048 0211214 0211249 0311276 0211304 0311571 0411702 0011790 0211828 0411854 0412113 0212130 0412239 0012294 0012312 0312394 0412509 0012545 0012570 0212579 0412612 0412648 0312694 0412709 0312815 0412935 0012937 0412952 0213247 0013321 0413324 0313375 0413876 0413879 0413939 0313978 0014319 0014331 0214408 0014496 0014518 0014864 0014925 0414932 0014940 0315007 0015074 0015179 0315203 0015204 0215385 0015687 0315761 0415769 0015895 0316039 0416043 0016054 0216132 0016441 0016573 0316671 0016717 0016839 0016997 0417084 0217098 0017276 0317282 0417376 0417585 0317604 0417624 0317667 0217865 0317950 0418024 0218059 0218097 0018120 0418128 0018177 0018304 0418308 0318352 0318443 0018467 0118488 0018583 0018678 0418751 0018975 0019013 0019248 0419283 0319334 0019514 0419589 0319623 0219771 0019833 0019889 0019893 0219896 0220117 0220505 0220606 0420755 0020770 0320905 0020954 0020988 0021129 0421420 0421442 0221517 0021716 0221741 0321771 0222006 0022014 0222368 0122460 0022571 0222600 0422688 0222777 0022796 0022855 0223338 0023362 0023397 0023454 0223568 0023602 0023769 0023906 0024060 0224134 0024142 0024191 0024224 0324278 0224365 0024450 0224463 0024633 0024658 0324661 0024666 0024675 0324688 0324875 0025056 0025110 0325116 0225117 0325199 0425355 0325371 0025412 0225442 0425458 0325479 0425748 0225842 0025916 0425940 0026045 0026155 0226219 0026282 0326297 0026489 0026502 0026559 0026828 0026845 0026923 0026994 0326996 0227209 0027423 0027429 0327629 0427664 0427771 0327887 0427981 0327994 0028010 0428014 0428208 0028339 0028351 0328471 0228655 0328776 0328811 0029054 0229165 0429168 0329221 0029223 0029339 0329449 0029564 0229577 0029578 0029615 0029744 0029880 0029913 0329988 0030009 0030215 0030341 0030427 0030591 0230816 0230884 0431099 0431110 0331145 0231283 0431340 0031409 0031440 0431453 0431643 0031746 0231787 0031826 0031922 0332009 0332056 0432131 0432176 0232234 0032276 0432463 0332574 0033184 0033248 0033288 0033444 0033445 0033539 0233787 0433816 0433900 0333951 0033960 0234107 0334172 0234201 0334215 0034249 0034352 0334368 0234633 0034651 0034831 0034950 0034970 0034991 0034993 0035145 0435165 0235224 0335290 0035366 0335402 0235496 0035620 0435921 0436089 0336195 0436379 0336386 0436399 0036692 0036763 0336781 0236793 0336848 0236862 0336879 0236880 0036925 0037069 0337291 0337550 0437559 0037681 0037721 0037795 0337822 0237823 0338043 0038133 0038151 0338245 0438663 0238814 0238816 0039012 0239022 0039076 0239241 0439285 0039306 0339424 0339432 0039569 0039629 0039666 0039771 0039824 0239834 0039911 0339941 0039991 0039999 0240062 0440097 0040145 0040292 0240326 0040725 0041001 0041044 0041234 0041302 0341351 0341364 0041382 0341403 0241442 0441479 0241501 0341606 0041687 0041790 0241807 0441878 0041932 0342009 0342104 0242200 0242275 0342412 0042415 0042507 0042599 0242660 0342689 0042753 0042891 0242903 0342914 0042987 0043259 0443442 0043591 0043752 0343805 0244077 0044144 0444388 0044540 0044743 0244796 0044875 0044956 0045172 0045207 0345289 0245294 0045303 0245508 0345938 0045984 0046029 0046110 0446184 0046216 0246300 0246334 0046336 0046452 0046517 0046556 0046705 0346706 0046751 0346766 0046880 0046949 0047022 0347177 0247393 0347440 0347606 0047686 0047700 0347772 0048058 0048110 0248127 0348195 0048239 0048262 0048362 0048535 0048562 0048602 0048766 0248799 0048924 0048937 0248955 0049167 0049256 0249276 0249445 0449447 0249469 0249547 0449693 0049716 0049731 0049738 0049768 0049780 0450062 0050226 0050307 0050542 0350543 0050589 0050626 0250760 0250801 0051015 0251043 0051072 0251098 0051110 0051196 0351259 0051331 0351421 0051468 0351513 0051518 0051723 0051782 0252329 0052362 0052400 0252437 0052508 0052517 0352569 0052703 0052833 0252872 0352944 0452959 0052977 0252987 0353354 0253439 0253466 0053569 0053890 0053965 0054185 0354224 0254327 0254449 0054472 0054532 0054773 0354781 0054889 0254895 0054910 0254940 0054954 0055088 0055178 0355289 0255506 0255535 0055644 0355651 0055691 0055761 0055851 0055940 0056079 0256253 0256295 0056400 0056415 0256663 0056803 0057012 0057029 0357063 0057135 0057364 0057383 0057526 0257630 0057645 0057662 0257721 0057865 0257991 0058006 0058033 0458057 0058163 0258182 0258446 0258474 0058568 0058722 0058973 0059224 0459325 0059419 0059679 0059696 0459849 0359919 0059955 0060144 0060207 0060230 0260274 0060308 0060382 0260432 0060465 0060543 0060549 0360622 0060657 0060670 0060683 0060706 0060712 0060786 0360800 0060969 0061017 0061114 0061198 0061376 0361446 0061655 0061674 0061681 0061703 0061861 0061962 0362084 0062154 0062320 0062332 0062335 0062341 0062375 0462389 0062765 0062840 0062877 0062935 0063063 0263068 0263120 0363123 0363287 0263450 0063592 0063616 0263707 0063779 0363877 0063890 0363906 0063933 0063958 0064034 0264194 0064224 0064259 0064324 0464467 0064498 0064652 0064792 0364872 0464925 0065123 0065233 0065248 0365276 0365379 0365409 0065463 0265615 0065643 0365859 0465986 0266021 0066082 0066358 0066375 0366435 0366606 0066698 0066761 0066845 0266857 0066909 0066968 0467003 0067012 0067039 0067057 0067113 0067178 0267231 0067247 0067319 0067353 0067399 0067439 0067559 0067639 0067674 0067776 0367905 0067992 0268069 0068096 0068142 0068261 0068410 0068532 0068589 0368611 0368617 0068654 0368760 0068882 0268929 0069220 0069246 0069306 0069364 0069575 0069601 0069846 0270055 0070147 0070174 0070262 0070578 0370720 0070838 0070894 0070931 0070995 0371124 0071152 0271161 0071233 0271346 0071392 0371402 0071538 0071815 0071855 0071877 0272284 0072330 0072339 0372515 0072556 0072608 0072636 0072643 0072691 0072773 0272778 0072941 0072955 0373040 0073094 0073118 0473196 0073354 0073373 0373407 0073593 0373608 0073742 0073770 0073988 0274011 0074133 0074157 0074464 0074472 0074501 0074598 0074899 0074980 0074989 0075192 0075255 0375668 0075736 0075789 0075847 0076022 0076039 0076203 0076242 0076332 0076373 0076413 0076418 0276528 0076679 0276682 0376708 0076811 0276814 0276889 0077134 0077317 0077326 0077414 0077430 0077440 0377454 0277550 0077554 0077602 0077614 0377632 0077659 0077694 0077734 0377791 0077795 0377904 0078204 0078286 0078384 0078563 0078630 0078820 0079008 0079010 0079048 0079098 0279123 0079130 0079139 0079162 0279297 0379329 0279400 0079441 0079446 0079696 0079807 0079841 0379923 0279936 0080051 0080273 0080308 0080324 0080381 0380417 0080485 0080500 0380513 0080591 0280813 0080872 0380932 0081007 0081058 0081128 0481171 0381327 0081331 0081492 0081649 0081665 0081747 0081755 0281913 0081923 0081995 0082088 0282133 0082156 0382223 0082289 0082360 0382536 0082569 0082584 0082728 0082829 0083037 0083050 0383360 0283410 0083465 0083499 0083528 0083538 0283679 0083690 0083826 0083907 0083951 0084097 0084117 0084137 0084148 0084247 0384251 0084256 0084272 0384273 0084328 0084359 0284382 0384383 0384389 0384468 0284526 0084786 0084815 0084996 0085093 0085572 0085619 0085664 0385788 0086005 0086009 0086047 0086121 0086180 0086500 0086525 0086613 0286645 0086665 0286724 0086887 0087100 0087126 0087202 0087233 0287283 0287308 0087327 0387343 0087496 0087651 0087704 0087841 0088075 0088174 0088187 0088450 0088503 0288591 0088673 0088830 0288860 0088991 0089031 0089034 0089127 0089234 0389304 0089317 0089481 0089663 0089688 0089769 0089949 0090051 0090116 0090171 0090190 0090195 0090209 0090412 0290457 0090585 0090601 0091080 0091081 0091158 0091177 0291229 0091351 0091370 0091807 0091928 0292030 0292267 0092290 0092407 0092423 0092479 0292508 0092516 0092545 0092631 0092841 0092917 0292946 0092977 0293101 0093161 0093218 0293228 0093420 0093511 0293583 0093758 0093809 0093889 0093906 0093975 0093984 0094006 0094103 0094186 0394380 0094427 0094483 0094507 0094592 0094682 0394795 0094812 0094876 0095023 0095034 0095111 0095147 0095438 0095520 0095614 0095806 0395826 0095873 0096081 0296197 0096209 0296231 0096233 0096269 0096275 0096308 0096399 0096642 0096725 0096797 0096799 0296822 0096837 0096894 0296942 0397032 0097266 0097325 0097330 0297378 0097476 0097502 0097521 0097532 0297557 0297660 0097664 0097665 0097687 0097783 0097811 0097994 0098056 0098064 0098125 0098348 0098411 0098442 0098571 0098657 0098804 0098930 0399057 0099073 0099149 0099207 0099412 0099436 0099542 0099574 0099671 0399678 0099785 0099807 0099896 00100070 00100207 00100247 00100266 00100436 00100462 00100475 00100540 00100588 00100702 00100768 00100784 00100794 00100833 00100967 03101032 00101110 00101203 00101262 00101486 00101561 00101705 02101750 03101759 00101808 00101913 00101992 00102067 00102462 00102541 00102662 00102753 00102781 02102898 00102986 00103049 00103057 00103062 00103088 00103128 00103190 03103264 00103269 00103314 00103331 00103430 03103446 00103447 00103476 02103809 00103820 00103881 00103949 00104001 00104111 00104303 00104323 00104350 00104381 00104398 00104445 00104485 00104614 00104632 00104637 00104672 00104717 00104723 00104785 00104790 00104854 02104896 00104978 00105004 00105211 00105248 00105316 00105337 00105349 00105625 02105643 00105660 00105815 00106074 00106220 00106349 03106365 00106466 03106501 00106566 00106795 00106866 00106965 00107252 00107493 00107596 00107639 00107651 00107659 00107748 00107828 00107875 00107963 00107989 00108011 00108083 00108092 00108107 00108151 00108159 00108290 00108297 00108351 00108382 00108422 00108440 00108450 00108668 00108790 00108836 00108851 00108864 00109115 00109179 00109180 00109265 00109287 00109472 00109514 00109678 00109767 00109803 00110059 00110103 00110429 00110450 00110455 00110460 00110482 00110840 00110956 00111190 00111192 00111198 00111350 00111566 00111591 00111593 00111644 00111677 00111694 00111715 00111735 00111884 00112008 00112289 02112735 00112801 00112874 00112890 02112966 00112976 00113069 00113173 00113179 00113287 00113379 00113439 00113495 00113521
91621171 0537 02255 03352 03813 00821 041332 021355 041361 031425 031839 041953 041967 021989 042107 002121 022305 032415 042424 042473 022723 032731 042998 023007 043009 043059 043087 043220 003307 043712 033925 033961 023984 044136 004333 044533 044624 034755 034872 024885 024940 035122 035303 035460 005494 025540 025591 045738 025877 026561 026581 046780 046782 046838 037552 027674 047795 047959 048138 008318 008367 028403 048457 008488 038581 048604 028770 049090 029620 019699 0410055 0410282 0410338 0410357 0410360 0410363 0010370 0010826 0210828 0210903 0010955 0010958 0211075 0311093 0211141 0311445 0211674 0211714 0011965 0212157 0012216 0212314 0312381 0312827 0212964 0213096 0013161 0313217 0313266 0213274 0313506 0013557 0413696 0413820 0313990 0214043 0314178 0314211 0414382 0414398 0214776 0215309 0415381 0415694 0215696 0215830 0215912 0316041 0316061 0316105 0216113 0216249 0316369 0016518 0316567 0416604 0316709 0216771 0216781 0016831 0316871 0317085 0417135 0017247 0417310 0017337 0317519 0317702 0417703 0217923 0217990 0317995 0318007 0218092 0418137 0418442 0218610 0318633 0418657 0218676 0418772 0218779 0218938 0319072 0219097 0219106 0319171 0419264 0419478 0019483 0019640 0419728 0020162 0320271 0420408 0320575 0220866 0320950 0021027 0421274 0321288 0321346 0221396 0221555 0221558 0021794 0221925 0022131 0122242 0322455 0222739 0422754 0422779 0322932 0422955 0023243 0423308 0023375 0023400 0223434 0423463 0223472 0423484 0023583 0223601 0023894 0224035 0024116 0224534 0424539 0224708 0024772 0224872 0025029 0225031 0425376 0025629 0025777 0425806 0226005 0226150 0026286 0226487 0326583 0026750 0226768 0226920 0427172 0227275 0227521 0227878 0427926 0228051 0228054 0228068 0328223 0028323 0428324 0228418 0428442 0228472 0228697 0228875 0228940 0429017 0329737 0429743 0229925 0429972 0029996 0230099 0230256 0030300 0230393 0430737 0031517 0031579 0431830 0032007 0432106 0032269 0332404 0432427 0232646 0332769 0232858 0033013 0433758 0233795 0233823 0234167 0034219 0234237 0334564 0334847 0035283 0435421 0335657 0435726 0035844 0035860 0036454 0036619 0037032 0437394 0037404 0037557 0237608 0238260 0038360 0238435 0438648 0038740 0038833 0239175 0339412 0339494 0039520 0239596 0239963 0440083 0040133 0440244 0340645 0041106 0341200 0441385 0041397 0341713 0041834 0241947 0041964 0242036 0342574 0242943 0343453 0243517 0043611 0243974 0244286 0244414 0044510 0344666 0244903 0244932 0345105 0045285 0045557 0046078 0246113 0346118 0046361 0246500 0046513 0246659 0446672 0447470 0247492 0047519 0047754 0247797 0347986 0048054 0248381 0048624 0348696 0348736 0048916 0049138 0249313 0249483 0349539 0249578 0049581 0249650 0449840 0049910 0249967 0049978 0250115 0050230 0450288 0250391 0050445 0050688 0250695 0050863 0250880 0251057 0351065 0251088 0051095 0451118 0051162 0051304 0351440 0051540 0051934 0252215 0052439 0052458 0352688 0352792 0353066 0353106 0353109 0053117 0253397 0053410 0253548 0253970 0254076 0054595 0054739 0254866 0055132 0355372 0355719 0255724 0255756 0455840 0256124 0256166 0056773 0256858 0356946 0057187 0357196 0057217 0257399 0057421 0457463 0257472 0257627 0057705 0057786 0257820 0057842 0457954 0058068 0058136 0058379 0058525 0258732 0258808 0258901 0258931 0258944 0258985 0059294 0059395 0059669 0459758 0459911 0260149 0360175 0360385 0260601 0060797 0460840 0260991 0061000 0061132 0261430 0461496 0061741 0261766 0261831 0361935 0361954 0062222 0062280 0262377 0262505 0362665 0062697 0462719 0262771 0262836 0063115 0463154 0063176 0063233 0063865 0264402 0264488 0364554 0064709 0264746 0464761 0065142 0365770 0065830 0065914 0266041 0066081 0266347 0266548 0066676 0366811 0267073 0367382 0267718 0367736 0069019 0269058 0369064 0069507 0269517 0069738 0270009 0070019 0270298 0070474 0070941 0070982 0071415 0271621 0371824 0371890 0272286 0072452 0272475 0072739 0072756 0372805 0073229 0073246 0073386 0073430 0073473 0073572 0073677 0273898 0273958 0274005 0274453 0274478 0074847 0074917 0075119 0075148 0375268 0075384 0275671 0075687 0076001 0276349 0276503 0276507 0076595 0076604 0076772 0076784 0276891 0277178 0277513 0078142 0078145 0078267 0078908 0079025 0079204 0279274 0279331 0279496 0079715 0279946 0281177 0081273 0081362 0081843 0282016 0082058 0482672 0382701 0282736 0282943 0083136 0083274 0083469 0283680 0383833 0383999 0084131 0084136 0084188 0284341 0384518 0084566 0084636 0384920 0085115 0285123 0285266 0085309 0285310 0285346 0085511 0285523 0085624 0085731 0285765 0285927 0086030 0486144 0286167 0286192 0286263 0286506 0086740 0086756 0286995 0287051 0087095 0087192 0087396 0087797 0287957 0087973 0087984 0388350 0088612 0088858 0389218 0089459 0089479 0289568 0289620 0390159 0090329 0090553 0290571 0090635 0091012 0091152 0091253 0391513 0092104 0292179 0092286 0092361 0092746 0093089 0293174 0093235 0093267 0093319 0393328 0093541 0293615 0093675 0093771 0093902 0094060 0094469 0094605 0094691 0095101 0095546 0095693 0296128 0096170 0096214 0096298 0396333 0496692 0097086 0097291 0097359 0297375 0097436 0297641 0297666 0097913 0298195 0298318 0498435 0098440 0098666 0098676 0098829 0298937 0099087 0299426 0299964 02100133 03100258 00100563 02100737 00101112 00101499 02101571 00101578 00101635 02101639 00102023 02102037 02102070 02102209 02102242 00102861 00103105 00103158 00103181 00103315 00103852 03104086 00104087 02104115 02104133 00104156 03104272 00104282 00104312 00104641 00105694 00105807 00105961 00105988 02106212 02106215 02106435 00106725 00106784 03106798 00106835 00106901 00107303 00107329 00107690 00107695 02107723 02107850 00108130 00108272 00108550 00108620 03108637 00108651 00108850 00109059 00109298 00109421 00109552 00109601 02109646 00110205 00110281 00110713 00110897 00111385 02111723 00111778 00111905 00111973 00112025 00112136 02112712 00112911 00113096 00113264 00113401 02113560
91621181 0514 0615 0529 0630 0278 03149 03184 04239 04322 03408 02630 02743 03819 03833 03887 02927 00944 02957 03972 03993 03995 031033 031173 041277 021375 031421 031508 001541 041564 031574 041578 031579 031611 031745 041774 001834 001837 021962 042006 042029 032098 032272 002278 032291 032336 032342 032345 002413 032448 042579 042605 032611 002651 042728 032812 042832 032956 003222 033269 043301 003459 033587 033756 033882 033900 033903 023904 033939 043947 044012 034078 044185 044223 034239 024380 034461 034543 034591 034739 014793 034805 034939 045033 035080 005114 005123 035206 035262 035306 035323 035347 035495 005574 035604 045653 045737 035739 035806 035835 035891 035994 006095 006173 006176 036226 036380 046406 036791 026867 046947 037008 007064 037136 007150 037313 037456 037765 037793 037802 007883 037921 027925 048196 038239 038301 028305 048376 048389 038430 038433 028459 038468 008707 038786 008811 039051 009061 039076 039170 039297 039299 039341 029474 029481 039519 039544 029564 009634 039738 049814 029899 039974 0410001 0010041 0310062 0410084 0310153 0210233 0310447 0010494 0310714 0210766 0010889 0410988 0211250 0411264 0311299 0311301 0311417 0311419 0011472 0211493 0411580 0311608 0311670 0311747 0111813 0311851 0211900 0011930 0411984 0312235 0412237 0312329 0312356 0312434 0312492 0312499 0012580 0312620 0212756 0012784 0312858 0312877 0313387 0313521 0313532 0013583 0313585 0313668 0313861 0313896 0313920 0313943 0314074 0414108 0314174 0014304 0314347 0314457 0314492 0014684 0314808 0314950 0314971 0215168 0315201 0315293 0315361 0415496 0415518 0315556 0315560 0315627 0315641 0315893 0215903 0015969 0316031 0216114 0316175 0316209 0316338 0316375 0016405 0316421 0316448 0416469 0016707 0316786 0316832 0316876 0416905 0016929 0316961 0216970 0417024 0317036 0317240 0317273 0317335 0317394 0317542 0417559 0217647 0317655 0317658 0317824 0317846 0317860 0317965 0317985 0218002 0318032 0318243 0418255 0318259 0018311 0318349 0318388 0418552 0318562 0318569 0218587 0418612 0318626 0218651 0218662 0318717 0318761 0318857 0218865 0318914 0318937 0319042 0319078 0019211 0319230 0319282 0219358 0319361 0319473 0019517 0219542 0419597 0319656 0319678 0319684 0319724 0319813 0019856 0319875 0319923 0319966 0020006 0320043 0320074 0320113 0320279 0020322 0320373 0320401 0320443 0320468 0320501 0020538 0220551 0320640 0220672 0320683 0420745 0320787 0020826 0320929 0320958 0221000 0321036 0421089 0321091 0021102 0321156 0321205 0321371 0321541 0321730 0321764 0321792 0321880 0221898 0321933 0221975 0422067 0422175 0022220 0322224 0222314 0322320 0322330 0222481 0222516 0222596 0322632 0322665 0022680 0322715 0322741 0022760 0022817 0422832 0322906 0322929 0323025 0023048 0023059 0323133 0323139 0423233 0323271 0423374 0223379 0023417 0423430 0223461 0023540 0223544 0223720 0323766 0323880 0324022 0324113 0324274 0324276 0324448 0024582 0324711 0324778 0224790 0324802 0324856 0324877 0324881 0324919 0324981 0225041 0325070 0325081 0325124 0325173 0025255 0325263 0325298 0325515 0325523 0325595 0225620 0325664 0325820 0325861 0325911 0426050 0326115 0426362 0326520 0026548 0326572 0326615 0226620 0326628 0326711 0326716 0326874 0226907 0326933 0327002 0327028 0427110 0327161 0327285 0327390 0327488 0027496 0327665 0327673 0327772 0327825 0027889 0027943 0328024 0328026 0328036 0328098 0328114 0328240 0328247 0428253 0028254 0328297 0328303 0228308 0028484 0328548 0228626 0328699 0328790 0328830 0328902 0328923 0328965 0329014 0029033 0329094 0329373 0329400 0329474 0029488 0329518 0329566 0229595 0329673 0329770 0329779 0329840 0329861 0029863 0330026 0330216 0330221 0030276 0330340 0030414 0030436 0030493 0330523 0230585 0030827 0030862 0330883 0330975 0431014 0231085 0031280 0431352 0331353 0331412 0331492 0331498 0031545 0331665 0331693 0331738 0331804 0031825 0231838 0331885 0331932 0032037 0232136 0332199 0032255 0332466 0032469 0332500 0032596 0332657 0332698 0032752 0332894 0033076 0333092 0033208 0333223 0333290 0033370 0233425 0033533 0333627 0333688 0033692 0233769 0233882 0334021 0334060 0434164 0334192 0334285 0334303 0234330 0334343 0334458 0334489 0034541 0334620 0334804 0334844 0334868 0234908 0334959 0035108 0335196 0035342 0335414 0335438 0235448 0035679 0235710 0335757 0335917 0335932 0336072 0436098 0036104 0336110 0336202 0336235 0336240 0336291 0036497 0036689 0336734 0336755 0336760 0036845 0436850 0236994 0337003 0337056 0337070 0337233 0337289 0337312 0337329 0337349 0337387 0337475 0437580 0237688 0037750 0337764 0337948 0037974 0037980 0438255 0338297 0338361 0338474 0338494 0238610 0338718 0238722 0038825 0338843 0339003 0339009 0339131 0039257 0339258 0339280 0239425 0339455 0339708 0339764 0339951 0240087 0040165 0340358 0340372 0240392 0240453 0040464 0340510 0340641 0340763 0340780 0040792 0040800 0340857 0240961 0341153 0241185 0341292 0041472 0441529 0241668 0041683 0341707 0241823 0041907 0041988 0242125 0342183 0242258 0242484 0242490 0242548 0342595 0042675 0042827 0343093 0043155 0243163 0043309 0043330 0343513 0043518 0043521 0443604 0043756 0243855 0343867 0243888 0043926 0043984 0344008 0344023 0044112 0044159 0344169 0444202 0344211 0044215 0344383 0244523 0344555 0344568 0344580 0244590 0044635 0344766 0344916 0344967 0244997 0345000 0345040 0245109 0345168 0045244 0345260 0345441 0345471 0245583 0345661 0345740 0345794 0345823 0245857 0345889 0346024 0246061 0346062 0346211 0246248 0346305 0346394 0046404 0246447 0346594 0346625 0246689 0346728 0346757 0046765 0046775 0246821 0046829 0046905 0047080 0347103 0047115 0047222 0347271 0247297 0047564 0347597 0347636 0347653 0347676 0347712 0247718 0347783 0347796 0347840 0047880 0347906 0347937 0048024 0048075 0048133 0248286 0348300 0248309 0348312 0348333 0348345 0448405 0348424 0048482 0348668 0248694 0048880 0248886 0048892 0349003 0349007 0349068 0049094 0049110 0049131 0349152 0049156 0349164 0349195 0249232 0349251 0349288 0249347 0049353 0349656 0349710 0249779 0349781 0350004 0350113 0350327 0050359 0050592 0050674 0050753 0350845 0450972 0351035 0351070 0051073 0351080 0051092 0351149 0351207 0351291 0351412 0351519 0251598 0251795 0451820 0351832 0251837 0351950 0052023 0352025 0352065 0052132 0052315 0352327 0352357 0352388 0352453 0052614 0252622 0252647 0352650 0352855 0352859 0352974 0252982 0252997 0353017 0053311 0053425 0253561 0353655 0353728 0353769 0053793 0353881 0353888 0053909 0253944 0053951 0054022 0354121 0354129 0254148 0354163 0354174 0354229 0354283 0254304 0354702 0354727 0354752 0054831 0054887 0354901 0254913 0355054 0355068 0355147 0355181 0255206 0355277 0355313 0355353 0355375 0355387 0355458 0055610 0055677 0255700 0355798 0055850 0255931 0355938 0055971 0356007 0056035 0356069 0056078 0056256 0256308 0356315 0356329 0356386 0356407 0356429 0056500 0356574 0356614 0356620 0356818 0356831 0056866 0356873 0356965 0357079 0057143 0057444 0357513 0057554 0057559 0357567 0257607 0257632 0057746 0357764 0057770 0058003 0358139 0358155 0058431 0358592 0058607 0358645 0358659 0258816 0358879 0358888 0358920 0259029 0059049 0059086 0359087 0359175 0059316 0059389 0359399 0259517 0359520 0259548 0359606 0259635 0259663 0059719 0359775 0359788 0059854 0359857 0059960 0360001 0360020 0360292 0260318 0260444 0260452 0360458 0060489 0360523 0360563 0060707 0060747 0060977 0261095 0261456 0461474 0361589 0061702 0361725 0361816 0061848 0362468 0062585 0362623 0062669 0062702 0362833 0363029 0363081 0363157 0063158 0063346 0063354 0363481 0363502 0263511 0363546 0063705 0363734 0363738 0263846 0263900 0363913 0364206 0064374 0064394 0064397 0064509 0064521 0064570 0064599 0064723 0264836 0064880 0364912 0264914 0064963 0265071 0265135 0365137 0365256 0365264 0065422 0365630 0465645 0365704 0365803 0065848 0365879 0066331 0066401 0066425 0066663 0266697 0366837 0366927 0267008 0067055 0367153 0267199 0067221 0367280 0267282 0067396 0367446 0267458 0067506 0067563 0067578 0067614 0367690 0267813 0267881 0267944 0367980 0368100 0068172 0368186 0468192 0068353 0068363 0068390 0368439 0368536 0068548 0368663 0068740 0268761 0068771 0368928 0368974 0069178 0069244 0069300 0369417 0369493 0369504 0269537 0069953 0370091 0370212 0370245 0270252 0070268 0370602 0070684 0370799 0370932 0371013 0071031 0071284 0071294 0371312 0371428 0071553 0071655 0271723 0071736 0071967 0372016 0372098 0372176 0372249 0072277 0372331 0272410 0072528 0272530 0072697 0072970 0373001 0073035 0073119 0373141 0373348 0373370 0273394 0073433 0073447 0373525 0273645 0073713 0273785 0074055 0074058 0074171 0074173 0074182 0074205 0474230 0074264 0074336 0374624 0275131 0075450 0075525 0075744 0075778 0375950 0075993 0076035 0076073 0276098 0076307 0076548 0076569 0076729 0076738 0077195 0377252 0077443 0277516 0077525 0277610 0377663 0277736 0377751 0377891 0377893 0377966 0377971 0078152 0078243 0078250 0278376 0378387 0379055 0379142 0279216 0079236 0079374 0079421 0379440 0079490 0079557 0079584 0079957 0379987 0379990 0080100 0080134 0380173 0380305 0380377 0380547 0280595 0380763 0380964 0281065 0381078 0381196 0381440 0281462 0281767 0281808 0381869 0081912 0081961 0381966 0082245 0082283 0382317 0082367 0282538 0282581 0082589 0082619 0382631 0382638 0082640 0382656 0282754 0082975 0083001 0083065 0083198 0083525 0083562 0083641 0383652 0083675 0083829 0084146 0084240 0084291 0084604 0384674 0084820 0084866 0385013 0085173 0085254 0285398 0085470 0285743 0385847 0285870 0085910 0385981 0086012 0386046 0386293 0086427 0386459 0086811 0286965 0087121 0387123 0087127 0387177 0387224 0087508 0087530 0087570 0087593 0087608 0387631 0087685 0387759 0087860 0388042 0288072 0088216 0088326 0288389 0388464 0088765 0089091 0089275 0089488 0089509 0089632 0389684 0089782 0389906 0089965 0089972 0390006 0390134 0390188 0390233 0390279 0290418 0290473 0090958 0091548 0091581 0091631 0091643 0091882 0091892 0292028 0092108 0292257 0092386 0392437 0092601 0092624 0092659 0292712 0392752 0392786 0092827 0092897 0292906 0292971 0093006 0093043 0093087 0093120 0093122 0393127 0293342 0093379 0293427 0093474 0093589 0293603 0393695 0094025 0294081 0394091 0094145 0394238 0094327 0094705 0094708 0294804 0394902 0095051 0095058 0095173 0295306 0295411 0095557 0095685 0095758 0295759 0395794 0395840 0096624 0396644 0096731 0396900 0096970 0397006 0097186 0097306 0297318 0097380 0097430 0097482 0397524 0097537 0097651 0297685 0297707 0097852 0097904 0098068 0098164 0298311 0098562 0398605 0098606 0098679 0098755 0098889 0398892 0098894 0098984 0099094 0099161 0299191 0299271 0299550 0099643 0099830 0299849 0099859 0099861 0399967 02100024 03100058 00100263 00100465 00100567 00100617 00100652 02100722 02100776 00100798 00100892 02100897 03100939 00101273 03101371 03101507 00101626 00101792 00101803 00101937 02102045 00102322 00102324 00102357 00102365 03102447 00102598 00102658 03102970 02102975 02103127 00103162 02103306 02103328 00103336 00103428 00103617 00103667 00103741 00103899 00103926 02103931 00103957 03103978 00104531 00104553 02104716 00104803 02104912 00105074 00105239 00105457 00105464 00105879 00105967 03106036 00106152 00106195 02106226 00106287 00106572 00106664 00106742 00107096 03107101 00107120 00107127 00107911 00108129 02108132 03108174 00108202 00108250 00108441 00108444 00108545 00108546 03108566 00108995 03109153 00109174 00109221 03109238 00109263 02109363 00109378 03109477 00109631 00109879 00109957 03110157 00110250 00110295 02110342 00110394 03110651 02110796 00110913 00110932 00110950 03111181 03111249 00111272 02111302 00111317 00111578 00111790 02112028 00112166 00112221 00112285 00112344 02112382 03112385 03112491 00112707 00113023 00113030 00113283 00113353 03113403
91621191 03155 02621 03805 001750 001930 032094 032529 002724 012798 002845 032847 042896 002957 003279 043516 034234 044916 034955 035083 035203 025927 006625 006911 007082 007084 047878 028856 048881 009196 039272 049591 0210277 0010650 0210865 0411915 0012080 0412577 0212845 0313044 0313053 0013117 0013212 0013463 0313677 0213767 0214062 0414615 0014654 0015035 0015192 0215193 0315312 0015405 0215678 0015742 0016018 0316277 0016346 0016479 0217068 0317204 0017340 0417490 0217546 0319973 0020035 0020266 0020484 0020498 0420668 0020881 0021222 0221501 0321658 0321765 0421959 0321964 0022000 0222017 0022181 0422717 0022731 0322782 0322898 0322956 0323409 0023475 0023547 0023631 0023651 0024125 0225050 0025392 0025703 0225742 0025920 0426082 0026258 0026643 0326833 0027106 0427181 0027271 0327345 0027455 0027669 0028221 0228608 0228735 0028820 0328845 0028968 0029072 0429990 0330192 0030329 0030442 0030474 0330608 0331534 0231755 0331920 0032094 0332695 0032739 0332884 0232888 0032974 0133131 0033293 0233432 0033548 0433864 0033973 0034004 0234190 0034520 0335006 0235722 0035775 0235977 0236643 0036836 0036996 0037474 0037476 0037575 0237798 0038220 0238402 0238420 0038885 0339096 0039256 0039291 0039870 0040072 0040084 0040101 0040115 0240249 0040587 0040703 0040717 0040719 0040731 0041569 0041572 0241604 0241754 0041804 0241869 0041897 0042131 0042362 0042486 0442586 0342910 0343081 0044015 0044035 0044332 0044587 0044604 0044682 0044771 0044772 0245408 0045559 0345654 0046397 0346731 0046901 0047161 0247988 0248016 0248118 0348907 0348950 0049117 0349188 0049208 0249356 0049385 0349391 0249414 0049468 0349723 0049737 0349789 0050351 0350443 0050630 0051168 0051314 0051467 0351544 0052128 0052260 0052351 0352617 0352722 0053153 0253159 0053518 0253815 0053904 0254075 0054095 0054156 0254611 0054724 0054780 0255026 0355230 0055243 0055349 0255479 0055683 0055797 0055960 0056137 0056141 0056340 0056892 0056991 0057004 0057549 0257600 0057666 0257699 0058321 0358459 0058465 0058793 0258797 0058801 0059474 0359645 0259946 0060129 0060619 0060648 0260877 0061277 0361499 0061516 0261901 0261985 0062350 0062379 0062442 0062780 0063034 0263042 0263102 0063137 0063219 0063282 0363336 0363362 0263584 0063629 0063633 0363790 0264060 0064355 0064706 0064721 0064794 0065377 0065433 0265605 0065904 0065916 0065973 0066177 0266214 0066220 0066658 0067095 0067369 0467576 0067642 0067709 0067807 0368180 0268296 0368425 0068471 0068479 0068586 0068595 0368737 0068794 0068809 0269565 0369612 0269902 0069905 0070267 0270520 0070611 0070814 0070902 0071016 0071692 0071699 0071812 0071870 0072826 0273049 0073646 0373994 0074013 0074232 0074932 0075024 0075319 0075696 0075827 0375879 0076365 0276600 0077238 0077297 0077421 0277429 0078151 0078312 0078678 0078831 0279210 0079287 0079342 0079636 0079698 0079863 0079935 0280027 0080337 0080718 0080721 0080725 0081011 0081620 0082022 0082037 0082039 0082059 0282094 0082132 0082182 0082290 0082341 0082399 0082562 0082698 0082732 0082827 0082898 0083030 0083179 0083260 0283345 0083396 0083635 0083771 0083816 0483911 0083973 0085049 0085357 0085625 0085721 0285909 0085955 0085959 0086611 0086702 0087184 0087448 0387590 0087686 0087862 0287905 0287971 0388294 0088506 0088620 0089029 0089130 0289510 0089550 0389651 0089753 0089950 0090140 0090243 0090481 0090515 0290685 0090720 0091058 0091157 0091176 0091314 0391396 0091580 0091590 0091608 0091685 0092059 0092230 0092390 0092431 0092664 0092870 0293135 0093262 0093323 0293532 0394551 0094784 0294992 0095074 0095177 0095267 0095355 0095387 0096598 0097204 0097230 0097271 0097950 0098124 0098257 0298405 0098576 0098650 0099012 0099865 0099928 00100350 02100403 02100486 00100534 00101201 00101212 00101281 00101321 00101473 00101583 00101713 00101875 00102104 00102634 00102654 00103242 00103512 00103597 00103764 00104190 00104196 00104281 00104404 00104504 00104750 00104851 00106111 00106375 00106555 00106619 00106710 00107180 03107265 00107282 00107431 00107569 00107645 00107671 00107803 00108338 00108619 00108700 00109181 00109194 00109312 00109634 00109818 00109884 00109948 00110680 00110742 00110972 00111083 00111783 00111800 00111816 00112004 00112040 00112626 00112860 02112972 00113000 00113155 00113216 00113407 00113496
